{
 "type": "FeatureCollection",
 "features": [
  {
   "type": "Feature",
   "geometry": {
    "type": "Point",
    "coordinates": [
     2.361011,
     47.060926
    ]
   },
   "properties": {
    "name": "FRA01800002 — BOURGES_AERODROME",
    "description": "**Scope de maintenance** : EV\n**Verdict d'autonomie** : a_confirmer\n**Motif du verdict** : fiche d'accès vide\n**Équipe affectée** : Manu\n**Semaine ISO d'intervention** : 37\n**Campagne d'appartenance** : Espaces Verts 2026 P2-ENSIO\n**Donneur d'ordre de la campagne** : TOTEM\n**Colonne Ressources du périmètre** : SEE ALL (ST ENSIO)\n**Provenance du repère** : import\n**Adresse du site** : 14 Rue Charles Durand\n**Numéro de département** : 18\n**Nom du site** : BOURGES_AERODROME\n**Coordonnées** : 47.060926, 2.361011\n[[https://www.google.com/maps?q=47.060926,2.361011|Google Maps 🌍]] · [[https://www.google.com/maps/@?api=1&map_action=pano&viewpoint=47.060926,2.361011|Street View]]\n**Déchèteries pro les plus proches** :\n[[https://www.google.com/maps?q=47.0042,2.25801|Déchèterie de Saint Florent sur Cher (Saint-Florent-sur-Cher, 10.0 km)]] — 0248551601\n[[https://www.google.com/maps?q=47.1388,2.24156|Déchèterie de Mehun sur Yèvre (Mehun-sur-Yèvre, 12.5 km)]] — 0800897730\n[[https://www.google.com/maps?q=46.9356,2.39866|Déchèterie de Levet (Levet, 14.2 km)]] — 0248606689\n[[https://www.google.com/maps/search/d%C3%A9ch%C3%A8terie/@47.060926,2.361011,12z|Toutes les déchèteries autour du site 🗑️]]",
    "origine": "import",
    "campagne": "Espaces Verts 2026 P2-ENSIO",
    "towerco": "TOTEM",
    "ressources": "SEE ALL (ST ENSIO)",
    "nom_site": "BOURGES_AERODROME",
    "adresse": "14 Rue Charles Durand",
    "departement": "18",
    "scope": "EV",
    "equipe": "Manu",
    "semaine": 37,
    "calque": "mp-ev-2026-p2-ensio",
    "code_fra": "FRA01800002",
    "acces_autonome": "a_confirmer",
    "acces_motif": "fiche d'accès vide",
    "_umap_options": {
     "color": "#67718A",
     "iconClass": "Ball",
     "iconUrl": "M"
    }
   }
  },
  {
   "type": "Feature",
   "geometry": {
    "type": "Point",
    "coordinates": [
     2.34508,
     47.045455
    ]
   },
   "properties": {
    "name": "FRA01800003 — BOURGES_PIPACT",
    "description": "**Scope de maintenance** : EV\n**Verdict d'autonomie** : a_confirmer\n**Motif du verdict** : fiche d'accès vide\n**Équipe affectée** : Manu\n**Semaine ISO d'intervention** : 37\n**Campagne d'appartenance** : Espaces Verts 2026 P2-ENSIO\n**Donneur d'ordre de la campagne** : TOTEM\n**Colonne Ressources du périmètre** : SEE ALL (ST ENSIO)\n**Provenance du repère** : import\n**Adresse du site** : Péage A71. sortie 7\n**Numéro de département** : 18\n**Nom du site** : BOURGES_PIPACT\n**Coordonnées** : 47.045455, 2.345080\n[[https://www.google.com/maps?q=47.045455,2.345080|Google Maps 🌍]] · [[https://www.google.com/maps/@?api=1&map_action=pano&viewpoint=47.045455,2.345080|Street View]]\n**Déchèteries pro les plus proches** :\n[[https://www.google.com/maps?q=47.0042,2.25801|Déchèterie de Saint Florent sur Cher (Saint-Florent-sur-Cher, 8.0 km)]] — 0248551601\n[[https://www.google.com/maps?q=46.9356,2.39866|Déchèterie de Levet (Levet, 12.9 km)]] — 0248606689\n[[https://www.google.com/maps?q=47.1388,2.24156|Déchèterie de Mehun sur Yèvre (Mehun-sur-Yèvre, 13.0 km)]] — 0800897730\n[[https://www.google.com/maps/search/d%C3%A9ch%C3%A8terie/@47.045455,2.345080,12z|Toutes les déchèteries autour du site 🗑️]]",
    "origine": "import",
    "campagne": "Espaces Verts 2026 P2-ENSIO",
    "towerco": "TOTEM",
    "ressources": "SEE ALL (ST ENSIO)",
    "nom_site": "BOURGES_PIPACT",
    "adresse": "Péage A71. sortie 7",
    "departement": "18",
    "scope": "EV",
    "equipe": "Manu",
    "semaine": 37,
    "calque": "mp-ev-2026-p2-ensio",
    "code_fra": "FRA01800003",
    "acces_autonome": "a_confirmer",
    "acces_motif": "fiche d'accès vide",
    "_umap_options": {
     "color": "#67718A",
     "iconClass": "Ball",
     "iconUrl": "M"
    }
   }
  },
  {
   "type": "Feature",
   "geometry": {
    "type": "Point",
    "coordinates": [
     2.423566,
     47.075244
    ]
   },
   "properties": {
    "name": "FRA01800008 — BOURGES_PIGNOUX",
    "description": "**Scope de maintenance** : EV\n**Verdict d'autonomie** : a_confirmer\n**Motif du verdict** : fiche d'accès vide\n**Campagne d'appartenance** : Espaces Verts 2026 P2-ENSIO\n**Donneur d'ordre de la campagne** : TOTEM\n**Colonne Ressources du périmètre** : SEE ALL (ST ENSIO)\n**Provenance du repère** : import\n**Adresse du site** : 6 Route de Guerry\n**Numéro de département** : 18\n**Nom du site** : BOURGES_PIGNOUX\n**Coordonnées** : 47.075244, 2.423566\n[[https://www.google.com/maps?q=47.075244,2.423566|Google Maps 🌍]] · [[https://www.google.com/maps/@?api=1&map_action=pano&viewpoint=47.075244,2.423566|Street View]]\n**Déchèteries pro les plus proches** :\n[[https://www.google.com/maps?q=47.0042,2.25801|Déchèterie de Saint Florent sur Cher (Saint-Florent-sur-Cher, 14.8 km)]] — 0248551601\n[[https://www.google.com/maps?q=47.1388,2.24156|Déchèterie de Mehun sur Yèvre (Mehun-sur-Yèvre, 15.5 km)]] — 0800897730\n[[https://www.google.com/maps?q=46.9356,2.39866|Déchèterie de Levet (Levet, 15.6 km)]] — 0248606689\n[[https://www.google.com/maps/search/d%C3%A9ch%C3%A8terie/@47.075244,2.423566,12z|Toutes les déchèteries autour du site 🗑️]]",
    "origine": "import",
    "campagne": "Espaces Verts 2026 P2-ENSIO",
    "towerco": "TOTEM",
    "ressources": "SEE ALL (ST ENSIO)",
    "nom_site": "BOURGES_PIGNOUX",
    "adresse": "6 Route de Guerry",
    "departement": "18",
    "scope": "EV",
    "calque": "mp-ev-2026-p2-ensio",
    "code_fra": "FRA01800008",
    "acces_autonome": "a_confirmer",
    "acces_motif": "fiche d'accès vide",
    "_umap_options": {
     "color": "#67718A",
     "iconClass": "Ball"
    }
   }
  },
  {
   "type": "Feature",
   "geometry": {
    "type": "Point",
    "coordinates": [
     2.421873,
     47.086985
    ]
   },
   "properties": {
    "name": "FRA01800015 — BOURGES_CHARLET",
    "description": "**Scope de maintenance** : EV\n**Verdict d'autonomie** : autonome\n**Motif du verdict** : clé électronique ILOQ ou ABLOY\n**Numéro de DAS** : DAS-N0220135\n**Statut de la DAS** : Acceptée\n**Début de validité** : 2026-08-25\n**Fin de validité** : 2026-08-27\n**Origine de la DAS** : airtable\n**Équipe affectée** : Manu\n**Semaine ISO d'intervention** : 37\n**Campagne d'appartenance** : Espaces Verts 2026 P2-ENSIO\n**Donneur d'ordre de la campagne** : TOTEM\n**Colonne Ressources du périmètre** : SEE ALL (ST ENSIO)\n**Provenance du repère** : import\n**Adresse du site** : 6 Chaussée de Chappe\n**Numéro de département** : 18\n**Nom du site** : BOURGES_CHARLET\n**Coordonnées** : 47.086985, 2.421873\n[[https://www.google.com/maps?q=47.086985,2.421873|Google Maps 🌍]] · [[https://www.google.com/maps/@?api=1&map_action=pano&viewpoint=47.086985,2.421873|Street View]]\n**Déchèteries pro les plus proches** :\n[[https://www.google.com/maps?q=47.2163,2.40139|Déchèterie de Saint Martin d'Auxigny (Saint-Martin-d'Auxigny, 14.5 km)]] — 0248645502\n[[https://www.google.com/maps?q=47.1388,2.24156|Déchèterie de Mehun sur Yèvre (Mehun-sur-Yèvre, 14.8 km)]] — 0800897730\n[[https://www.google.com/maps?q=47.0042,2.25801|Déchèterie de Saint Florent sur Cher (Saint-Florent-sur-Cher, 15.5 km)]] — 0248551601\n[[https://www.google.com/maps/search/d%C3%A9ch%C3%A8terie/@47.086985,2.421873,12z|Toutes les déchèteries autour du site 🗑️]]\n\n**Fiche d'accès**\nDigicode: NON\nBadge:\nBoite à clés: Non\nPortail / Portillon: Electronique\nDélais de prévenance:\n\nAccès équipement(s):\nBadge:\nClés: Clé électronique ILOQ\nCadenas:\n\nAccès aérien(s):\nDigicode:\nBadge:\nClés: Clé mécanique - Clé électronique ABLOY\nCadenas:\n\nCommentaire d'accès:",
    "origine": "import",
    "campagne": "Espaces Verts 2026 P2-ENSIO",
    "towerco": "TOTEM",
    "ressources": "SEE ALL (ST ENSIO)",
    "nom_site": "BOURGES_CHARLET",
    "adresse": "6 Chaussée de Chappe",
    "departement": "18",
    "scope": "EV",
    "das_numero": "DAS-N0220135",
    "das_statut": "Acceptée",
    "das_debut": "2026-08-25",
    "das_fin": "2026-08-27",
    "das_provenance": "airtable",
    "acces_detail": "Digicode: NON\nBadge:\nBoite à clés: Non\nPortail / Portillon: Electronique\nDélais de prévenance:\n\nAccès équipement(s):\nBadge:\nClés: Clé électronique ILOQ\nCadenas:\n\nAccès aérien(s):\nDigicode:\nBadge:\nClés: Clé mécanique - Clé électronique ABLOY\nCadenas:\n\nCommentaire d'accès:",
    "equipe": "Manu",
    "semaine": 37,
    "calque": "mp-ev-2026-p2-ensio",
    "code_fra": "FRA01800015",
    "acces_autonome": "autonome",
    "acces_motif": "clé électronique ILOQ ou ABLOY",
    "_umap_options": {
     "color": "#67718A",
     "iconClass": "Ball",
     "iconUrl": "M"
    }
   }
  },
  {
   "type": "Feature",
   "geometry": {
    "type": "Point",
    "coordinates": [
     2.076823,
     47.198316
    ]
   },
   "properties": {
    "name": "FRA01800021 — VIERZON_MOSCOU",
    "description": "**Scope de maintenance** : EV\n**Verdict d'autonomie** : a_confirmer\n**Motif du verdict** : fiche d'accès vide\n**Campagne d'appartenance** : Espaces Verts 2026 P2-ENSIO\n**Donneur d'ordre de la campagne** : TOTEM\n**Colonne Ressources du périmètre** : SEE ALL (ST ENSIO)\n**Provenance du repère** : import\n**Adresse du site** : Chemin du Planton\n**Numéro de département** : 18\n**Nom du site** : VIERZON_MOSCOU\n**Coordonnées** : 47.198316, 2.076823\n[[https://www.google.com/maps?q=47.198316,2.076823|Google Maps 🌍]] · [[https://www.google.com/maps/@?api=1&map_action=pano&viewpoint=47.198316,2.076823|Street View]]\n**Déchèteries pro les plus proches** :\n[[https://www.google.com/maps?q=47.1292,2.07192|Déchèterie de Lury sur Arnon (Lury-sur-Arnon, 7.7 km)]] — 0248517382\n[[https://www.google.com/maps?q=47.1943,2.1827|Déchèterie de Vignoux sur Barangeon (Vignoux-sur-Barangeon, 8.0 km)]] — 0248515419\n[[https://www.google.com/maps?q=47.3183,2.03963|Déchèterie de Theillay (Theillay, 13.6 km)]] — 0254885828\n[[https://www.google.com/maps/search/d%C3%A9ch%C3%A8terie/@47.198316,2.076823,12z|Toutes les déchèteries autour du site 🗑️]]",
    "origine": "import",
    "campagne": "Espaces Verts 2026 P2-ENSIO",
    "towerco": "TOTEM",
    "ressources": "SEE ALL (ST ENSIO)",
    "nom_site": "VIERZON_MOSCOU",
    "adresse": "Chemin du Planton",
    "departement": "18",
    "scope": "EV",
    "calque": "mp-ev-2026-p2-ensio",
    "code_fra": "FRA01800021",
    "acces_autonome": "a_confirmer",
    "acces_motif": "fiche d'accès vide",
    "_umap_options": {
     "color": "#67718A",
     "iconClass": "Ball"
    }
   }
  },
  {
   "type": "Feature",
   "geometry": {
    "type": "Point",
    "coordinates": [
     2.038807,
     47.239397
    ]
   },
   "properties": {
    "name": "FRA01800023 — VIERZON_A20",
    "description": "**Scope de maintenance** : EV\n**Verdict d'autonomie** : autonome\n**Motif du verdict** : clé électronique ILOQ ou ABLOY\n**Numéro de DAS** : DAS-N0227595\n**Statut de la DAS** : Acceptée\n**Début de validité** : 2026-09-07\n**Fin de validité** : 2026-09-07\n**Origine de la DAS** : airtable\n**Campagne d'appartenance** : Espaces Verts 2026 P2-ENSIO\n**Donneur d'ordre de la campagne** : TOTEM\n**Colonne Ressources du périmètre** : SEE ALL (ST ENSIO)\n**Provenance du repère** : import\n**Adresse du site** : Chemin des terres du Verdin\n**Numéro de département** : 18\n**Nom du site** : VIERZON_A20\n**Coordonnées** : 47.239397, 2.038807\n[[https://www.google.com/maps?q=47.239397,2.038807|Google Maps 🌍]] · [[https://www.google.com/maps/@?api=1&map_action=pano&viewpoint=47.239397,2.038807|Street View]]\n**Déchèteries pro les plus proches** :\n[[https://www.google.com/maps?q=47.3183,2.03963|Déchèterie de Theillay (Theillay, 8.8 km)]] — 0254885828\n[[https://www.google.com/maps?q=47.1943,2.1827|Déchèterie de Vignoux sur Barangeon (Vignoux-sur-Barangeon, 12.0 km)]] — 0248515419\n[[https://www.google.com/maps?q=47.1292,2.07192|Déchèterie de Lury sur Arnon (Lury-sur-Arnon, 12.5 km)]] — 0248517382\n[[https://www.google.com/maps/search/d%C3%A9ch%C3%A8terie/@47.239397,2.038807,12z|Toutes les déchèteries autour du site 🗑️]]\n\n**Fiche d'accès**\nDigicode: NON\nBadge: NON\nBoite à clés:\nPortail / Portillon: Electronique SO\nDélais de prévenance:\n\nAccès équipement(s):\nBadge:\nClés: Clé électronique ABLOY\nCadenas:\n\nAccès aérien(s):\nDigicode:\nBadge:\nClés:\nCadenas:\n\nCommentaire d'accès: 18/05/2026 Cockpit O+M / A\nCode cadenas sur portillon : 1881",
    "origine": "import",
    "campagne": "Espaces Verts 2026 P2-ENSIO",
    "towerco": "TOTEM",
    "ressources": "SEE ALL (ST ENSIO)",
    "nom_site": "VIERZON_A20",
    "adresse": "Chemin des terres du Verdin",
    "departement": "18",
    "scope": "EV",
    "das_numero": "DAS-N0227595",
    "das_statut": "Acceptée",
    "das_debut": "2026-09-07",
    "das_fin": "2026-09-07",
    "das_provenance": "airtable",
    "acces_detail": "Digicode: NON\nBadge: NON\nBoite à clés:\nPortail / Portillon: Electronique SO\nDélais de prévenance:\n\nAccès équipement(s):\nBadge:\nClés: Clé électronique ABLOY\nCadenas:\n\nAccès aérien(s):\nDigicode:\nBadge:\nClés:\nCadenas:\n\nCommentaire d'accès: 18/05/2026 Cockpit O+M / A\nCode cadenas sur portillon : 1881",
    "calque": "mp-ev-2026-p2-ensio",
    "code_fra": "FRA01800023",
    "acces_autonome": "autonome",
    "acces_motif": "clé électronique ILOQ ou ABLOY",
    "_umap_options": {
     "color": "#67718A",
     "iconClass": "Ball"
    }
   }
  },
  {
   "type": "Feature",
   "geometry": {
    "type": "Point",
    "coordinates": [
     2.422489,
     47.184158
    ]
   },
   "properties": {
    "name": "FRA01800024 — ST_GEORGES_SUR_MOULON",
    "description": "**Scope de maintenance** : EV\n**Verdict d'autonomie** : a_confirmer\n**Motif du verdict** : fiche d'accès vide\n**Campagne d'appartenance** : Espaces Verts 2026 P2-ENSIO\n**Donneur d'ordre de la campagne** : TOTEM\n**Colonne Ressources du périmètre** : SEE ALL (ST ENSIO)\n**Provenance du repère** : import\n**Adresse du site** : Métairie de Saint-Étienne\n**Numéro de département** : 18\n**Nom du site** : ST_GEORGES_SUR_MOULON\n**Coordonnées** : 47.184158, 2.422489\n[[https://www.google.com/maps?q=47.184158,2.422489|Google Maps 🌍]] · [[https://www.google.com/maps/@?api=1&map_action=pano&viewpoint=47.184158,2.422489|Street View]]\n**Déchèteries pro les plus proches** :\n[[https://www.google.com/maps?q=47.2163,2.40139|Déchèterie de Saint Martin d'Auxigny (Saint-Martin-d'Auxigny, 3.9 km)]] — 0248645502\n[[https://www.google.com/maps?q=47.1919,2.60233|Déchèterie de Rians (Rians, 13.6 km)]] — 0248644335\n[[https://www.google.com/maps?q=47.2957,2.50457|Déchèterie d'Henrichemont (Henrichemont, 13.9 km)]] — 0248267832\n[[https://www.google.com/maps/search/d%C3%A9ch%C3%A8terie/@47.184158,2.422489,12z|Toutes les déchèteries autour du site 🗑️]]",
    "origine": "import",
    "campagne": "Espaces Verts 2026 P2-ENSIO",
    "towerco": "TOTEM",
    "ressources": "SEE ALL (ST ENSIO)",
    "nom_site": "ST_GEORGES_SUR_MOULON",
    "adresse": "Métairie de Saint-Étienne",
    "departement": "18",
    "scope": "EV",
    "calque": "mp-ev-2026-p2-ensio",
    "code_fra": "FRA01800024",
    "acces_autonome": "a_confirmer",
    "acces_motif": "fiche d'accès vide",
    "_umap_options": {
     "color": "#67718A",
     "iconClass": "Ball"
    }
   }
  },
  {
   "type": "Feature",
   "geometry": {
    "type": "Point",
    "coordinates": [
     2.428366,
     47.148503
    ]
   },
   "properties": {
    "name": "FRA01800025 — FUSSY",
    "description": "**Scope de maintenance** : EV\n**Verdict d'autonomie** : a_confirmer\n**Motif du verdict** : fiche d'accès vide\n**Équipe affectée** : Manu\n**Semaine ISO d'intervention** : 37\n**Campagne d'appartenance** : Espaces Verts 2026 P2-ENSIO\n**Donneur d'ordre de la campagne** : TOTEM\n**Colonne Ressources du périmètre** : SEE ALL (ST ENSIO)\n**Provenance du repère** : import\n**Adresse du site** : 4 W Route de Paris\n**Numéro de département** : 18\n**Nom du site** : FUSSY\n**Coordonnées** : 47.148503, 2.428366\n[[https://www.google.com/maps?q=47.148503,2.428366|Google Maps 🌍]] · [[https://www.google.com/maps/@?api=1&map_action=pano&viewpoint=47.148503,2.428366|Street View]]\n**Déchèteries pro les plus proches** :\n[[https://www.google.com/maps?q=47.2163,2.40139|Déchèterie de Saint Martin d'Auxigny (Saint-Martin-d'Auxigny, 7.8 km)]] — 0248645502\n[[https://www.google.com/maps?q=47.1919,2.60233|Déchèterie de Rians (Rians, 14.0 km)]] — 0248644335\n[[https://www.google.com/maps?q=47.1388,2.24156|Déchèterie de Mehun sur Yèvre (Mehun-sur-Yèvre, 14.2 km)]] — 0800897730\n[[https://www.google.com/maps/search/d%C3%A9ch%C3%A8terie/@47.148503,2.428366,12z|Toutes les déchèteries autour du site 🗑️]]",
    "origine": "import",
    "campagne": "Espaces Verts 2026 P2-ENSIO",
    "towerco": "TOTEM",
    "ressources": "SEE ALL (ST ENSIO)",
    "nom_site": "FUSSY",
    "adresse": "4 W Route de Paris",
    "departement": "18",
    "scope": "EV",
    "equipe": "Manu",
    "semaine": 37,
    "calque": "mp-ev-2026-p2-ensio",
    "code_fra": "FRA01800025",
    "acces_autonome": "a_confirmer",
    "acces_motif": "fiche d'accès vide",
    "_umap_options": {
     "color": "#67718A",
     "iconClass": "Ball",
     "iconUrl": "M"
    }
   }
  },
  {
   "type": "Feature",
   "geometry": {
    "type": "Point",
    "coordinates": [
     2.404053,
     47.129719
    ]
   },
   "properties": {
    "name": "FRA01800026 — BOURGES_LES_CHENES",
    "description": "**Scope de maintenance** : EV\n**Verdict d'autonomie** : a_confirmer\n**Motif du verdict** : fiche d'accès vide\n**Campagne d'appartenance** : Espaces Verts 2026 P2-ENSIO\n**Donneur d'ordre de la campagne** : TOTEM\n**Colonne Ressources du périmètre** : SEE ALL (ST ENSIO)\n**Provenance du repère** : import\n**Adresse du site** : Lieu-dit Les Contremorets\n**Numéro de département** : 18\n**Nom du site** : BOURGES_LES_CHENES\n**Coordonnées** : 47.129719, 2.404053\n[[https://www.google.com/maps?q=47.129719,2.404053|Google Maps 🌍]] · [[https://www.google.com/maps/@?api=1&map_action=pano&viewpoint=47.129719,2.404053|Street View]]\n**Déchèteries pro les plus proches** :\n[[https://www.google.com/maps?q=47.2163,2.40139|Déchèterie de Saint Martin d'Auxigny (Saint-Martin-d'Auxigny, 9.6 km)]] — 0248645502\n[[https://www.google.com/maps?q=47.1388,2.24156|Déchèterie de Mehun sur Yèvre (Mehun-sur-Yèvre, 12.3 km)]] — 0800897730\n[[https://www.google.com/maps?q=47.1919,2.60233|Déchèterie de Rians (Rians, 16.5 km)]] — 0248644335\n[[https://www.google.com/maps/search/d%C3%A9ch%C3%A8terie/@47.129719,2.404053,12z|Toutes les déchèteries autour du site 🗑️]]",
    "origine": "import",
    "campagne": "Espaces Verts 2026 P2-ENSIO",
    "towerco": "TOTEM",
    "ressources": "SEE ALL (ST ENSIO)",
    "nom_site": "BOURGES_LES_CHENES",
    "adresse": "Lieu-dit Les Contremorets",
    "departement": "18",
    "scope": "EV",
    "calque": "mp-ev-2026-p2-ensio",
    "code_fra": "FRA01800026",
    "acces_autonome": "a_confirmer",
    "acces_motif": "fiche d'accès vide",
    "_umap_options": {
     "color": "#67718A",
     "iconClass": "Ball"
    }
   }
  },
  {
   "type": "Feature",
   "geometry": {
    "type": "Point",
    "coordinates": [
     2.05467,
     47.186884
    ]
   },
   "properties": {
    "name": "FRA01800029 — VIERZON_AUTRY",
    "description": "**Scope de maintenance** : EV\n**Verdict d'autonomie** : a_confirmer\n**Motif du verdict** : fiche d'accès vide\n**Campagne d'appartenance** : Espaces Verts 2026 P2-ENSIO\n**Donneur d'ordre de la campagne** : TOTEM\n**Colonne Ressources du périmètre** : SEE ALL (ST ENSIO)\n**Provenance du repère** : import\n**Adresse du site** : 44 Avenue du BEL AIR\n**Numéro de département** : 18\n**Nom du site** : VIERZON_AUTRY\n**Coordonnées** : 47.186884, 2.054670\n[[https://www.google.com/maps?q=47.186884,2.054670|Google Maps 🌍]] · [[https://www.google.com/maps/@?api=1&map_action=pano&viewpoint=47.186884,2.054670|Street View]]\n**Déchèteries pro les plus proches** :\n[[https://www.google.com/maps?q=47.1292,2.07192|Déchèterie de Lury sur Arnon (Lury-sur-Arnon, 6.5 km)]] — 0248517382\n[[https://www.google.com/maps?q=47.1943,2.1827|Déchèterie de Vignoux sur Barangeon (Vignoux-sur-Barangeon, 9.7 km)]] — 0248515419\n[[https://www.google.com/maps?q=47.1513,1.89796|Déchèterie de Nohant en Graçay (Nohant-en-Graçay, 12.5 km)]] — 0248512918\n[[https://www.google.com/maps/search/d%C3%A9ch%C3%A8terie/@47.186884,2.054670,12z|Toutes les déchèteries autour du site 🗑️]]",
    "origine": "import",
    "campagne": "Espaces Verts 2026 P2-ENSIO",
    "towerco": "TOTEM",
    "ressources": "SEE ALL (ST ENSIO)",
    "nom_site": "VIERZON_AUTRY",
    "adresse": "44 Avenue du BEL AIR",
    "departement": "18",
    "scope": "EV",
    "calque": "mp-ev-2026-p2-ensio",
    "code_fra": "FRA01800029",
    "acces_autonome": "a_confirmer",
    "acces_motif": "fiche d'accès vide",
    "_umap_options": {
     "color": "#67718A",
     "iconClass": "Ball"
    }
   }
  },
  {
   "type": "Feature",
   "geometry": {
    "type": "Point",
    "coordinates": [
     2.15767,
     47.128771
    ]
   },
   "properties": {
    "name": "FRA01800030 — QUINCY",
    "description": "**Scope de maintenance** : EV\n**Verdict d'autonomie** : a_confirmer\n**Motif du verdict** : fiche d'accès vide\n**Campagne d'appartenance** : Espaces Verts 2026 P2-ENSIO\n**Donneur d'ordre de la campagne** : TOTEM\n**Colonne Ressources du périmètre** : SEE ALL (ST ENSIO)\n**Provenance du repère** : import\n**Adresse du site** : 2 Clos des Chaumes\n**Numéro de département** : 18\n**Nom du site** : QUINCY\n**Coordonnées** : 47.128771, 2.157670\n[[https://www.google.com/maps?q=47.128771,2.157670|Google Maps 🌍]] · [[https://www.google.com/maps/@?api=1&map_action=pano&viewpoint=47.128771,2.157670|Street View]]\n**Déchèteries pro les plus proches** :\n[[https://www.google.com/maps?q=47.1388,2.24156|Déchèterie de Mehun sur Yèvre (Mehun-sur-Yèvre, 6.4 km)]] — 0800897730\n[[https://www.google.com/maps?q=47.1292,2.07192|Déchèterie de Lury sur Arnon (Lury-sur-Arnon, 6.5 km)]] — 0248517382\n[[https://www.google.com/maps?q=47.1943,2.1827|Déchèterie de Vignoux sur Barangeon (Vignoux-sur-Barangeon, 7.5 km)]] — 0248515419\n[[https://www.google.com/maps/search/d%C3%A9ch%C3%A8terie/@47.128771,2.157670,12z|Toutes les déchèteries autour du site 🗑️]]",
    "origine": "import",
    "campagne": "Espaces Verts 2026 P2-ENSIO",
    "towerco": "TOTEM",
    "ressources": "SEE ALL (ST ENSIO)",
    "nom_site": "QUINCY",
    "adresse": "2 Clos des Chaumes",
    "departement": "18",
    "scope": "EV",
    "calque": "mp-ev-2026-p2-ensio",
    "code_fra": "FRA01800030",
    "acces_autonome": "a_confirmer",
    "acces_motif": "fiche d'accès vide",
    "_umap_options": {
     "color": "#67718A",
     "iconClass": "Ball"
    }
   }
  },
  {
   "type": "Feature",
   "geometry": {
    "type": "Point",
    "coordinates": [
     2.602198,
     46.930222
    ]
   },
   "properties": {
    "name": "FRA01800031 — LA_CHAUSSEE",
    "description": "**Scope de maintenance** : EV\n**Verdict d'autonomie** : a_confirmer\n**Motif du verdict** : fiche d'accès vide\n**Campagne d'appartenance** : Espaces Verts 2026 P2-ENSIO\n**Donneur d'ordre de la campagne** : TOTEM\n**Colonne Ressources du périmètre** : SEE ALL (ST ENSIO)\n**Provenance du repère** : import\n**Adresse du site** : Lieu-dit La Chaussee RN\n**Numéro de département** : 18\n**Nom du site** : LA_CHAUSSEE\n**Coordonnées** : 46.930222, 2.602198\n[[https://www.google.com/maps?q=46.930222,2.602198|Google Maps 🌍]] · [[https://www.google.com/maps/@?api=1&map_action=pano&viewpoint=46.930222,2.602198|Street View]]\n**Déchèteries pro les plus proches** :\n[[https://www.google.com/maps?q=46.8865,2.55585|Déchèterie de Dun sur Auron (Dun-sur-Auron, 6.0 km)]] — 0248591632\n[[https://www.google.com/maps?q=46.8954,2.73069|Déchèterie de Blet (Blet, 10.5 km)]] — 0248606689\n[[https://www.google.com/maps?q=47.0364,2.65862|Déchèterie d'Avord (Avord, 12.6 km)]]\n[[https://www.google.com/maps/search/d%C3%A9ch%C3%A8terie/@46.930222,2.602198,12z|Toutes les déchèteries autour du site 🗑️]]",
    "origine": "import",
    "campagne": "Espaces Verts 2026 P2-ENSIO",
    "towerco": "TOTEM",
    "ressources": "SEE ALL (ST ENSIO)",
    "nom_site": "LA_CHAUSSEE",
    "adresse": "Lieu-dit La Chaussee RN",
    "departement": "18",
    "scope": "EV",
    "calque": "mp-ev-2026-p2-ensio",
    "code_fra": "FRA01800031",
    "acces_autonome": "a_confirmer",
    "acces_motif": "fiche d'accès vide",
    "_umap_options": {
     "color": "#67718A",
     "iconClass": "Ball"
    }
   }
  },
  {
   "type": "Feature",
   "geometry": {
    "type": "Point",
    "coordinates": [
     2.672406,
     46.917596
    ]
   },
   "properties": {
    "name": "FRA01800032 — LANTAN_N76",
    "description": "**Scope de maintenance** : EV\n**Verdict d'autonomie** : a_confirmer\n**Motif du verdict** : fiche d'accès vide\n**Campagne d'appartenance** : Espaces Verts 2026 P2-ENSIO\n**Donneur d'ordre de la campagne** : TOTEM\n**Colonne Ressources du périmètre** : SEE ALL (ST ENSIO)\n**Provenance du repère** : import\n**Adresse du site** : Champs des trois ormes\n**Numéro de département** : 18\n**Nom du site** : LANTAN_N76\n**Coordonnées** : 46.917596, 2.672406\n[[https://www.google.com/maps?q=46.917596,2.672406|Google Maps 🌍]] · [[https://www.google.com/maps/@?api=1&map_action=pano&viewpoint=46.917596,2.672406|Street View]]\n**Déchèteries pro les plus proches** :\n[[https://www.google.com/maps?q=46.8954,2.73069|Déchèterie de Blet (Blet, 5.1 km)]] — 0248606689\n[[https://www.google.com/maps?q=46.9288,2.78774|Point d'Apport Volontaire d'Ourouer les Bourdelins (Ourouer-les-Bourdelins, 8.8 km)]] — 0248606689\n[[https://www.google.com/maps?q=46.8865,2.55585|Déchèterie de Dun sur Auron (Dun-sur-Auron, 9.5 km)]] — 0248591632\n[[https://www.google.com/maps/search/d%C3%A9ch%C3%A8terie/@46.917596,2.672406,12z|Toutes les déchèteries autour du site 🗑️]]",
    "origine": "import",
    "campagne": "Espaces Verts 2026 P2-ENSIO",
    "towerco": "TOTEM",
    "ressources": "SEE ALL (ST ENSIO)",
    "nom_site": "LANTAN_N76",
    "adresse": "Champs des trois ormes",
    "departement": "18",
    "scope": "EV",
    "calque": "mp-ev-2026-p2-ensio",
    "code_fra": "FRA01800032",
    "acces_autonome": "a_confirmer",
    "acces_motif": "fiche d'accès vide",
    "_umap_options": {
     "color": "#67718A",
     "iconClass": "Ball"
    }
   }
  },
  {
   "type": "Feature",
   "geometry": {
    "type": "Point",
    "coordinates": [
     2.937675,
     47.222932
    ]
   },
   "properties": {
    "name": "FRA01800034 — HERRY",
    "description": "**Scope de maintenance** : EV\n**Verdict d'autonomie** : a_confirmer\n**Motif du verdict** : fiche d'accès vide\n**Campagne d'appartenance** : Espaces Verts 2026 P2-ENSIO\n**Donneur d'ordre de la campagne** : TOTEM\n**Colonne Ressources du périmètre** : SEE ALL (ST ENSIO)\n**Provenance du repère** : import\n**Adresse du site** : D52 Lieu dit Beauregard\n**Numéro de département** : 18\n**Nom du site** : HERRY\n**Coordonnées** : 47.222932, 2.937675\n[[https://www.google.com/maps?q=47.222932,2.937675|Google Maps 🌍]] · [[https://www.google.com/maps/@?api=1&map_action=pano&viewpoint=47.222932,2.937675|Street View]]\n**Déchèteries pro les plus proches** :\n[[https://www.google.com/maps?q=47.1654,3.03461|Déchèterie de la Charité sur Loire (La Charité-sur-Loire, 9.7 km)]] — 0386696587\n[[https://www.google.com/maps?q=47.1368,2.90944|Déchèterie de Sancergues (Sancergues, 9.8 km)]] — 0248606689\n[[https://www.google.com/maps?q=47.3173,3.00547|Déchèterie de Saint Quentin sur Nohain (SAINT-QUENTIN-SUR-NOHAIN, 11.7 km)]] — 0386390632\n[[https://www.google.com/maps/search/d%C3%A9ch%C3%A8terie/@47.222932,2.937675,12z|Toutes les déchèteries autour du site 🗑️]]",
    "origine": "import",
    "campagne": "Espaces Verts 2026 P2-ENSIO",
    "towerco": "TOTEM",
    "ressources": "SEE ALL (ST ENSIO)",
    "nom_site": "HERRY",
    "adresse": "D52 Lieu dit Beauregard",
    "departement": "18",
    "scope": "EV",
    "calque": "mp-ev-2026-p2-ensio",
    "code_fra": "FRA01800034",
    "acces_autonome": "a_confirmer",
    "acces_motif": "fiche d'accès vide",
    "_umap_options": {
     "color": "#67718A",
     "iconClass": "Ball"
    }
   }
  },
  {
   "type": "Feature",
   "geometry": {
    "type": "Point",
    "coordinates": [
     2.943924,
     46.950874
    ]
   },
   "properties": {
    "name": "FRA01800035 — LA_GUERCHE",
    "description": "**Scope de maintenance** : EV\n**Verdict d'autonomie** : a_confirmer\n**Motif du verdict** : fiche d'accès vide\n**Campagne d'appartenance** : Espaces Verts 2026 P2-ENSIO\n**Donneur d'ordre de la campagne** : TOTEM\n**Colonne Ressources du périmètre** : SEE ALL (ST ENSIO)\n**Provenance du repère** : import\n**Adresse du site** : Quai de Bures sur Dives\n**Numéro de département** : 18\n**Nom du site** : LA_GUERCHE\n**Coordonnées** : 46.950874, 2.943924\n[[https://www.google.com/maps?q=46.950874,2.943924|Google Maps 🌍]] · [[https://www.google.com/maps/@?api=1&map_action=pano&viewpoint=46.950874,2.943924|Street View]]\n**Déchèteries pro les plus proches** :\n[[https://www.google.com/maps?q=46.9614,2.95989|Déchèterie de la Guerche (La Guerche-sur-l'Aubois, 1.7 km)]] — 0248606689\n[[https://www.google.com/maps?q=47.0039,2.98321|Déchèterie de Torteron (Torteron, 6.6 km)]] — 0248606689\n[[https://www.google.com/maps?q=46.9958,2.80865|Déchèterie de Nérondes (Nérondes, 11.4 km)]] — 0248606689\n[[https://www.google.com/maps/search/d%C3%A9ch%C3%A8terie/@46.950874,2.943924,12z|Toutes les déchèteries autour du site 🗑️]]",
    "origine": "import",
    "campagne": "Espaces Verts 2026 P2-ENSIO",
    "towerco": "TOTEM",
    "ressources": "SEE ALL (ST ENSIO)",
    "nom_site": "LA_GUERCHE",
    "adresse": "Quai de Bures sur Dives",
    "departement": "18",
    "scope": "EV",
    "calque": "mp-ev-2026-p2-ensio",
    "code_fra": "FRA01800035",
    "acces_autonome": "a_confirmer",
    "acces_motif": "fiche d'accès vide",
    "_umap_options": {
     "color": "#67718A",
     "iconClass": "Ball"
    }
   }
  },
  {
   "type": "Feature",
   "geometry": {
    "type": "Point",
    "coordinates": [
     3.041288,
     46.948634
    ]
   },
   "properties": {
    "name": "FRA01800036 — CUFFY",
    "description": "**Scope de maintenance** : EV\n**Verdict d'autonomie** : a_confirmer\n**Motif du verdict** : fiche d'accès vide\n**Campagne d'appartenance** : Espaces Verts 2026 P2-ENSIO\n**Donneur d'ordre de la campagne** : TOTEM\n**Colonne Ressources du périmètre** : SEE ALL (ST ENSIO)\n**Provenance du repère** : import\n**Adresse du site** : Les vieilles rames D976\n**Numéro de département** : 18\n**Nom du site** : CUFFY\n**Coordonnées** : 46.948634, 3.041288\n[[https://www.google.com/maps?q=46.948634,3.041288|Google Maps 🌍]] · [[https://www.google.com/maps/@?api=1&map_action=pano&viewpoint=46.948634,3.041288|Street View]]\n**Déchèteries pro les plus proches** :\n[[https://www.google.com/maps?q=46.9614,2.95989|Déchèterie de la Guerche (La Guerche-sur-l'Aubois, 6.3 km)]] — 0248606689\n[[https://www.google.com/maps?q=47.0039,2.98321|Déchèterie de Torteron (Torteron, 7.6 km)]] — 0248606689\n[[https://www.google.com/maps?q=46.8772,3.17673|Déchèterie de Magny Cours (Magny-Cours, 13.0 km)]] — 0386212740\n[[https://www.google.com/maps/search/d%C3%A9ch%C3%A8terie/@46.948634,3.041288,12z|Toutes les déchèteries autour du site 🗑️]]",
    "origine": "import",
    "campagne": "Espaces Verts 2026 P2-ENSIO",
    "towerco": "TOTEM",
    "ressources": "SEE ALL (ST ENSIO)",
    "nom_site": "CUFFY",
    "adresse": "Les vieilles rames D976",
    "departement": "18",
    "scope": "EV",
    "calque": "mp-ev-2026-p2-ensio",
    "code_fra": "FRA01800036",
    "acces_autonome": "a_confirmer",
    "acces_motif": "fiche d'accès vide",
    "_umap_options": {
     "color": "#67718A",
     "iconClass": "Ball"
    }
   }
  },
  {
   "type": "Feature",
   "geometry": {
    "type": "Point",
    "coordinates": [
     2.97316,
     46.955591
    ]
   },
   "properties": {
    "name": "FRA01800037 — LA_GUERCHE_SUR_LAUBOIS",
    "description": "**Scope de maintenance** : EV\n**Verdict d'autonomie** : a_confirmer\n**Motif du verdict** : fiche d'accès vide\n**Campagne d'appartenance** : Espaces Verts 2026 P2-ENSIO\n**Donneur d'ordre de la campagne** : TOTEM\n**Colonne Ressources du périmètre** : SEE ALL (ST ENSIO)\n**Provenance du repère** : import\n**Adresse du site** : 78 Avenue du Maréchal Leclerc\n**Numéro de département** : 18\n**Nom du site** : LA_GUERCHE_SUR_LAUBOIS\n**Coordonnées** : 46.955591, 2.973160\n[[https://www.google.com/maps?q=46.955591,2.973160|Google Maps 🌍]] · [[https://www.google.com/maps/@?api=1&map_action=pano&viewpoint=46.955591,2.973160|Street View]]\n**Déchèteries pro les plus proches** :\n[[https://www.google.com/maps?q=46.9614,2.95989|Déchèterie de la Guerche (La Guerche-sur-l'Aubois, 1.2 km)]] — 0248606689\n[[https://www.google.com/maps?q=47.0039,2.98321|Déchèterie de Torteron (Torteron, 5.4 km)]] — 0248606689\n[[https://www.google.com/maps?q=46.8407,2.9343|Déchèterie de Sancoins (Sancoins, 13.1 km)]] — 0248606689\n[[https://www.google.com/maps/search/d%C3%A9ch%C3%A8terie/@46.955591,2.973160,12z|Toutes les déchèteries autour du site 🗑️]]",
    "origine": "import",
    "campagne": "Espaces Verts 2026 P2-ENSIO",
    "towerco": "TOTEM",
    "ressources": "SEE ALL (ST ENSIO)",
    "nom_site": "LA_GUERCHE_SUR_LAUBOIS",
    "adresse": "78 Avenue du Maréchal Leclerc",
    "departement": "18",
    "scope": "EV",
    "calque": "mp-ev-2026-p2-ensio",
    "code_fra": "FRA01800037",
    "acces_autonome": "a_confirmer",
    "acces_motif": "fiche d'accès vide",
    "_umap_options": {
     "color": "#67718A",
     "iconClass": "Ball"
    }
   }
  },
  {
   "type": "Feature",
   "geometry": {
    "type": "Point",
    "coordinates": [
     2.195144,
     46.759193
    ]
   },
   "properties": {
    "name": "FRA01800038 — LIGNIERES",
    "description": "**Scope de maintenance** : EV\n**Verdict d'autonomie** : a_confirmer\n**Motif du verdict** : fiche d'accès vide\n**Campagne d'appartenance** : Espaces Verts 2026 P2-ENSIO\n**Donneur d'ordre de la campagne** : TOTEM\n**Colonne Ressources du périmètre** : SEE ALL (ST ENSIO)\n**Provenance du repère** : import\n**Adresse du site** : Château d'eau\n**Numéro de département** : 18\n**Nom du site** : LIGNIERES\n**Coordonnées** : 46.759193, 2.195144\n[[https://www.google.com/maps?q=46.759193,2.195144|Google Maps 🌍]] · [[https://www.google.com/maps/@?api=1&map_action=pano&viewpoint=46.759193,2.195144|Street View]]\n**Déchèteries pro les plus proches** :\n[[https://www.google.com/maps?q=46.7615,2.19658|Déchèterie de Lignières (Lignières, 0.3 km)]] — 0248606689\n[[https://www.google.com/maps?q=46.8056,2.36593|Déchèterie de Vallenay (Vallenay, 14.0 km)]] — 0248606689\n[[https://www.google.com/maps?q=46.8679,2.30169|Déchèterie de Venesmes (Venesmes, 14.6 km)]] — 0248606690\n[[https://www.google.com/maps/search/d%C3%A9ch%C3%A8terie/@46.759193,2.195144,12z|Toutes les déchèteries autour du site 🗑️]]",
    "origine": "import",
    "campagne": "Espaces Verts 2026 P2-ENSIO",
    "towerco": "TOTEM",
    "ressources": "SEE ALL (ST ENSIO)",
    "nom_site": "LIGNIERES",
    "adresse": "Château d'eau",
    "departement": "18",
    "scope": "EV",
    "calque": "mp-ev-2026-p2-ensio",
    "code_fra": "FRA01800038",
    "acces_autonome": "a_confirmer",
    "acces_motif": "fiche d'accès vide",
    "_umap_options": {
     "color": "#67718A",
     "iconClass": "Ball"
    }
   }
  },
  {
   "type": "Feature",
   "geometry": {
    "type": "Point",
    "coordinates": [
     2.318108,
     46.644572
    ]
   },
   "properties": {
    "name": "FRA01800040 — LE_CHATELET",
    "description": "**Scope de maintenance** : EV\n**Verdict d'autonomie** : a_confirmer\n**Motif du verdict** : fiche d'accès vide\n**Déclaration du terrain** : fait\n**Auteur de la déclaration** : Manu\n**Date de la déclaration** : 2026-09-08\n**Équipe affectée** : Manu\n**Semaine ISO d'intervention** : 37\n**Campagne d'appartenance** : Espaces Verts 2026 P2-ENSIO\n**Donneur d'ordre de la campagne** : TOTEM\n**Colonne Ressources du périmètre** : SEE ALL (ST ENSIO)\n**Provenance du repère** : import\n**Adresse du site** : La Buse\n**Numéro de département** : 18\n**Nom du site** : LE_CHATELET\n**Coordonnées** : 46.644572, 2.318108\n[[https://www.google.com/maps?q=46.644572,2.318108|Google Maps 🌍]] · [[https://www.google.com/maps/@?api=1&map_action=pano&viewpoint=46.644572,2.318108|Street View]]\n**Déchèteries pro les plus proches** :\n[[https://www.google.com/maps?q=46.5646,2.28006|Déchèterie de Saint Maur (Saint-Maur, 9.4 km)]] — 0248606689\n[[https://www.google.com/maps?q=46.7615,2.19658|Déchèterie de Lignières (Lignières, 16.0 km)]] — 0248606689\n[[https://www.google.com/maps?q=46.7048,2.51821|Déchèterie de Drevant (Drevant, 16.7 km)]] — 0248606689\n[[https://www.google.com/maps/search/d%C3%A9ch%C3%A8terie/@46.644572,2.318108,12z|Toutes les déchèteries autour du site 🗑️]]",
    "origine": "import",
    "campagne": "Espaces Verts 2026 P2-ENSIO",
    "towerco": "TOTEM",
    "ressources": "SEE ALL (ST ENSIO)",
    "nom_site": "LE_CHATELET",
    "adresse": "La Buse",
    "departement": "18",
    "scope": "EV",
    "equipe": "Manu",
    "semaine": 37,
    "etat_terrain": "fait",
    "declare_par": "Manu",
    "declare_le": "2026-09-08",
    "calque": "mp-ev-2026-p2-ensio",
    "code_fra": "FRA01800040",
    "acces_autonome": "a_confirmer",
    "acces_motif": "fiche d'accès vide",
    "_umap_options": {
     "color": "#15803D",
     "iconClass": "Ball",
     "iconUrl": "M"
    }
   }
  },
  {
   "type": "Feature",
   "geometry": {
    "type": "Point",
    "coordinates": [
     2.303086,
     46.853713
    ]
   },
   "properties": {
    "name": "FRA01800042 — VENESMES",
    "description": "**Scope de maintenance** : EV\n**Verdict d'autonomie** : a_confirmer\n**Motif du verdict** : fiche d'accès vide\n**Campagne d'appartenance** : Espaces Verts 2026 P2-ENSIO\n**Donneur d'ordre de la campagne** : TOTEM\n**Colonne Ressources du périmètre** : SEE ALL (ST ENSIO)\n**Provenance du repère** : import\n**Adresse du site** : Château d'eau\n**Numéro de département** : 18\n**Nom du site** : VENESMES\n**Coordonnées** : 46.853713, 2.303086\n[[https://www.google.com/maps?q=46.853713,2.303086|Google Maps 🌍]] · [[https://www.google.com/maps/@?api=1&map_action=pano&viewpoint=46.853713,2.303086|Street View]]\n**Déchèteries pro les plus proches** :\n[[https://www.google.com/maps?q=46.8679,2.30169|Déchèterie de Venesmes (Venesmes, 1.6 km)]] — 0248606690\n[[https://www.google.com/maps?q=46.8056,2.36593|Déchèterie de Vallenay (Vallenay, 7.2 km)]] — 0248606689\n[[https://www.google.com/maps?q=46.9356,2.39866|Déchèterie de Levet (Levet, 11.6 km)]] — 0248606689\n[[https://www.google.com/maps/search/d%C3%A9ch%C3%A8terie/@46.853713,2.303086,12z|Toutes les déchèteries autour du site 🗑️]]",
    "origine": "import",
    "campagne": "Espaces Verts 2026 P2-ENSIO",
    "towerco": "TOTEM",
    "ressources": "SEE ALL (ST ENSIO)",
    "nom_site": "VENESMES",
    "adresse": "Château d'eau",
    "departement": "18",
    "scope": "EV",
    "calque": "mp-ev-2026-p2-ensio",
    "code_fra": "FRA01800042",
    "acces_autonome": "a_confirmer",
    "acces_motif": "fiche d'accès vide",
    "_umap_options": {
     "color": "#67718A",
     "iconClass": "Ball"
    }
   }
  },
  {
   "type": "Feature",
   "geometry": {
    "type": "Point",
    "coordinates": [
     2.511881,
     46.718707
    ]
   },
   "properties": {
    "name": "FRA01800045 — ST_AMAND_SUD",
    "description": "**Scope de maintenance** : EV\n**Verdict d'autonomie** : a_confirmer\n**Motif du verdict** : fiche d'accès vide\n**Campagne d'appartenance** : Espaces Verts 2026 P2-ENSIO\n**Donneur d'ordre de la campagne** : TOTEM\n**Colonne Ressources du périmètre** : SEE ALL (ST ENSIO)\n**Provenance du repère** : import\n**Adresse du site** : 14 Rue des Fromentaux\n**Numéro de département** : 18\n**Nom du site** : ST_AMAND_SUD\n**Coordonnées** : 46.718707, 2.511881\n[[https://www.google.com/maps?q=46.718707,2.511881|Google Maps 🌍]] · [[https://www.google.com/maps/@?api=1&map_action=pano&viewpoint=46.718707,2.511881|Street View]]\n**Déchèteries pro les plus proches** :\n[[https://www.google.com/maps?q=46.7048,2.51821|Déchèterie de Drevant (Drevant, 1.6 km)]] — 0248606689\n[[https://www.google.com/maps?q=46.7324,2.66935|Déchèterie de Charenton (Charenton-du-Cher, 12.1 km)]] — 0248606689\n[[https://www.google.com/maps?q=46.6997,2.6958|Déchèterie d'Ainay-le-château (Ainay-le-Château, 14.2 km)]]\n[[https://www.google.com/maps/search/d%C3%A9ch%C3%A8terie/@46.718707,2.511881,12z|Toutes les déchèteries autour du site 🗑️]]",
    "origine": "import",
    "campagne": "Espaces Verts 2026 P2-ENSIO",
    "towerco": "TOTEM",
    "ressources": "SEE ALL (ST ENSIO)",
    "nom_site": "ST_AMAND_SUD",
    "adresse": "14 Rue des Fromentaux",
    "departement": "18",
    "scope": "EV",
    "calque": "mp-ev-2026-p2-ensio",
    "code_fra": "FRA01800045",
    "acces_autonome": "a_confirmer",
    "acces_motif": "fiche d'accès vide",
    "_umap_options": {
     "color": "#67718A",
     "iconClass": "Ball"
    }
   }
  },
  {
   "type": "Feature",
   "geometry": {
    "type": "Point",
    "coordinates": [
     2.468536,
     46.726637
    ]
   },
   "properties": {
    "name": "FRA01800046 — ORVAL_NEW",
    "description": "**Scope de maintenance** : EV\n**Verdict d'autonomie** : a_confirmer\n**Motif du verdict** : fiche d'accès vide\n**Équipe affectée** : Manu\n**Semaine ISO d'intervention** : 37\n**Campagne d'appartenance** : Espaces Verts 2026 P2-ENSIO\n**Donneur d'ordre de la campagne** : TOTEM\n**Colonne Ressources du périmètre** : SEE ALL (ST ENSIO)\n**Provenance du repère** : import\n**Adresse du site** : ZA de la Couture\n**Numéro de département** : 18\n**Nom du site** : ORVAL_NEW\n**Coordonnées** : 46.726637, 2.468536\n[[https://www.google.com/maps?q=46.726637,2.468536|Google Maps 🌍]] · [[https://www.google.com/maps/@?api=1&map_action=pano&viewpoint=46.726637,2.468536|Street View]]\n**Déchèteries pro les plus proches** :\n[[https://www.google.com/maps?q=46.7048,2.51821|Déchèterie de Drevant (Drevant, 4.5 km)]] — 0248606689\n[[https://www.google.com/maps?q=46.8056,2.36593|Déchèterie de Vallenay (Vallenay, 11.8 km)]] — 0248606689\n[[https://www.google.com/maps?q=46.7324,2.66935|Déchèterie de Charenton (Charenton-du-Cher, 15.3 km)]] — 0248606689\n[[https://www.google.com/maps/search/d%C3%A9ch%C3%A8terie/@46.726637,2.468536,12z|Toutes les déchèteries autour du site 🗑️]]",
    "origine": "import",
    "campagne": "Espaces Verts 2026 P2-ENSIO",
    "towerco": "TOTEM",
    "ressources": "SEE ALL (ST ENSIO)",
    "nom_site": "ORVAL_NEW",
    "adresse": "ZA de la Couture",
    "departement": "18",
    "scope": "EV",
    "equipe": "Manu",
    "semaine": 37,
    "calque": "mp-ev-2026-p2-ensio",
    "code_fra": "FRA01800046",
    "acces_autonome": "a_confirmer",
    "acces_motif": "fiche d'accès vide",
    "_umap_options": {
     "color": "#67718A",
     "iconClass": "Ball",
     "iconUrl": "M"
    }
   }
  },
  {
   "type": "Feature",
   "geometry": {
    "type": "Point",
    "coordinates": [
     2.683045,
     46.719999
    ]
   },
   "properties": {
    "name": "FRA01800047 — AINAY_LE_CHATEAU_FT",
    "description": "**Scope de maintenance** : EV\n**Verdict d'autonomie** : a_confirmer\n**Motif du verdict** : fiche d'accès vide\n**Équipe affectée** : Manu\n**Semaine ISO d'intervention** : 37\n**Campagne d'appartenance** : Espaces Verts 2026 P2-ENSIO\n**Donneur d'ordre de la campagne** : TOTEM\n**Colonne Ressources du périmètre** : SEE ALL (ST ENSIO)\n**Provenance du repère** : import\n**Adresse du site** : Lieu-dit Les Bernon\n**Numéro de département** : 18\n**Nom du site** : AINAY_LE_CHATEAU_FT\n**Coordonnées** : 46.719999, 2.683045\n[[https://www.google.com/maps?q=46.719999,2.683045|Google Maps 🌍]] · [[https://www.google.com/maps/@?api=1&map_action=pano&viewpoint=46.719999,2.683045|Street View]]\n**Déchèteries pro les plus proches** :\n[[https://www.google.com/maps?q=46.7324,2.66935|Déchèterie de Charenton (Charenton-du-Cher, 1.7 km)]] — 0248606689\n[[https://www.google.com/maps?q=46.6997,2.6958|Déchèterie d'Ainay-le-château (Ainay-le-Château, 2.5 km)]]\n[[https://www.google.com/maps?q=46.7048,2.51821|Déchèterie de Drevant (Drevant, 12.7 km)]] — 0248606689\n[[https://www.google.com/maps/search/d%C3%A9ch%C3%A8terie/@46.719999,2.683045,12z|Toutes les déchèteries autour du site 🗑️]]",
    "origine": "import",
    "campagne": "Espaces Verts 2026 P2-ENSIO",
    "towerco": "TOTEM",
    "ressources": "SEE ALL (ST ENSIO)",
    "nom_site": "AINAY_LE_CHATEAU_FT",
    "adresse": "Lieu-dit Les Bernon",
    "departement": "18",
    "scope": "EV",
    "equipe": "Manu",
    "semaine": 37,
    "calque": "mp-ev-2026-p2-ensio",
    "code_fra": "FRA01800047",
    "acces_autonome": "a_confirmer",
    "acces_motif": "fiche d'accès vide",
    "_umap_options": {
     "color": "#67718A",
     "iconClass": "Ball",
     "iconUrl": "M"
    }
   }
  },
  {
   "type": "Feature",
   "geometry": {
    "type": "Point",
    "coordinates": [
     2.609445,
     47.113672
    ]
   },
   "properties": {
    "name": "FRA01800049 — BRECY",
    "description": "**Scope de maintenance** : EV\n**Verdict d'autonomie** : a_confirmer\n**Motif du verdict** : fiche d'accès vide\n**Campagne d'appartenance** : Espaces Verts 2026 P2-ENSIO\n**Donneur d'ordre de la campagne** : TOTEM\n**Colonne Ressources du périmètre** : SEE ALL (ST ENSIO)\n**Provenance du repère** : import\n**Adresse du site** : RN 151\n**Numéro de département** : 18\n**Nom du site** : BRECY\n**Coordonnées** : 47.113672, 2.609445\n[[https://www.google.com/maps?q=47.113672,2.609445|Google Maps 🌍]] · [[https://www.google.com/maps/@?api=1&map_action=pano&viewpoint=47.113672,2.609445|Street View]]\n**Déchèteries pro les plus proches** :\n[[https://www.google.com/maps?q=47.0839,2.71416|Déchèterie de Baugy (Baugy*, 8.6 km)]]\n[[https://www.google.com/maps?q=47.1919,2.60233|Déchèterie de Rians (Rians, 8.7 km)]] — 0248644335\n[[https://www.google.com/maps?q=47.0364,2.65862|Déchèterie d'Avord (Avord, 9.4 km)]]\n[[https://www.google.com/maps/search/d%C3%A9ch%C3%A8terie/@47.113672,2.609445,12z|Toutes les déchèteries autour du site 🗑️]]",
    "origine": "import",
    "campagne": "Espaces Verts 2026 P2-ENSIO",
    "towerco": "TOTEM",
    "ressources": "SEE ALL (ST ENSIO)",
    "nom_site": "BRECY",
    "adresse": "RN 151",
    "departement": "18",
    "scope": "EV",
    "calque": "mp-ev-2026-p2-ensio",
    "code_fra": "FRA01800049",
    "acces_autonome": "a_confirmer",
    "acces_motif": "fiche d'accès vide",
    "_umap_options": {
     "color": "#67718A",
     "iconClass": "Ball"
    }
   }
  },
  {
   "type": "Feature",
   "geometry": {
    "type": "Point",
    "coordinates": [
     2.880692,
     47.431525
    ]
   },
   "properties": {
    "name": "FRA01800053 — BOULLERET_COSNE",
    "description": "**Scope de maintenance** : EV\n**Verdict d'autonomie** : a_confirmer\n**Motif du verdict** : fiche d'accès vide\n**Campagne d'appartenance** : Espaces Verts 2026 P2-ENSIO\n**Donneur d'ordre de la campagne** : TOTEM\n**Colonne Ressources du périmètre** : SEE ALL (ST ENSIO)\n**Provenance du repère** : import\n**Adresse du site** : D 153\n**Numéro de département** : 18\n**Nom du site** : BOULLERET_COSNE\n**Coordonnées** : 47.431525, 2.880692\n[[https://www.google.com/maps?q=47.431525,2.880692|Google Maps 🌍]] · [[https://www.google.com/maps/@?api=1&map_action=pano&viewpoint=47.431525,2.880692|Street View]]\n**Déchèteries pro les plus proches** :\n[[https://www.google.com/maps?q=47.4223,2.97471|Déchèterie de Cosne (Cosne-Cours-sur-Loire, 7.1 km)]] — 0386260583\n[[https://www.google.com/maps?q=47.4457,2.77832|Déchèterie d'Assigny (Assigny, 7.9 km)]] — 0248721953\n[[https://www.google.com/maps?q=47.5685,2.85118|Déchèterie de Bonny sur Loire (Bonny-sur-Loire, 15.4 km)]] — 0238315964\n[[https://www.google.com/maps/search/d%C3%A9ch%C3%A8terie/@47.431525,2.880692,12z|Toutes les déchèteries autour du site 🗑️]]",
    "origine": "import",
    "campagne": "Espaces Verts 2026 P2-ENSIO",
    "towerco": "TOTEM",
    "ressources": "SEE ALL (ST ENSIO)",
    "nom_site": "BOULLERET_COSNE",
    "adresse": "D 153",
    "departement": "18",
    "scope": "EV",
    "calque": "mp-ev-2026-p2-ensio",
    "code_fra": "FRA01800053",
    "acces_autonome": "a_confirmer",
    "acces_motif": "fiche d'accès vide",
    "_umap_options": {
     "color": "#67718A",
     "iconClass": "Ball"
    }
   }
  },
  {
   "type": "Feature",
   "geometry": {
    "type": "Point",
    "coordinates": [
     2.667698,
     47.245137
    ]
   },
   "properties": {
    "name": "FRA01800055 — HUMBLIGNY",
    "description": "**Scope de maintenance** : EV\n**Verdict d'autonomie** : a_confirmer\n**Motif du verdict** : fiche d'accès vide\n**Campagne d'appartenance** : Espaces Verts 2026 P2-ENSIO\n**Donneur d'ordre de la campagne** : TOTEM\n**Colonne Ressources du périmètre** : SEE ALL (ST ENSIO)\n**Provenance du repère** : import\n**Adresse du site** : Pylone Meteo. sur le bord Nord de la D955\n**Numéro de département** : 18\n**Nom du site** : HUMBLIGNY\n**Coordonnées** : 47.245137, 2.667698\n[[https://www.google.com/maps?q=47.245137,2.667698|Google Maps 🌍]] · [[https://www.google.com/maps/@?api=1&map_action=pano&viewpoint=47.245137,2.667698|Street View]]\n**Déchèteries pro les plus proches** :\n[[https://www.google.com/maps?q=47.1919,2.60233|Déchèterie de Rians (Rians, 7.7 km)]] — 0248644335\n[[https://www.google.com/maps?q=47.2953,2.82031|Déchèterie de Vinon (Vinon, 12.8 km)]] — 0248792571\n[[https://www.google.com/maps?q=47.2957,2.50457|Déchèterie d'Henrichemont (Henrichemont, 13.5 km)]] — 0248267832\n[[https://www.google.com/maps/search/d%C3%A9ch%C3%A8terie/@47.245137,2.667698,12z|Toutes les déchèteries autour du site 🗑️]]",
    "origine": "import",
    "campagne": "Espaces Verts 2026 P2-ENSIO",
    "towerco": "TOTEM",
    "ressources": "SEE ALL (ST ENSIO)",
    "nom_site": "HUMBLIGNY",
    "adresse": "Pylone Meteo. sur le bord Nord de la D955",
    "departement": "18",
    "scope": "EV",
    "calque": "mp-ev-2026-p2-ensio",
    "code_fra": "FRA01800055",
    "acces_autonome": "a_confirmer",
    "acces_motif": "fiche d'accès vide",
    "_umap_options": {
     "color": "#67718A",
     "iconClass": "Ball"
    }
   }
  },
  {
   "type": "Feature",
   "geometry": {
    "type": "Point",
    "coordinates": [
     2.659275,
     47.456093
    ]
   },
   "properties": {
    "name": "FRA01800056 — ZB_VAILLY_SUR_SAULDRE",
    "description": "**Scope de maintenance** : EV\n**Verdict d'autonomie** : a_confirmer\n**Motif du verdict** : fiche d'accès vide\n**Campagne d'appartenance** : Espaces Verts 2026 P2-ENSIO\n**Donneur d'ordre de la campagne** : TOTEM\n**Colonne Ressources du périmètre** : SEE ALL (ST ENSIO)\n**Provenance du repère** : import\n**Adresse du site** : La Grande Taille\n**Numéro de département** : 18\n**Nom du site** : ZB_VAILLY_SUR_SAULDRE\n**Coordonnées** : 47.456093, 2.659275\n[[https://www.google.com/maps?q=47.456093,2.659275|Google Maps 🌍]] · [[https://www.google.com/maps/@?api=1&map_action=pano&viewpoint=47.456093,2.659275|Street View]]\n**Déchèteries pro les plus proches** :\n[[https://www.google.com/maps?q=47.4457,2.77832|Déchèterie d'Assigny (Assigny, 9.0 km)]] — 0248721953\n[[https://www.google.com/maps?q=47.5824,2.7612|Déchèterie de Chatillon sur Loire (Châtillon-sur-Loire, 16.0 km)]] — 0238311557\n[[https://www.google.com/maps?q=47.5685,2.85118|Déchèterie de Bonny sur Loire (Bonny-sur-Loire, 19.1 km)]] — 0238315964\n[[https://www.google.com/maps/search/d%C3%A9ch%C3%A8terie/@47.456093,2.659275,12z|Toutes les déchèteries autour du site 🗑️]]",
    "origine": "import",
    "campagne": "Espaces Verts 2026 P2-ENSIO",
    "towerco": "TOTEM",
    "ressources": "SEE ALL (ST ENSIO)",
    "nom_site": "ZB_VAILLY_SUR_SAULDRE",
    "adresse": "La Grande Taille",
    "departement": "18",
    "scope": "EV",
    "calque": "mp-ev-2026-p2-ensio",
    "code_fra": "FRA01800056",
    "acces_autonome": "a_confirmer",
    "acces_motif": "fiche d'accès vide",
    "_umap_options": {
     "color": "#67718A",
     "iconClass": "Ball"
    }
   }
  },
  {
   "type": "Feature",
   "geometry": {
    "type": "Point",
    "coordinates": [
     2.134586,
     46.99659
    ]
   },
   "properties": {
    "name": "FRA01800057 — CHAROST",
    "description": "**Scope de maintenance** : EV\n**Verdict d'autonomie** : non_autonome\n**Motif du verdict** : site DIG Orange, non autonome par prudence\n**Numéro de DAS** : DAS-N0218855\n**Statut de la DAS** : Acceptée\n**Début de validité** : 2026-08-26\n**Fin de validité** : 2026-08-28\n**Origine de la DAS** : airtable\n**Campagne d'appartenance** : Espaces Verts 2026 P2-ENSIO\n**Donneur d'ordre de la campagne** : TOTEM\n**Colonne Ressources du périmètre** : SEE ALL (ST ENSIO)\n**Provenance du repère** : import\n**Adresse du site** : Le buisson monsieur\n**Numéro de département** : 18\n**Nom du site** : CHAROST\n**Coordonnées** : 46.996590, 2.134586\n[[https://www.google.com/maps?q=46.996590,2.134586|Google Maps 🌍]] · [[https://www.google.com/maps/@?api=1&map_action=pano&viewpoint=46.996590,2.134586|Street View]]\n**Déchèteries pro les plus proches** :\n[[https://www.google.com/maps?q=47.0042,2.25801|Déchèterie de Saint Florent sur Cher (Saint-Florent-sur-Cher, 9.4 km)]] — 0248551601\n[[https://www.google.com/maps?q=46.9672,2.00423|Déchèterie d'Issoudun (Issoudun, 10.4 km)]] — 0254217992\n[[https://www.google.com/maps?q=47.1292,2.07192|Déchèterie de Lury sur Arnon (Lury-sur-Arnon, 15.5 km)]] — 0248517382\n[[https://www.google.com/maps/search/d%C3%A9ch%C3%A8terie/@46.996590,2.134586,12z|Toutes les déchèteries autour du site 🗑️]]\n\n**Fiche d'accès**\nDigicode: NON\nBadge:\nBoite à clés: Oui\nPortail / Portillon: Non - B23117 DON9118 P\nDélais de prévenance:\n\nAccès équipement(s):\nBadge:\nClés: Clé mécanique\nCadenas:\n\nAccès aérien(s):\nDigicode: NON\nBadge:\nClés: Clé mécanique\nCadenas:\n\nCommentaire d'accès: 19/11/25 D cockpit O+M:\nDIG 2; en autonomie (Full TOTEM)",
    "origine": "import",
    "campagne": "Espaces Verts 2026 P2-ENSIO",
    "towerco": "TOTEM",
    "ressources": "SEE ALL (ST ENSIO)",
    "nom_site": "CHAROST",
    "adresse": "Le buisson monsieur",
    "departement": "18",
    "scope": "EV",
    "das_numero": "DAS-N0218855",
    "das_statut": "Acceptée",
    "das_debut": "2026-08-26",
    "das_fin": "2026-08-28",
    "das_provenance": "airtable",
    "acces_detail": "Digicode: NON\nBadge:\nBoite à clés: Oui\nPortail / Portillon: Non - B23117 DON9118 P\nDélais de prévenance:\n\nAccès équipement(s):\nBadge:\nClés: Clé mécanique\nCadenas:\n\nAccès aérien(s):\nDigicode: NON\nBadge:\nClés: Clé mécanique\nCadenas:\n\nCommentaire d'accès: 19/11/25 D cockpit O+M:\nDIG 2; en autonomie (Full TOTEM)",
    "calque": "mp-ev-2026-p2-ensio",
    "code_fra": "FRA01800057",
    "acces_autonome": "non_autonome",
    "acces_motif": "site DIG Orange, non autonome par prudence",
    "_umap_options": {
     "color": "#67718A",
     "iconClass": "Ball"
    }
   }
  },
  {
   "type": "Feature",
   "geometry": {
    "type": "Point",
    "coordinates": [
     2.41481,
     46.894696
    ]
   },
   "properties": {
    "name": "FRA01800065 — CELON_A71",
    "description": "**Scope de maintenance** : EV\n**Verdict d'autonomie** : a_confirmer\n**Motif du verdict** : fiche d'accès vide\n**Équipe affectée** : Manu\n**Semaine ISO d'intervention** : 37\n**Campagne d'appartenance** : Espaces Verts 2026 P2-ENSIO\n**Donneur d'ordre de la campagne** : TOTEM\n**Colonne Ressources du périmètre** : SEE ALL (ST ENSIO)\n**Provenance du repère** : import\n**Adresse du site** : La Croix d Yard\n**Numéro de département** : 18\n**Nom du site** : CELON_A71\n**Coordonnées** : 46.894696, 2.414810\n[[https://www.google.com/maps?q=46.894696,2.414810|Google Maps 🌍]] · [[https://www.google.com/maps/@?api=1&map_action=pano&viewpoint=46.894696,2.414810|Street View]]\n**Déchèteries pro les plus proches** :\n[[https://www.google.com/maps?q=46.9356,2.39866|Déchèterie de Levet (Levet, 4.7 km)]] — 0248606689\n[[https://www.google.com/maps?q=46.8679,2.30169|Déchèterie de Venesmes (Venesmes, 9.1 km)]] — 0248606690\n[[https://www.google.com/maps?q=46.8056,2.36593|Déchèterie de Vallenay (Vallenay, 10.6 km)]] — 0248606689\n[[https://www.google.com/maps/search/d%C3%A9ch%C3%A8terie/@46.894696,2.414810,12z|Toutes les déchèteries autour du site 🗑️]]",
    "origine": "import",
    "campagne": "Espaces Verts 2026 P2-ENSIO",
    "towerco": "TOTEM",
    "ressources": "SEE ALL (ST ENSIO)",
    "nom_site": "CELON_A71",
    "adresse": "La Croix d Yard",
    "departement": "18",
    "scope": "EV",
    "equipe": "Manu",
    "semaine": 37,
    "calque": "mp-ev-2026-p2-ensio",
    "code_fra": "FRA01800065",
    "acces_autonome": "a_confirmer",
    "acces_motif": "fiche d'accès vide",
    "_umap_options": {
     "color": "#67718A",
     "iconClass": "Ball",
     "iconUrl": "M"
    }
   }
  },
  {
   "type": "Feature",
   "geometry": {
    "type": "Point",
    "coordinates": [
     2.409097,
     46.930884
    ]
   },
   "properties": {
    "name": "FRA01800066 — LEVET",
    "description": "**Scope de maintenance** : EV\n**Verdict d'autonomie** : a_confirmer\n**Motif du verdict** : fiche d'accès vide\n**Équipe affectée** : Manu\n**Semaine ISO d'intervention** : 37\n**Campagne d'appartenance** : Espaces Verts 2026 P2-ENSIO\n**Donneur d'ordre de la campagne** : TOTEM\n**Colonne Ressources du périmètre** : SEE ALL (ST ENSIO)\n**Provenance du repère** : import\n**Adresse du site** : Rue des Cèdres. CD4 dit de la gare\n**Numéro de département** : 18\n**Nom du site** : LEVET\n**Coordonnées** : 46.930884, 2.409097\n[[https://www.google.com/maps?q=46.930884,2.409097|Google Maps 🌍]] · [[https://www.google.com/maps/@?api=1&map_action=pano&viewpoint=46.930884,2.409097|Street View]]\n**Déchèteries pro les plus proches** :\n[[https://www.google.com/maps?q=46.9356,2.39866|Déchèterie de Levet (Levet, 1.0 km)]] — 0248606689\n[[https://www.google.com/maps?q=46.8679,2.30169|Déchèterie de Venesmes (Venesmes, 10.8 km)]] — 0248606690\n[[https://www.google.com/maps?q=46.8865,2.55585|Déchèterie de Dun sur Auron (Dun-sur-Auron, 12.2 km)]] — 0248591632\n[[https://www.google.com/maps/search/d%C3%A9ch%C3%A8terie/@46.930884,2.409097,12z|Toutes les déchèteries autour du site 🗑️]]",
    "origine": "import",
    "campagne": "Espaces Verts 2026 P2-ENSIO",
    "towerco": "TOTEM",
    "ressources": "SEE ALL (ST ENSIO)",
    "nom_site": "LEVET",
    "adresse": "Rue des Cèdres. CD4 dit de la gare",
    "departement": "18",
    "scope": "EV",
    "equipe": "Manu",
    "semaine": 37,
    "calque": "mp-ev-2026-p2-ensio",
    "code_fra": "FRA01800066",
    "acces_autonome": "a_confirmer",
    "acces_motif": "fiche d'accès vide",
    "_umap_options": {
     "color": "#67718A",
     "iconClass": "Ball",
     "iconUrl": "M"
    }
   }
  },
  {
   "type": "Feature",
   "geometry": {
    "type": "Point",
    "coordinates": [
     2.796237,
     46.876574
    ]
   },
   "properties": {
    "name": "FRA01800067 — CHARLY",
    "description": "**Scope de maintenance** : EV\n**Verdict d'autonomie** : a_confirmer\n**Motif du verdict** : fiche d'accès vide\n**Campagne d'appartenance** : Espaces Verts 2026 P2-ENSIO\n**Donneur d'ordre de la campagne** : TOTEM\n**Colonne Ressources du périmètre** : SEE ALL (ST ENSIO)\n**Provenance du repère** : import\n**Adresse du site** : Terrain nu. Lieu-dit Pierry. axe N76\n**Numéro de département** : 18\n**Nom du site** : CHARLY\n**Coordonnées** : 46.876574, 2.796237\n[[https://www.google.com/maps?q=46.876574,2.796237|Google Maps 🌍]] · [[https://www.google.com/maps/@?api=1&map_action=pano&viewpoint=46.876574,2.796237|Street View]]\n**Déchèteries pro les plus proches** :\n[[https://www.google.com/maps?q=46.8954,2.73069|Déchèterie de Blet (Blet, 5.4 km)]] — 0248606689\n[[https://www.google.com/maps?q=46.9288,2.78774|Point d'Apport Volontaire d'Ourouer les Bourdelins (Ourouer-les-Bourdelins, 5.8 km)]] — 0248606689\n[[https://www.google.com/maps?q=46.8407,2.9343|Déchèterie de Sancoins (Sancoins, 11.2 km)]] — 0248606689\n[[https://www.google.com/maps/search/d%C3%A9ch%C3%A8terie/@46.876574,2.796237,12z|Toutes les déchèteries autour du site 🗑️]]",
    "origine": "import",
    "campagne": "Espaces Verts 2026 P2-ENSIO",
    "towerco": "TOTEM",
    "ressources": "SEE ALL (ST ENSIO)",
    "nom_site": "CHARLY",
    "adresse": "Terrain nu. Lieu-dit Pierry. axe N76",
    "departement": "18",
    "scope": "EV",
    "calque": "mp-ev-2026-p2-ensio",
    "code_fra": "FRA01800067",
    "acces_autonome": "a_confirmer",
    "acces_motif": "fiche d'accès vide",
    "_umap_options": {
     "color": "#67718A",
     "iconClass": "Ball"
    }
   }
  },
  {
   "type": "Feature",
   "geometry": {
    "type": "Point",
    "coordinates": [
     2.531175,
     46.580216
    ]
   },
   "properties": {
    "name": "FRA01800068 — SAULZAIS_LE_POTIER_A71",
    "description": "**Scope de maintenance** : EV\n**Verdict d'autonomie** : a_confirmer\n**Motif du verdict** : fiche d'accès vide\n**Campagne d'appartenance** : Espaces Verts 2026 P2-ENSIO\n**Donneur d'ordre de la campagne** : TOTEM\n**Colonne Ressources du périmètre** : SEE ALL (ST ENSIO)\n**Provenance du repère** : import\n**Adresse du site** : Lieu dit Chambourtière\n**Numéro de département** : 18\n**Nom du site** : SAULZAIS_LE_POTIER_A71\n**Coordonnées** : 46.580216, 2.531175\n[[https://www.google.com/maps?q=46.580216,2.531175|Google Maps 🌍]] · [[https://www.google.com/maps/@?api=1&map_action=pano&viewpoint=46.580216,2.531175|Street View]]\n**Déchèteries pro les plus proches** :\n[[https://www.google.com/maps?q=46.5255,2.58183|Decheterie de Vallon en Sully (Vallon-en-Sully, 7.2 km)]] — 0470065561\n[[https://www.google.com/maps?q=46.7048,2.51821|Déchèterie de Drevant (Drevant, 13.9 km)]] — 0248606689\n[[https://www.google.com/maps?q=46.6997,2.6958|Déchèterie d'Ainay-le-château (Ainay-le-Château, 18.3 km)]]\n[[https://www.google.com/maps/search/d%C3%A9ch%C3%A8terie/@46.580216,2.531175,12z|Toutes les déchèteries autour du site 🗑️]]",
    "origine": "import",
    "campagne": "Espaces Verts 2026 P2-ENSIO",
    "towerco": "TOTEM",
    "ressources": "SEE ALL (ST ENSIO)",
    "nom_site": "SAULZAIS_LE_POTIER_A71",
    "adresse": "Lieu dit Chambourtière",
    "departement": "18",
    "scope": "EV",
    "calque": "mp-ev-2026-p2-ensio",
    "code_fra": "FRA01800068",
    "acces_autonome": "a_confirmer",
    "acces_motif": "fiche d'accès vide",
    "_umap_options": {
     "color": "#67718A",
     "iconClass": "Ball"
    }
   }
  },
  {
   "type": "Feature",
   "geometry": {
    "type": "Point",
    "coordinates": [
     2.206303,
     46.550986
    ]
   },
   "properties": {
    "name": "FRA01800069 — CHATEAUMEILLANT",
    "description": "**Scope de maintenance** : EV\n**Verdict d'autonomie** : a_confirmer\n**Motif du verdict** : fiche d'accès vide\n**Déclaration du terrain** : fait\n**Auteur de la déclaration** : Manu (via Michael)\n**Date de la déclaration** : 2026-09-07\n**Équipe affectée** : Manu\n**Semaine ISO d'intervention** : 37\n**Campagne d'appartenance** : Espaces Verts 2026 P2-ENSIO\n**Donneur d'ordre de la campagne** : TOTEM\n**Colonne Ressources du périmètre** : SEE ALL (ST ENSIO)\n**Provenance du repère** : import\n**Adresse du site** : Route de Saint-Saturnin\n**Numéro de département** : 18\n**Nom du site** : CHATEAUMEILLANT\n**Coordonnées** : 46.550986, 2.206303\n[[https://www.google.com/maps?q=46.550986,2.206303|Google Maps 🌍]] · [[https://www.google.com/maps/@?api=1&map_action=pano&viewpoint=46.550986,2.206303|Street View]]\n**Déchèteries pro les plus proches** :\n[[https://www.google.com/maps?q=46.5646,2.28006|Déchèterie de Saint Maur (Saint-Maur, 5.8 km)]] — 0248606689\n[[https://www.google.com/maps?q=46.493,2.08135|Déchèterie de Sainte Sévère sur Indre (Sainte-Sévère-sur-Indre, 11.5 km)]] — 0254306788\n[[https://www.google.com/maps?q=46.5931,1.97452|Déchèterie de Montgivray (Montgivray, 18.3 km)]] — 0254060887\n[[https://www.google.com/maps/search/d%C3%A9ch%C3%A8terie/@46.550986,2.206303,12z|Toutes les déchèteries autour du site 🗑️]]",
    "origine": "import",
    "campagne": "Espaces Verts 2026 P2-ENSIO",
    "towerco": "TOTEM",
    "ressources": "SEE ALL (ST ENSIO)",
    "nom_site": "CHATEAUMEILLANT",
    "adresse": "Route de Saint-Saturnin",
    "departement": "18",
    "scope": "EV",
    "equipe": "Manu",
    "semaine": 37,
    "etat_terrain": "fait",
    "declare_par": "Manu (via Michael)",
    "declare_le": "2026-09-07",
    "calque": "mp-ev-2026-p2-ensio",
    "code_fra": "FRA01800069",
    "acces_autonome": "a_confirmer",
    "acces_motif": "fiche d'accès vide",
    "_umap_options": {
     "color": "#15803D",
     "iconClass": "Ball",
     "iconUrl": "M"
    }
   }
  },
  {
   "type": "Feature",
   "geometry": {
    "type": "Point",
    "coordinates": [
     2.434914,
     47.375284
    ]
   },
   "properties": {
    "name": "FRA01800070 — LA_CHAPELLE_D_ANGILLON",
    "description": "**Scope de maintenance** : EV\n**Verdict d'autonomie** : a_confirmer\n**Motif du verdict** : fiche d'accès vide\n**Campagne d'appartenance** : Espaces Verts 2026 P2-ENSIO\n**Donneur d'ordre de la campagne** : TOTEM\n**Colonne Ressources du périmètre** : SEE ALL (ST ENSIO)\n**Provenance du repère** : import\n**Adresse du site** : Lieu-dit l ouche carroi\n**Numéro de département** : 18\n**Nom du site** : LA_CHAPELLE_D_ANGILLON\n**Coordonnées** : 47.375284, 2.434914\n[[https://www.google.com/maps?q=47.375284,2.434914|Google Maps 🌍]] · [[https://www.google.com/maps/@?api=1&map_action=pano&viewpoint=47.375284,2.434914|Street View]]\n**Déchèteries pro les plus proches** :\n[[https://www.google.com/maps?q=47.2957,2.50457|Déchèterie d'Henrichemont (Henrichemont, 10.3 km)]] — 0248267832\n[[https://www.google.com/maps?q=47.3221,2.28706|Déchèterie de Neuvy sur Barangeon (Neuvy-sur-Barangeon, 12.6 km)]] — 0248516864\n[[https://www.google.com/maps?q=47.4902,2.39836|Déchèterie d'Aubigny sur Nere (Aubigny-sur-Nère, 13.1 km)]] — 0248583725\n[[https://www.google.com/maps/search/d%C3%A9ch%C3%A8terie/@47.375284,2.434914,12z|Toutes les déchèteries autour du site 🗑️]]",
    "origine": "import",
    "campagne": "Espaces Verts 2026 P2-ENSIO",
    "towerco": "TOTEM",
    "ressources": "SEE ALL (ST ENSIO)",
    "nom_site": "LA_CHAPELLE_D_ANGILLON",
    "adresse": "Lieu-dit l ouche carroi",
    "departement": "18",
    "scope": "EV",
    "calque": "mp-ev-2026-p2-ensio",
    "code_fra": "FRA01800070",
    "acces_autonome": "a_confirmer",
    "acces_motif": "fiche d'accès vide",
    "_umap_options": {
     "color": "#67718A",
     "iconClass": "Ball"
    }
   }
  },
  {
   "type": "Feature",
   "geometry": {
    "type": "Point",
    "coordinates": [
     2.531361,
     47.053702
    ]
   },
   "properties": {
    "name": "FRA01800073 — SAVIGNY_EN_SEPTAINE",
    "description": "**Scope de maintenance** : EV\n**Verdict d'autonomie** : a_confirmer\n**Motif du verdict** : fiche d'accès vide\n**Campagne d'appartenance** : Espaces Verts 2026 P2-ENSIO\n**Donneur d'ordre de la campagne** : TOTEM\n**Colonne Ressources du périmètre** : SEE ALL (ST ENSIO)\n**Provenance du repère** : import\n**Adresse du site** : Ferme sur les LES COUDRES à OSMOY\n**Numéro de département** : 18\n**Nom du site** : SAVIGNY_EN_SEPTAINE\n**Coordonnées** : 47.053702, 2.531361\n[[https://www.google.com/maps?q=47.053702,2.531361|Google Maps 🌍]] · [[https://www.google.com/maps/@?api=1&map_action=pano&viewpoint=47.053702,2.531361|Street View]]\n**Déchèteries pro les plus proches** :\n[[https://www.google.com/maps?q=47.0364,2.65862|Déchèterie d'Avord (Avord, 9.8 km)]]\n[[https://www.google.com/maps?q=47.0839,2.71416|Déchèterie de Baugy (Baugy*, 14.2 km)]]\n[[https://www.google.com/maps?q=47.1919,2.60233|Déchèterie de Rians (Rians, 16.3 km)]] — 0248644335\n[[https://www.google.com/maps/search/d%C3%A9ch%C3%A8terie/@47.053702,2.531361,12z|Toutes les déchèteries autour du site 🗑️]]",
    "origine": "import",
    "campagne": "Espaces Verts 2026 P2-ENSIO",
    "towerco": "TOTEM",
    "ressources": "SEE ALL (ST ENSIO)",
    "nom_site": "SAVIGNY_EN_SEPTAINE",
    "adresse": "Ferme sur les LES COUDRES à OSMOY",
    "departement": "18",
    "scope": "EV",
    "calque": "mp-ev-2026-p2-ensio",
    "code_fra": "FRA01800073",
    "acces_autonome": "a_confirmer",
    "acces_motif": "fiche d'accès vide",
    "_umap_options": {
     "color": "#67718A",
     "iconClass": "Ball"
    }
   }
  },
  {
   "type": "Feature",
   "geometry": {
    "type": "Point",
    "coordinates": [
     2.254411,
     47.004907
    ]
   },
   "properties": {
    "name": "FRA01800075 — ST_FLORENT_CHER_NORD",
    "description": "**Scope de maintenance** : EV\n**Verdict d'autonomie** : a_confirmer\n**Motif du verdict** : fiche d'accès vide\n**Campagne d'appartenance** : Espaces Verts 2026 P2-ENSIO\n**Donneur d'ordre de la campagne** : TOTEM\n**Colonne Ressources du périmètre** : SEE ALL (ST ENSIO)\n**Provenance du repère** : import\n**Adresse du site** : Rue de Verdun - Réf. cad. AI 597\n**Numéro de département** : 18\n**Nom du site** : ST_FLORENT_CHER_NORD\n**Coordonnées** : 47.004907, 2.254411\n[[https://www.google.com/maps?q=47.004907,2.254411|Google Maps 🌍]] · [[https://www.google.com/maps/@?api=1&map_action=pano&viewpoint=47.004907,2.254411|Street View]]\n**Déchèteries pro les plus proches** :\n[[https://www.google.com/maps?q=47.0042,2.25801|Déchèterie de Saint Florent sur Cher (Saint-Florent-sur-Cher, 0.3 km)]] — 0248551601\n[[https://www.google.com/maps?q=46.9356,2.39866|Déchèterie de Levet (Levet, 13.4 km)]] — 0248606689\n[[https://www.google.com/maps?q=47.1388,2.24156|Déchèterie de Mehun sur Yèvre (Mehun-sur-Yèvre, 14.9 km)]] — 0800897730\n[[https://www.google.com/maps/search/d%C3%A9ch%C3%A8terie/@47.004907,2.254411,12z|Toutes les déchèteries autour du site 🗑️]]",
    "origine": "import",
    "campagne": "Espaces Verts 2026 P2-ENSIO",
    "towerco": "TOTEM",
    "ressources": "SEE ALL (ST ENSIO)",
    "nom_site": "ST_FLORENT_CHER_NORD",
    "adresse": "Rue de Verdun - Réf. cad. AI 597",
    "departement": "18",
    "scope": "EV",
    "calque": "mp-ev-2026-p2-ensio",
    "code_fra": "FRA01800075",
    "acces_autonome": "a_confirmer",
    "acces_motif": "fiche d'accès vide",
    "_umap_options": {
     "color": "#67718A",
     "iconClass": "Ball"
    }
   }
  },
  {
   "type": "Feature",
   "geometry": {
    "type": "Point",
    "coordinates": [
     2.446702,
     47.568573
    ]
   },
   "properties": {
    "name": "FRA01800076 — ARGENT_SUR_SAULDRE",
    "description": "**Scope de maintenance** : EV\n**Verdict d'autonomie** : a_confirmer\n**Motif du verdict** : fiche d'accès vide\n**Campagne d'appartenance** : Espaces Verts 2026 P2-ENSIO\n**Donneur d'ordre de la campagne** : TOTEM\n**Colonne Ressources du périmètre** : SEE ALL (ST ENSIO)\n**Provenance du repère** : import\n**Adresse du site** : Château d'eau d Argent sur Sauldre\n**Numéro de département** : 18\n**Nom du site** : ARGENT_SUR_SAULDRE\n**Coordonnées** : 47.568573, 2.446702\n[[https://www.google.com/maps?q=47.568573,2.446702|Google Maps 🌍]] · [[https://www.google.com/maps/@?api=1&map_action=pano&viewpoint=47.568573,2.446702|Street View]]\n**Déchèteries pro les plus proches** :\n[[https://www.google.com/maps?q=47.6298,2.36447|Déchèterie de Cerdon (Cerdon, 9.2 km)]] — 0238360018\n[[https://www.google.com/maps?q=47.4902,2.39836|Déchèterie d'Aubigny sur Nere (Aubigny-sur-Nère, 9.4 km)]] — 0248583725\n[[https://www.google.com/maps?q=47.6646,2.6121|Déchèterie Poilly-lez-gien (Poilly-lez-Gien, 16.4 km)]] — 0620526188\n[[https://www.google.com/maps/search/d%C3%A9ch%C3%A8terie/@47.568573,2.446702,12z|Toutes les déchèteries autour du site 🗑️]]",
    "origine": "import",
    "campagne": "Espaces Verts 2026 P2-ENSIO",
    "towerco": "TOTEM",
    "ressources": "SEE ALL (ST ENSIO)",
    "nom_site": "ARGENT_SUR_SAULDRE",
    "adresse": "Château d'eau d Argent sur Sauldre",
    "departement": "18",
    "scope": "EV",
    "calque": "mp-ev-2026-p2-ensio",
    "code_fra": "FRA01800076",
    "acces_autonome": "a_confirmer",
    "acces_motif": "fiche d'accès vide",
    "_umap_options": {
     "color": "#67718A",
     "iconClass": "Ball"
    }
   }
  },
  {
   "type": "Feature",
   "geometry": {
    "type": "Point",
    "coordinates": [
     2.158563,
     47.173553
    ]
   },
   "properties": {
    "name": "FRA01800078 — FOECY",
    "description": "**Scope de maintenance** : EV\n**Verdict d'autonomie** : a_confirmer\n**Motif du verdict** : fiche d'accès vide\n**Campagne d'appartenance** : Espaces Verts 2026 P2-ENSIO\n**Donneur d'ordre de la campagne** : TOTEM\n**Colonne Ressources du périmètre** : SEE ALL (ST ENSIO)\n**Provenance du repère** : import\n**Adresse du site** : Château d'eau de FOECY\n**Numéro de département** : 18\n**Nom du site** : FOECY\n**Coordonnées** : 47.173553, 2.158563\n[[https://www.google.com/maps?q=47.173553,2.158563|Google Maps 🌍]] · [[https://www.google.com/maps/@?api=1&map_action=pano&viewpoint=47.173553,2.158563|Street View]]\n**Déchèteries pro les plus proches** :\n[[https://www.google.com/maps?q=47.1943,2.1827|Déchèterie de Vignoux sur Barangeon (Vignoux-sur-Barangeon, 2.9 km)]] — 0248515419\n[[https://www.google.com/maps?q=47.1388,2.24156|Déchèterie de Mehun sur Yèvre (Mehun-sur-Yèvre, 7.4 km)]] — 0800897730\n[[https://www.google.com/maps?q=47.1292,2.07192|Déchèterie de Lury sur Arnon (Lury-sur-Arnon, 8.2 km)]] — 0248517382\n[[https://www.google.com/maps/search/d%C3%A9ch%C3%A8terie/@47.173553,2.158563,12z|Toutes les déchèteries autour du site 🗑️]]",
    "origine": "import",
    "campagne": "Espaces Verts 2026 P2-ENSIO",
    "towerco": "TOTEM",
    "ressources": "SEE ALL (ST ENSIO)",
    "nom_site": "FOECY",
    "adresse": "Château d'eau de FOECY",
    "departement": "18",
    "scope": "EV",
    "calque": "mp-ev-2026-p2-ensio",
    "code_fra": "FRA01800078",
    "acces_autonome": "a_confirmer",
    "acces_motif": "fiche d'accès vide",
    "_umap_options": {
     "color": "#67718A",
     "iconClass": "Ball"
    }
   }
  },
  {
   "type": "Feature",
   "geometry": {
    "type": "Point",
    "coordinates": [
     2.235771,
     47.141388
    ]
   },
   "properties": {
    "name": "FRA01800081 — MEHUN_SUR_YEVRE_EST",
    "description": "**Scope de maintenance** : EV\n**Verdict d'autonomie** : a_confirmer\n**Motif du verdict** : fiche d'accès vide\n**Campagne d'appartenance** : Espaces Verts 2026 P2-ENSIO\n**Donneur d'ordre de la campagne** : TOTEM\n**Colonne Ressources du périmètre** : SEE ALL (ST ENSIO)\n**Provenance du repère** : import\n**Adresse du site** : avenue Raoul Aladenize\n**Numéro de département** : 18\n**Nom du site** : MEHUN_SUR_YEVRE_EST\n**Coordonnées** : 47.141388, 2.235771\n[[https://www.google.com/maps?q=47.141388,2.235771|Google Maps 🌍]] · [[https://www.google.com/maps/@?api=1&map_action=pano&viewpoint=47.141388,2.235771|Street View]]\n**Déchèteries pro les plus proches** :\n[[https://www.google.com/maps?q=47.1388,2.24156|Déchèterie de Mehun sur Yèvre (Mehun-sur-Yèvre, 0.5 km)]] — 0800897730\n[[https://www.google.com/maps?q=47.1943,2.1827|Déchèterie de Vignoux sur Barangeon (Vignoux-sur-Barangeon, 7.1 km)]] — 0248515419\n[[https://www.google.com/maps?q=47.1292,2.07192|Déchèterie de Lury sur Arnon (Lury-sur-Arnon, 12.5 km)]] — 0248517382\n[[https://www.google.com/maps/search/d%C3%A9ch%C3%A8terie/@47.141388,2.235771,12z|Toutes les déchèteries autour du site 🗑️]]",
    "origine": "import",
    "campagne": "Espaces Verts 2026 P2-ENSIO",
    "towerco": "TOTEM",
    "ressources": "SEE ALL (ST ENSIO)",
    "nom_site": "MEHUN_SUR_YEVRE_EST",
    "adresse": "avenue Raoul Aladenize",
    "departement": "18",
    "scope": "EV",
    "calque": "mp-ev-2026-p2-ensio",
    "code_fra": "FRA01800081",
    "acces_autonome": "a_confirmer",
    "acces_motif": "fiche d'accès vide",
    "_umap_options": {
     "color": "#67718A",
     "iconClass": "Ball"
    }
   }
  },
  {
   "type": "Feature",
   "geometry": {
    "type": "Point",
    "coordinates": [
     2.157914,
     47.205946
    ]
   },
   "properties": {
    "name": "FRA01800082 — VIGNOUX_SUR_BARANGEON",
    "description": "**Scope de maintenance** : EV\n**Verdict d'autonomie** : a_confirmer\n**Motif du verdict** : fiche d'accès vide\n**Campagne d'appartenance** : Espaces Verts 2026 P2-ENSIO\n**Donneur d'ordre de la campagne** : TOTEM\n**Colonne Ressources du périmètre** : SEE ALL (ST ENSIO)\n**Provenance du repère** : import\n**Adresse du site** : RN76\n**Numéro de département** : 18\n**Nom du site** : VIGNOUX_SUR_BARANGEON\n**Coordonnées** : 47.205946, 2.157914\n[[https://www.google.com/maps?q=47.205946,2.157914|Google Maps 🌍]] · [[https://www.google.com/maps/@?api=1&map_action=pano&viewpoint=47.205946,2.157914|Street View]]\n**Déchèteries pro les plus proches** :\n[[https://www.google.com/maps?q=47.1943,2.1827|Déchèterie de Vignoux sur Barangeon (Vignoux-sur-Barangeon, 2.3 km)]] — 0248515419\n[[https://www.google.com/maps?q=47.1388,2.24156|Déchèterie de Mehun sur Yèvre (Mehun-sur-Yèvre, 9.8 km)]] — 0800897730\n[[https://www.google.com/maps?q=47.1292,2.07192|Déchèterie de Lury sur Arnon (Lury-sur-Arnon, 10.7 km)]] — 0248517382\n[[https://www.google.com/maps/search/d%C3%A9ch%C3%A8terie/@47.205946,2.157914,12z|Toutes les déchèteries autour du site 🗑️]]",
    "origine": "import",
    "campagne": "Espaces Verts 2026 P2-ENSIO",
    "towerco": "TOTEM",
    "ressources": "SEE ALL (ST ENSIO)",
    "nom_site": "VIGNOUX_SUR_BARANGEON",
    "adresse": "RN76",
    "departement": "18",
    "scope": "EV",
    "calque": "mp-ev-2026-p2-ensio",
    "code_fra": "FRA01800082",
    "acces_autonome": "a_confirmer",
    "acces_motif": "fiche d'accès vide",
    "_umap_options": {
     "color": "#67718A",
     "iconClass": "Ball"
    }
   }
  },
  {
   "type": "Feature",
   "geometry": {
    "type": "Point",
    "coordinates": [
     2.64686,
     47.036985
    ]
   },
   "properties": {
    "name": "FRA01800084 — AVORD",
    "description": "**Scope de maintenance** : EV\n**Verdict d'autonomie** : a_confirmer\n**Motif du verdict** : fiche d'accès vide\n**Campagne d'appartenance** : Espaces Verts 2026 P2-ENSIO\n**Donneur d'ordre de la campagne** : TOTEM\n**Colonne Ressources du périmètre** : SEE ALL (ST ENSIO)\n**Provenance du repère** : import\n**Adresse du site** : Château d'eau d AVORD\n**Numéro de département** : 18\n**Nom du site** : AVORD\n**Coordonnées** : 47.036985, 2.646860\n[[https://www.google.com/maps?q=47.036985,2.646860|Google Maps 🌍]] · [[https://www.google.com/maps/@?api=1&map_action=pano&viewpoint=47.036985,2.646860|Street View]]\n**Déchèteries pro les plus proches** :\n[[https://www.google.com/maps?q=47.0364,2.65862|Déchèterie d'Avord (Avord, 0.9 km)]]\n[[https://www.google.com/maps?q=47.0839,2.71416|Déchèterie de Baugy (Baugy*, 7.3 km)]]\n[[https://www.google.com/maps?q=46.9958,2.80865|Déchèterie de Nérondes (Nérondes, 13.1 km)]] — 0248606689\n[[https://www.google.com/maps/search/d%C3%A9ch%C3%A8terie/@47.036985,2.646860,12z|Toutes les déchèteries autour du site 🗑️]]",
    "origine": "import",
    "campagne": "Espaces Verts 2026 P2-ENSIO",
    "towerco": "TOTEM",
    "ressources": "SEE ALL (ST ENSIO)",
    "nom_site": "AVORD",
    "adresse": "Château d'eau d AVORD",
    "departement": "18",
    "scope": "EV",
    "calque": "mp-ev-2026-p2-ensio",
    "code_fra": "FRA01800084",
    "acces_autonome": "a_confirmer",
    "acces_motif": "fiche d'accès vide",
    "_umap_options": {
     "color": "#67718A",
     "iconClass": "Ball"
    }
   }
  },
  {
   "type": "Feature",
   "geometry": {
    "type": "Point",
    "coordinates": [
     2.308619,
     47.056607
    ]
   },
   "properties": {
    "name": "FRA01800085 — LA_CHAPELLE_ST_URSIN",
    "description": "**Scope de maintenance** : EV\n**Verdict d'autonomie** : a_confirmer\n**Motif du verdict** : fiche d'accès vide\n**Campagne d'appartenance** : Espaces Verts 2026 P2-ENSIO\n**Donneur d'ordre de la campagne** : TOTEM\n**Colonne Ressources du périmètre** : SEE ALL (ST ENSIO)\n**Provenance du repère** : import\n**Adresse du site** : Zone Industrielle Ochidees. Lieu-dit des Chaumes\n**Numéro de département** : 18\n**Nom du site** : LA_CHAPELLE_ST_URSIN\n**Coordonnées** : 47.056607, 2.308619\n[[https://www.google.com/maps?q=47.056607,2.308619|Google Maps 🌍]] · [[https://www.google.com/maps/@?api=1&map_action=pano&viewpoint=47.056607,2.308619|Street View]]\n**Déchèteries pro les plus proches** :\n[[https://www.google.com/maps?q=47.0042,2.25801|Déchèterie de Saint Florent sur Cher (Saint-Florent-sur-Cher, 7.0 km)]] — 0248551601\n[[https://www.google.com/maps?q=47.1388,2.24156|Déchèterie de Mehun sur Yèvre (Mehun-sur-Yèvre, 10.5 km)]] — 0800897730\n[[https://www.google.com/maps?q=46.9356,2.39866|Déchèterie de Levet (Levet, 15.1 km)]] — 0248606689\n[[https://www.google.com/maps/search/d%C3%A9ch%C3%A8terie/@47.056607,2.308619,12z|Toutes les déchèteries autour du site 🗑️]]",
    "origine": "import",
    "campagne": "Espaces Verts 2026 P2-ENSIO",
    "towerco": "TOTEM",
    "ressources": "SEE ALL (ST ENSIO)",
    "nom_site": "LA_CHAPELLE_ST_URSIN",
    "adresse": "Zone Industrielle Ochidees. Lieu-dit des Chaumes",
    "departement": "18",
    "scope": "EV",
    "calque": "mp-ev-2026-p2-ensio",
    "code_fra": "FRA01800085",
    "acces_autonome": "a_confirmer",
    "acces_motif": "fiche d'accès vide",
    "_umap_options": {
     "color": "#67718A",
     "iconClass": "Ball"
    }
   }
  },
  {
   "type": "Feature",
   "geometry": {
    "type": "Point",
    "coordinates": [
     2.379244,
     47.06065
    ]
   },
   "properties": {
    "name": "FRA01800086 — BOURGES_STE_HELENE",
    "description": "**Scope de maintenance** : EV\n**Verdict d'autonomie** : a_confirmer\n**Motif du verdict** : fiche d'accès vide\n**Équipe affectée** : Manu\n**Semaine ISO d'intervention** : 37\n**Campagne d'appartenance** : Espaces Verts 2026 P2-ENSIO\n**Donneur d'ordre de la campagne** : TOTEM\n**Colonne Ressources du périmètre** : SEE ALL (ST ENSIO)\n**Provenance du repère** : import\n**Adresse du site** : Funérarium de Cueilles\n**Numéro de département** : 18\n**Nom du site** : BOURGES_STE_HELENE\n**Coordonnées** : 47.060650, 2.379244\n[[https://www.google.com/maps?q=47.060650,2.379244|Google Maps 🌍]] · [[https://www.google.com/maps/@?api=1&map_action=pano&viewpoint=47.060650,2.379244|Street View]]\n**Déchèteries pro les plus proches** :\n[[https://www.google.com/maps?q=47.0042,2.25801|Déchèterie de Saint Florent sur Cher (Saint-Florent-sur-Cher, 11.1 km)]] — 0248551601\n[[https://www.google.com/maps?q=47.1388,2.24156|Déchèterie de Mehun sur Yèvre (Mehun-sur-Yèvre, 13.6 km)]] — 0800897730\n[[https://www.google.com/maps?q=46.9356,2.39866|Déchèterie de Levet (Levet, 14.0 km)]] — 0248606689\n[[https://www.google.com/maps/search/d%C3%A9ch%C3%A8terie/@47.060650,2.379244,12z|Toutes les déchèteries autour du site 🗑️]]",
    "origine": "import",
    "campagne": "Espaces Verts 2026 P2-ENSIO",
    "towerco": "TOTEM",
    "ressources": "SEE ALL (ST ENSIO)",
    "nom_site": "BOURGES_STE_HELENE",
    "adresse": "Funérarium de Cueilles",
    "departement": "18",
    "scope": "EV",
    "equipe": "Manu",
    "semaine": 37,
    "calque": "mp-ev-2026-p2-ensio",
    "code_fra": "FRA01800086",
    "acces_autonome": "a_confirmer",
    "acces_motif": "fiche d'accès vide",
    "_umap_options": {
     "color": "#67718A",
     "iconClass": "Ball",
     "iconUrl": "M"
    }
   }
  },
  {
   "type": "Feature",
   "geometry": {
    "type": "Point",
    "coordinates": [
     2.34414,
     47.00974
    ]
   },
   "properties": {
    "name": "FRA01800087 — TROUY",
    "description": "**Scope de maintenance** : EV\n**Verdict d'autonomie** : a_confirmer\n**Motif du verdict** : fiche d'accès vide\n**Équipe affectée** : Manu\n**Semaine ISO d'intervention** : 37\n**Campagne d'appartenance** : Espaces Verts 2026 P2-ENSIO\n**Donneur d'ordre de la campagne** : TOTEM\n**Colonne Ressources du périmètre** : SEE ALL (ST ENSIO)\n**Provenance du repère** : import\n**Adresse du site** : Route de Sudbray\n**Numéro de département** : 18\n**Nom du site** : TROUY\n**Coordonnées** : 47.009740, 2.344140\n[[https://www.google.com/maps?q=47.009740,2.344140|Google Maps 🌍]] · [[https://www.google.com/maps/@?api=1&map_action=pano&viewpoint=47.009740,2.344140|Street View]]\n**Déchèteries pro les plus proches** :\n[[https://www.google.com/maps?q=47.0042,2.25801|Déchèterie de Saint Florent sur Cher (Saint-Florent-sur-Cher, 6.6 km)]] — 0248551601\n[[https://www.google.com/maps?q=46.9356,2.39866|Déchèterie de Levet (Levet, 9.2 km)]] — 0248606689\n[[https://www.google.com/maps?q=46.8679,2.30169|Déchèterie de Venesmes (Venesmes, 16.1 km)]] — 0248606690\n[[https://www.google.com/maps/search/d%C3%A9ch%C3%A8terie/@47.009740,2.344140,12z|Toutes les déchèteries autour du site 🗑️]]",
    "origine": "import",
    "campagne": "Espaces Verts 2026 P2-ENSIO",
    "towerco": "TOTEM",
    "ressources": "SEE ALL (ST ENSIO)",
    "nom_site": "TROUY",
    "adresse": "Route de Sudbray",
    "departement": "18",
    "scope": "EV",
    "equipe": "Manu",
    "semaine": 37,
    "calque": "mp-ev-2026-p2-ensio",
    "code_fra": "FRA01800087",
    "acces_autonome": "a_confirmer",
    "acces_motif": "fiche d'accès vide",
    "_umap_options": {
     "color": "#67718A",
     "iconClass": "Ball",
     "iconUrl": "M"
    }
   }
  },
  {
   "type": "Feature",
   "geometry": {
    "type": "Point",
    "coordinates": [
     2.293139,
     47.022723
    ]
   },
   "properties": {
    "name": "FRA01800088 — LE_SUBDRAY",
    "description": "**Scope de maintenance** : EV\n**Verdict d'autonomie** : a_confirmer\n**Motif du verdict** : fiche d'accès vide\n**Campagne d'appartenance** : Espaces Verts 2026 P2-ENSIO\n**Donneur d'ordre de la campagne** : TOTEM\n**Colonne Ressources du périmètre** : SEE ALL (ST ENSIO)\n**Provenance du repère** : import\n**Adresse du site** : Le Bois de la Messe\n**Numéro de département** : 18\n**Nom du site** : LE_SUBDRAY\n**Coordonnées** : 47.022723, 2.293139\n[[https://www.google.com/maps?q=47.022723,2.293139|Google Maps 🌍]] · [[https://www.google.com/maps/@?api=1&map_action=pano&viewpoint=47.022723,2.293139|Street View]]\n**Déchèteries pro les plus proches** :\n[[https://www.google.com/maps?q=47.0042,2.25801|Déchèterie de Saint Florent sur Cher (Saint-Florent-sur-Cher, 3.4 km)]] — 0248551601\n[[https://www.google.com/maps?q=46.9356,2.39866|Déchèterie de Levet (Levet, 12.6 km)]] — 0248606689\n[[https://www.google.com/maps?q=47.1388,2.24156|Déchèterie de Mehun sur Yèvre (Mehun-sur-Yèvre, 13.5 km)]] — 0800897730\n[[https://www.google.com/maps/search/d%C3%A9ch%C3%A8terie/@47.022723,2.293139,12z|Toutes les déchèteries autour du site 🗑️]]",
    "origine": "import",
    "campagne": "Espaces Verts 2026 P2-ENSIO",
    "towerco": "TOTEM",
    "ressources": "SEE ALL (ST ENSIO)",
    "nom_site": "LE_SUBDRAY",
    "adresse": "Le Bois de la Messe",
    "departement": "18",
    "scope": "EV",
    "calque": "mp-ev-2026-p2-ensio",
    "code_fra": "FRA01800088",
    "acces_autonome": "a_confirmer",
    "acces_motif": "fiche d'accès vide",
    "_umap_options": {
     "color": "#67718A",
     "iconClass": "Ball"
    }
   }
  },
  {
   "type": "Feature",
   "geometry": {
    "type": "Point",
    "coordinates": [
     2.925582,
     46.835426
    ]
   },
   "properties": {
    "name": "FRA01800089 — SANCOINS",
    "description": "**Scope de maintenance** : EV\n**Verdict d'autonomie** : a_confirmer\n**Motif du verdict** : fiche d'accès vide\n**Campagne d'appartenance** : Espaces Verts 2026 P2-ENSIO\n**Donneur d'ordre de la campagne** : TOTEM\n**Colonne Ressources du périmètre** : SEE ALL (ST ENSIO)\n**Provenance du repère** : import\n**Adresse du site** : Rue du cimetiere\n**Numéro de département** : 18\n**Nom du site** : SANCOINS\n**Coordonnées** : 46.835426, 2.925582\n[[https://www.google.com/maps?q=46.835426,2.925582|Google Maps 🌍]] · [[https://www.google.com/maps/@?api=1&map_action=pano&viewpoint=46.835426,2.925582|Street View]]\n**Déchèteries pro les plus proches** :\n[[https://www.google.com/maps?q=46.8407,2.9343|Déchèterie de Sancoins (Sancoins, 0.9 km)]] — 0248606689\n[[https://www.google.com/maps?q=46.9614,2.95989|Déchèterie de la Guerche (La Guerche-sur-l'Aubois, 14.2 km)]] — 0248606689\n[[https://www.google.com/maps?q=46.9288,2.78774|Point d'Apport Volontaire d'Ourouer les Bourdelins (Ourouer-les-Bourdelins, 14.7 km)]] — 0248606689\n[[https://www.google.com/maps/search/d%C3%A9ch%C3%A8terie/@46.835426,2.925582,12z|Toutes les déchèteries autour du site 🗑️]]",
    "origine": "import",
    "campagne": "Espaces Verts 2026 P2-ENSIO",
    "towerco": "TOTEM",
    "ressources": "SEE ALL (ST ENSIO)",
    "nom_site": "SANCOINS",
    "adresse": "Rue du cimetiere",
    "departement": "18",
    "scope": "EV",
    "calque": "mp-ev-2026-p2-ensio",
    "code_fra": "FRA01800089",
    "acces_autonome": "a_confirmer",
    "acces_motif": "fiche d'accès vide",
    "_umap_options": {
     "color": "#67718A",
     "iconClass": "Ball"
    }
   }
  },
  {
   "type": "Feature",
   "geometry": {
    "type": "Point",
    "coordinates": [
     2.99366,
     46.825591
    ]
   },
   "properties": {
    "name": "FRA01800090 — CHAMP_COGNE_CUL",
    "description": "**Scope de maintenance** : EV\n**Verdict d'autonomie** : autonome\n**Motif du verdict** : clé électronique ILOQ ou ABLOY\n**Numéro de DAS** : DAS-N0213878\n**Statut de la DAS** : Acceptée\n**Début de validité** : 2026-08-26\n**Fin de validité** : 2026-08-28\n**Origine de la DAS** : airtable\n**Campagne d'appartenance** : Espaces Verts 2026 P2-ENSIO\n**Donneur d'ordre de la campagne** : TOTEM\n**Colonne Ressources du périmètre** : SEE ALL (ST ENSIO)\n**Provenance du repère** : import\n**Adresse du site** : Lieu-dit\n**Numéro de département** : 18\n**Nom du site** : CHAMP_COGNE_CUL\n**Coordonnées** : 46.825591, 2.993660\n[[https://www.google.com/maps?q=46.825591,2.993660|Google Maps 🌍]] · [[https://www.google.com/maps/@?api=1&map_action=pano&viewpoint=46.825591,2.993660|Street View]]\n**Déchèteries pro les plus proches** :\n[[https://www.google.com/maps?q=46.8407,2.9343|Déchèterie de Sancoins (Sancoins, 4.8 km)]] — 0248606689\n[[https://www.google.com/maps?q=46.8772,3.17673|Déchèterie de Magny Cours (Magny-Cours, 15.1 km)]] — 0386212740\n[[https://www.google.com/maps?q=46.9614,2.95989|Déchèterie de la Guerche (La Guerche-sur-l'Aubois, 15.3 km)]] — 0248606689\n[[https://www.google.com/maps/search/d%C3%A9ch%C3%A8terie/@46.825591,2.993660,12z|Toutes les déchèteries autour du site 🗑️]]\n\n**Fiche d'accès**\nDigicode:\nBadge:\nBoite à clés: Oui\nPortail / Portillon: Electronique\nDélais de prévenance:\n\nAccès équipement(s):\nBadge:\nClés: Clé électronique ABLOY\nCadenas:\n\nAccès aérien(s):\nDigicode:\nBadge:\nClés: Clé électronique ABLOY\nCadenas:\n\nCommentaire d'accès: 23/06/2026 Na cockpit O+M :\nSite en accès libre",
    "origine": "import",
    "campagne": "Espaces Verts 2026 P2-ENSIO",
    "towerco": "TOTEM",
    "ressources": "SEE ALL (ST ENSIO)",
    "nom_site": "CHAMP_COGNE_CUL",
    "adresse": "Lieu-dit",
    "departement": "18",
    "scope": "EV",
    "das_numero": "DAS-N0213878",
    "das_statut": "Acceptée",
    "das_debut": "2026-08-26",
    "das_fin": "2026-08-28",
    "das_provenance": "airtable",
    "acces_detail": "Digicode:\nBadge:\nBoite à clés: Oui\nPortail / Portillon: Electronique\nDélais de prévenance:\n\nAccès équipement(s):\nBadge:\nClés: Clé électronique ABLOY\nCadenas:\n\nAccès aérien(s):\nDigicode:\nBadge:\nClés: Clé électronique ABLOY\nCadenas:\n\nCommentaire d'accès: 23/06/2026 Na cockpit O+M :\nSite en accès libre",
    "calque": "mp-ev-2026-p2-ensio",
    "code_fra": "FRA01800090",
    "acces_autonome": "autonome",
    "acces_motif": "clé électronique ILOQ ou ABLOY",
    "_umap_options": {
     "color": "#67718A",
     "iconClass": "Ball"
    }
   }
  },
  {
   "type": "Feature",
   "geometry": {
    "type": "Point",
    "coordinates": [
     2.428064,
     47.480819
    ]
   },
   "properties": {
    "name": "FRA01800091 — AUBIGNY_NERE",
    "description": "**Scope de maintenance** : EV\n**Verdict d'autonomie** : a_confirmer\n**Motif du verdict** : fiche d'accès vide\n**Campagne d'appartenance** : Espaces Verts 2026 P2-ENSIO\n**Donneur d'ordre de la campagne** : TOTEM\n**Colonne Ressources du périmètre** : SEE ALL (ST ENSIO)\n**Provenance du repère** : import\n**Adresse du site** : Route d'Ennordres\n**Numéro de département** : 18\n**Nom du site** : AUBIGNY_NERE\n**Coordonnées** : 47.480819, 2.428064\n[[https://www.google.com/maps?q=47.480819,2.428064|Google Maps 🌍]] · [[https://www.google.com/maps/@?api=1&map_action=pano&viewpoint=47.480819,2.428064|Street View]]\n**Déchèteries pro les plus proches** :\n[[https://www.google.com/maps?q=47.4902,2.39836|Déchèterie d'Aubigny sur Nere (Aubigny-sur-Nère, 2.5 km)]] — 0248583725\n[[https://www.google.com/maps?q=47.6298,2.36447|Déchèterie de Cerdon (Cerdon, 17.2 km)]] — 0238360018\n[[https://www.google.com/maps?q=47.4618,2.17635|Déchèterie de Souesmes (Souesmes, 19.0 km)]] — 0254885828\n[[https://www.google.com/maps/search/d%C3%A9ch%C3%A8terie/@47.480819,2.428064,12z|Toutes les déchèteries autour du site 🗑️]]",
    "origine": "import",
    "campagne": "Espaces Verts 2026 P2-ENSIO",
    "towerco": "TOTEM",
    "ressources": "SEE ALL (ST ENSIO)",
    "nom_site": "AUBIGNY_NERE",
    "adresse": "Route d'Ennordres",
    "departement": "18",
    "scope": "EV",
    "calque": "mp-ev-2026-p2-ensio",
    "code_fra": "FRA01800091",
    "acces_autonome": "a_confirmer",
    "acces_motif": "fiche d'accès vide",
    "_umap_options": {
     "color": "#67718A",
     "iconClass": "Ball"
    }
   }
  },
  {
   "type": "Feature",
   "geometry": {
    "type": "Point",
    "coordinates": [
     2.4441,
     47.517486
    ]
   },
   "properties": {
    "name": "FRA01800092 — LES_RIBOTTETS",
    "description": "**Scope de maintenance** : EV\n**Verdict d'autonomie** : a_confirmer\n**Motif du verdict** : fiche d'accès vide\n**Campagne d'appartenance** : Espaces Verts 2026 P2-ENSIO\n**Donneur d'ordre de la campagne** : TOTEM\n**Colonne Ressources du périmètre** : SEE ALL (ST ENSIO)\n**Provenance du repère** : import\n**Adresse du site** : La terre de la Route\n**Numéro de département** : 18\n**Nom du site** : LES_RIBOTTETS\n**Coordonnées** : 47.517486, 2.444100\n[[https://www.google.com/maps?q=47.517486,2.444100|Google Maps 🌍]] · [[https://www.google.com/maps/@?api=1&map_action=pano&viewpoint=47.517486,2.444100|Street View]]\n**Déchèteries pro les plus proches** :\n[[https://www.google.com/maps?q=47.4902,2.39836|Déchèterie d'Aubigny sur Nere (Aubigny-sur-Nère, 4.6 km)]] — 0248583725\n[[https://www.google.com/maps?q=47.6298,2.36447|Déchèterie de Cerdon (Cerdon, 13.8 km)]] — 0238360018\n[[https://www.google.com/maps?q=47.6646,2.6121|Déchèterie Poilly-lez-gien (Poilly-lez-Gien, 20.6 km)]] — 0620526188\n[[https://www.google.com/maps/search/d%C3%A9ch%C3%A8terie/@47.517486,2.444100,12z|Toutes les déchèteries autour du site 🗑️]]",
    "origine": "import",
    "campagne": "Espaces Verts 2026 P2-ENSIO",
    "towerco": "TOTEM",
    "ressources": "SEE ALL (ST ENSIO)",
    "nom_site": "LES_RIBOTTETS",
    "adresse": "La terre de la Route",
    "departement": "18",
    "scope": "EV",
    "calque": "mp-ev-2026-p2-ensio",
    "code_fra": "FRA01800092",
    "acces_autonome": "a_confirmer",
    "acces_motif": "fiche d'accès vide",
    "_umap_options": {
     "color": "#67718A",
     "iconClass": "Ball"
    }
   }
  },
  {
   "type": "Feature",
   "geometry": {
    "type": "Point",
    "coordinates": [
     2.711099,
     47.123381
    ]
   },
   "properties": {
    "name": "FRA01800094 — ST_IGNY_N151",
    "description": "**Scope de maintenance** : EV\n**Verdict d'autonomie** : a_confirmer\n**Motif du verdict** : fiche d'accès vide\n**Campagne d'appartenance** : Espaces Verts 2026 P2-ENSIO\n**Donneur d'ordre de la campagne** : TOTEM\n**Colonne Ressources du périmètre** : SEE ALL (ST ENSIO)\n**Provenance du repère** : import\n**Adresse du site** : N151 .Lieu-dit La Presle\n**Numéro de département** : 18\n**Nom du site** : ST_IGNY_N151\n**Coordonnées** : 47.123381, 2.711099\n[[https://www.google.com/maps?q=47.123381,2.711099|Google Maps 🌍]] · [[https://www.google.com/maps/@?api=1&map_action=pano&viewpoint=47.123381,2.711099|Street View]]\n**Déchèteries pro les plus proches** :\n[[https://www.google.com/maps?q=47.0839,2.71416|Déchèterie de Baugy (Baugy*, 4.4 km)]]\n[[https://www.google.com/maps?q=47.0364,2.65862|Déchèterie d'Avord (Avord, 10.5 km)]]\n[[https://www.google.com/maps?q=47.1919,2.60233|Déchèterie de Rians (Rians, 11.2 km)]] — 0248644335\n[[https://www.google.com/maps/search/d%C3%A9ch%C3%A8terie/@47.123381,2.711099,12z|Toutes les déchèteries autour du site 🗑️]]",
    "origine": "import",
    "campagne": "Espaces Verts 2026 P2-ENSIO",
    "towerco": "TOTEM",
    "ressources": "SEE ALL (ST ENSIO)",
    "nom_site": "ST_IGNY_N151",
    "adresse": "N151 .Lieu-dit La Presle",
    "departement": "18",
    "scope": "EV",
    "calque": "mp-ev-2026-p2-ensio",
    "code_fra": "FRA01800094",
    "acces_autonome": "a_confirmer",
    "acces_motif": "fiche d'accès vide",
    "_umap_options": {
     "color": "#67718A",
     "iconClass": "Ball"
    }
   }
  },
  {
   "type": "Feature",
   "geometry": {
    "type": "Point",
    "coordinates": [
     2.595553,
     47.391389
    ]
   },
   "properties": {
    "name": "FRA01800101 — VILLEGENON",
    "description": "**Scope de maintenance** : EV\n**Verdict d'autonomie** : non_autonome\n**Motif du verdict** : site DIG Orange, non autonome par prudence\n**Numéro de DAS** : DAS-N0213620\n**Statut de la DAS** : Acceptée\n**Début de validité** : 2026-08-25\n**Fin de validité** : 2026-08-27\n**Origine de la DAS** : airtable\n**Campagne d'appartenance** : Espaces Verts 2026 P2-ENSIO\n**Donneur d'ordre de la campagne** : TOTEM\n**Colonne Ressources du périmètre** : SEE ALL (ST ENSIO)\n**Provenance du repère** : import\n**Adresse du site** : LES BRUYERES DES GRANDES RUESSES\n**Numéro de département** : 18\n**Nom du site** : VILLEGENON\n**Coordonnées** : 47.391389, 2.595553\n[[https://www.google.com/maps?q=47.391389,2.595553|Google Maps 🌍]] · [[https://www.google.com/maps/@?api=1&map_action=pano&viewpoint=47.391389,2.595553|Street View]]\n**Déchèteries pro les plus proches** :\n[[https://www.google.com/maps?q=47.2957,2.50457|Déchèterie d'Henrichemont (Henrichemont, 12.7 km)]] — 0248267832\n[[https://www.google.com/maps?q=47.4457,2.77832|Déchèterie d'Assigny (Assigny, 15.0 km)]] — 0248721953\n[[https://www.google.com/maps?q=47.4902,2.39836|Déchèterie d'Aubigny sur Nere (Aubigny-sur-Nère, 18.5 km)]] — 0248583725\n[[https://www.google.com/maps/search/d%C3%A9ch%C3%A8terie/@47.391389,2.595553,12z|Toutes les déchèteries autour du site 🗑️]]\n\n**Fiche d'accès**\nDigicode:\nBadge:\nBoite à clés: Non\nPortail / Portillon: - CLE POLLUX MAIS SERRURE NE FONCTIONNE PAS\nDélais de prévenance:\n\nAccès équipement(s):\nBadge:\nClés:\nCadenas:\n\nAccès aérien(s):\nDigicode:\nBadge:\nClés: Clé électronique\nCadenas:\n\nCommentaire d'accès: 04/12/25 D cockpit O+M:\nDIG 2; autonome (Full TOTEM)",
    "origine": "import",
    "campagne": "Espaces Verts 2026 P2-ENSIO",
    "towerco": "TOTEM",
    "ressources": "SEE ALL (ST ENSIO)",
    "nom_site": "VILLEGENON",
    "adresse": "LES BRUYERES DES GRANDES RUESSES",
    "departement": "18",
    "scope": "EV",
    "das_numero": "DAS-N0213620",
    "das_statut": "Acceptée",
    "das_debut": "2026-08-25",
    "das_fin": "2026-08-27",
    "das_provenance": "airtable",
    "acces_detail": "Digicode:\nBadge:\nBoite à clés: Non\nPortail / Portillon: - CLE POLLUX MAIS SERRURE NE FONCTIONNE PAS\nDélais de prévenance:\n\nAccès équipement(s):\nBadge:\nClés:\nCadenas:\n\nAccès aérien(s):\nDigicode:\nBadge:\nClés: Clé électronique\nCadenas:\n\nCommentaire d'accès: 04/12/25 D cockpit O+M:\nDIG 2; autonome (Full TOTEM)",
    "calque": "mp-ev-2026-p2-ensio",
    "code_fra": "FRA01800101",
    "acces_autonome": "non_autonome",
    "acces_motif": "site DIG Orange, non autonome par prudence",
    "_umap_options": {
     "color": "#67718A",
     "iconClass": "Ball"
    }
   }
  },
  {
   "type": "Feature",
   "geometry": {
    "type": "Point",
    "coordinates": [
     2.024663,
     47.20057
    ]
   },
   "properties": {
    "name": "FRA01800106 — MEREAU",
    "description": "**Scope de maintenance** : EV\n**Verdict d'autonomie** : a_confirmer\n**Motif du verdict** : fiche d'accès vide\n**Campagne d'appartenance** : Espaces Verts 2026 P2-ENSIO\n**Donneur d'ordre de la campagne** : TOTEM\n**Colonne Ressources du périmètre** : SEE ALL (ST ENSIO)\n**Provenance du repère** : import\n**Adresse du site** : Lieu-dit Les Maisons Rouges\n**Numéro de département** : 18\n**Nom du site** : MEREAU\n**Coordonnées** : 47.200570, 2.024663\n[[https://www.google.com/maps?q=47.200570,2.024663|Google Maps 🌍]] · [[https://www.google.com/maps/@?api=1&map_action=pano&viewpoint=47.200570,2.024663|Street View]]\n**Déchèteries pro les plus proches** :\n[[https://www.google.com/maps?q=47.1292,2.07192|Déchèterie de Lury sur Arnon (Lury-sur-Arnon, 8.7 km)]] — 0248517382\n[[https://www.google.com/maps?q=47.1513,1.89796|Déchèterie de Nohant en Graçay (Nohant-en-Graçay, 11.0 km)]] — 0248512918\n[[https://www.google.com/maps?q=47.1943,2.1827|Déchèterie de Vignoux sur Barangeon (Vignoux-sur-Barangeon, 12.0 km)]] — 0248515419\n[[https://www.google.com/maps/search/d%C3%A9ch%C3%A8terie/@47.200570,2.024663,12z|Toutes les déchèteries autour du site 🗑️]]",
    "origine": "import",
    "campagne": "Espaces Verts 2026 P2-ENSIO",
    "towerco": "TOTEM",
    "ressources": "SEE ALL (ST ENSIO)",
    "nom_site": "MEREAU",
    "adresse": "Lieu-dit Les Maisons Rouges",
    "departement": "18",
    "scope": "EV",
    "calque": "mp-ev-2026-p2-ensio",
    "code_fra": "FRA01800106",
    "acces_autonome": "a_confirmer",
    "acces_motif": "fiche d'accès vide",
    "_umap_options": {
     "color": "#67718A",
     "iconClass": "Ball"
    }
   }
  },
  {
   "type": "Feature",
   "geometry": {
    "type": "Point",
    "coordinates": [
     2.393054,
     46.658081
    ]
   },
   "properties": {
    "name": "FRA01800107 — ND_RS_LOYE_SUR_ARNON_ORF",
    "description": "**Scope de maintenance** : EV\n**Verdict d'autonomie** : a_confirmer\n**Motif du verdict** : fiche d'accès vide\n**Campagne d'appartenance** : Espaces Verts 2026 P2-ENSIO\n**Donneur d'ordre de la campagne** : TOTEM\n**Colonne Ressources du périmètre** : SEE ALL (ST ENSIO)\n**Provenance du repère** : import\n**Adresse du site** : la Défense Loye-sur-Arnon\n**Numéro de département** : 18\n**Nom du site** : ND_RS_LOYE_SUR_ARNON_ORF\n**Coordonnées** : 46.658081, 2.393054\n[[https://www.google.com/maps?q=46.658081,2.393054|Google Maps 🌍]] · [[https://www.google.com/maps/@?api=1&map_action=pano&viewpoint=46.658081,2.393054|Street View]]\n**Déchèteries pro les plus proches** :\n[[https://www.google.com/maps?q=46.7048,2.51821|Déchèterie de Drevant (Drevant, 10.9 km)]] — 0248606689\n[[https://www.google.com/maps?q=46.5646,2.28006|Déchèterie de Saint Maur (Saint-Maur, 13.5 km)]] — 0248606689\n[[https://www.google.com/maps?q=46.8056,2.36593|Déchèterie de Vallenay (Vallenay, 16.5 km)]] — 0248606689\n[[https://www.google.com/maps/search/d%C3%A9ch%C3%A8terie/@46.658081,2.393054,12z|Toutes les déchèteries autour du site 🗑️]]",
    "origine": "import",
    "campagne": "Espaces Verts 2026 P2-ENSIO",
    "towerco": "TOTEM",
    "ressources": "SEE ALL (ST ENSIO)",
    "nom_site": "ND_RS_LOYE_SUR_ARNON_ORF",
    "adresse": "la Défense Loye-sur-Arnon",
    "departement": "18",
    "scope": "EV",
    "calque": "mp-ev-2026-p2-ensio",
    "code_fra": "FRA01800107",
    "acces_autonome": "a_confirmer",
    "acces_motif": "fiche d'accès vide",
    "_umap_options": {
     "color": "#67718A",
     "iconClass": "Ball"
    }
   }
  },
  {
   "type": "Feature",
   "geometry": {
    "type": "Point",
    "coordinates": [
     2.874556,
     47.050266
    ]
   },
   "properties": {
    "name": "FRA01800109 — ND_4GF_ST_HILAIRE_DE_GONDILLY_ORF",
    "description": "**Scope de maintenance** : EV\n**Verdict d'autonomie** : a_confirmer\n**Motif du verdict** : fiche d'accès vide\n**Campagne d'appartenance** : Espaces Verts 2026 P2-ENSIO\n**Donneur d'ordre de la campagne** : TOTEM\n**Colonne Ressources du périmètre** : SEE ALL (ST ENSIO)\n**Provenance du repère** : import\n**Adresse du site** : Allée du Souvenir\n**Numéro de département** : 18\n**Nom du site** : ND_4GF_ST_HILAIRE_DE_GONDILLY_ORF\n**Coordonnées** : 47.050266, 2.874556\n[[https://www.google.com/maps?q=47.050266,2.874556|Google Maps 🌍]] · [[https://www.google.com/maps/@?api=1&map_action=pano&viewpoint=47.050266,2.874556|Street View]]\n**Déchèteries pro les plus proches** :\n[[https://www.google.com/maps?q=46.9958,2.80865|Déchèterie de Nérondes (Nérondes, 7.9 km)]] — 0248606689\n[[https://www.google.com/maps?q=47.0039,2.98321|Déchèterie de Torteron (Torteron, 9.7 km)]] — 0248606689\n[[https://www.google.com/maps?q=47.1368,2.90944|Déchèterie de Sancergues (Sancergues, 10.0 km)]] — 0248606689\n[[https://www.google.com/maps/search/d%C3%A9ch%C3%A8terie/@47.050266,2.874556,12z|Toutes les déchèteries autour du site 🗑️]]",
    "origine": "import",
    "campagne": "Espaces Verts 2026 P2-ENSIO",
    "towerco": "TOTEM",
    "ressources": "SEE ALL (ST ENSIO)",
    "nom_site": "ND_4GF_ST_HILAIRE_DE_GONDILLY_ORF",
    "adresse": "Allée du Souvenir",
    "departement": "18",
    "scope": "EV",
    "calque": "mp-ev-2026-p2-ensio",
    "code_fra": "FRA01800109",
    "acces_autonome": "a_confirmer",
    "acces_motif": "fiche d'accès vide",
    "_umap_options": {
     "color": "#67718A",
     "iconClass": "Ball"
    }
   }
  },
  {
   "type": "Feature",
   "geometry": {
    "type": "Point",
    "coordinates": [
     2.513739,
     46.596371
    ]
   },
   "properties": {
    "name": "FRA01800110 — SAULZAIS_LE_POTIER_A71_NEW",
    "description": "**Scope de maintenance** : EV\n**Verdict d'autonomie** : a_confirmer\n**Motif du verdict** : fiche d'accès vide\n**Équipe affectée** : Manu\n**Semaine ISO d'intervention** : 37\n**Campagne d'appartenance** : Espaces Verts 2026 P2-ENSIO\n**Donneur d'ordre de la campagne** : TOTEM\n**Colonne Ressources du périmètre** : SEE ALL (ST ENSIO)\n**Provenance du repère** : import\n**Adresse du site** : LE LAC\n**Numéro de département** : 18\n**Nom du site** : SAULZAIS_LE_POTIER_A71_NEW\n**Coordonnées** : 46.596371, 2.513739\n[[https://www.google.com/maps?q=46.596371,2.513739|Google Maps 🌍]] · [[https://www.google.com/maps/@?api=1&map_action=pano&viewpoint=46.596371,2.513739|Street View]]\n**Déchèteries pro les plus proches** :\n[[https://www.google.com/maps?q=46.5255,2.58183|Decheterie de Vallon en Sully (Vallon-en-Sully, 9.4 km)]] — 0470065561\n[[https://www.google.com/maps?q=46.7048,2.51821|Déchèterie de Drevant (Drevant, 12.1 km)]] — 0248606689\n[[https://www.google.com/maps?q=46.6997,2.6958|Déchèterie d'Ainay-le-château (Ainay-le-Château, 18.0 km)]]\n[[https://www.google.com/maps/search/d%C3%A9ch%C3%A8terie/@46.596371,2.513739,12z|Toutes les déchèteries autour du site 🗑️]]",
    "origine": "import",
    "campagne": "Espaces Verts 2026 P2-ENSIO",
    "towerco": "TOTEM",
    "ressources": "SEE ALL (ST ENSIO)",
    "nom_site": "SAULZAIS_LE_POTIER_A71_NEW",
    "adresse": "LE LAC",
    "departement": "18",
    "scope": "EV",
    "equipe": "Manu",
    "semaine": 37,
    "calque": "mp-ev-2026-p2-ensio",
    "code_fra": "FRA01800110",
    "acces_autonome": "a_confirmer",
    "acces_motif": "fiche d'accès vide",
    "_umap_options": {
     "color": "#67718A",
     "iconClass": "Ball",
     "iconUrl": "M"
    }
   }
  },
  {
   "type": "Feature",
   "geometry": {
    "type": "Point",
    "coordinates": [
     2.400043,
     47.427437
    ]
   },
   "properties": {
    "name": "FRA01800122 — ND_RS_ENNORDRES_ORF",
    "description": "**Scope de maintenance** : EV\n**Verdict d'autonomie** : a_confirmer\n**Motif du verdict** : fiche d'accès vide\n**Campagne d'appartenance** : Espaces Verts 2026 P2-ENSIO\n**Donneur d'ordre de la campagne** : TOTEM\n**Colonne Ressources du périmètre** : SEE ALL (ST ENSIO)\n**Provenance du repère** : import\n**Adresse du site** : LA GRANDE TERRE\n**Numéro de département** : 18\n**Nom du site** : ND_RS_ENNORDRES_ORF\n**Coordonnées** : 47.427437, 2.400043\n[[https://www.google.com/maps?q=47.427437,2.400043|Google Maps 🌍]] · [[https://www.google.com/maps/@?api=1&map_action=pano&viewpoint=47.427437,2.400043|Street View]]\n**Déchèteries pro les plus proches** :\n[[https://www.google.com/maps?q=47.4902,2.39836|Déchèterie d'Aubigny sur Nere (Aubigny-sur-Nère, 7.0 km)]] — 0248583725\n[[https://www.google.com/maps?q=47.3221,2.28706|Déchèterie de Neuvy sur Barangeon (Neuvy-sur-Barangeon, 14.5 km)]] — 0248516864\n[[https://www.google.com/maps?q=47.2957,2.50457|Déchèterie d'Henrichemont (Henrichemont, 16.6 km)]] — 0248267832\n[[https://www.google.com/maps/search/d%C3%A9ch%C3%A8terie/@47.427437,2.400043,12z|Toutes les déchèteries autour du site 🗑️]]",
    "origine": "import",
    "campagne": "Espaces Verts 2026 P2-ENSIO",
    "towerco": "TOTEM",
    "ressources": "SEE ALL (ST ENSIO)",
    "nom_site": "ND_RS_ENNORDRES_ORF",
    "adresse": "LA GRANDE TERRE",
    "departement": "18",
    "scope": "EV",
    "calque": "mp-ev-2026-p2-ensio",
    "code_fra": "FRA01800122",
    "acces_autonome": "a_confirmer",
    "acces_motif": "fiche d'accès vide",
    "_umap_options": {
     "color": "#67718A",
     "iconClass": "Ball"
    }
   }
  },
  {
   "type": "Feature",
   "geometry": {
    "type": "Point",
    "coordinates": [
     2.730147,
     47.164623
    ]
   },
   "properties": {
    "name": "FRA01800123 — ND_RS_ETRECHY_ORF",
    "description": "**Scope de maintenance** : EV\n**Verdict d'autonomie** : a_confirmer\n**Motif du verdict** : fiche d'accès vide\n**Campagne d'appartenance** : Espaces Verts 2026 P2-ENSIO\n**Donneur d'ordre de la campagne** : TOTEM\n**Colonne Ressources du périmètre** : SEE ALL (ST ENSIO)\n**Provenance du repère** : import\n**Adresse du site** : Les Barres D36\n**Numéro de département** : 18\n**Nom du site** : ND_RS_ETRECHY_ORF\n**Coordonnées** : 47.164623, 2.730147\n[[https://www.google.com/maps?q=47.164623,2.730147|Google Maps 🌍]] · [[https://www.google.com/maps/@?api=1&map_action=pano&viewpoint=47.164623,2.730147|Street View]]\n**Déchèteries pro les plus proches** :\n[[https://www.google.com/maps?q=47.0839,2.71416|Déchèterie de Baugy (Baugy*, 9.1 km)]]\n[[https://www.google.com/maps?q=47.1919,2.60233|Déchèterie de Rians (Rians, 10.1 km)]] — 0248644335\n[[https://www.google.com/maps?q=47.1368,2.90944|Déchèterie de Sancergues (Sancergues, 13.9 km)]] — 0248606689\n[[https://www.google.com/maps/search/d%C3%A9ch%C3%A8terie/@47.164623,2.730147,12z|Toutes les déchèteries autour du site 🗑️]]",
    "origine": "import",
    "campagne": "Espaces Verts 2026 P2-ENSIO",
    "towerco": "TOTEM",
    "ressources": "SEE ALL (ST ENSIO)",
    "nom_site": "ND_RS_ETRECHY_ORF",
    "adresse": "Les Barres D36",
    "departement": "18",
    "scope": "EV",
    "calque": "mp-ev-2026-p2-ensio",
    "code_fra": "FRA01800123",
    "acces_autonome": "a_confirmer",
    "acces_motif": "fiche d'accès vide",
    "_umap_options": {
     "color": "#67718A",
     "iconClass": "Ball"
    }
   }
  },
  {
   "type": "Feature",
   "geometry": {
    "type": "Point",
    "coordinates": [
     1.682422,
     46.808238
    ]
   },
   "properties": {
    "name": "FRA03600001 — CHATEAUROUX_FT",
    "description": "**Scope de maintenance** : EV\n**Verdict d'autonomie** : autonome\n**Motif du verdict** : clé électronique ILOQ ou ABLOY\n**Numéro de DAS** : DAS-N0213877\n**Statut de la DAS** : Acceptée\n**Début de validité** : 2026-08-25\n**Fin de validité** : 2026-08-27\n**Origine de la DAS** : airtable\n**Campagne d'appartenance** : Espaces Verts 2026 P2-ENSIO\n**Donneur d'ordre de la campagne** : TOTEM\n**Colonne Ressources du périmètre** : SEE ALL (ST ENSIO)\n**Provenance du repère** : import\n**Adresse du site** : 13 Rue du Berry\n**Numéro de département** : 36\n**Nom du site** : CHATEAUROUX_FT\n**Coordonnées** : 46.808238, 1.682422\n[[https://www.google.com/maps?q=46.808238,1.682422|Google Maps 🌍]] · [[https://www.google.com/maps/@?api=1&map_action=pano&viewpoint=46.808238,1.682422|Street View]]\n**Déchèteries pro les plus proches** :\n[[https://www.google.com/maps?q=46.9939,1.59487|Déchèterie de Levroux (Levroux, 21.7 km)]] — 0254229028\n[[https://www.google.com/maps?q=46.5997,1.77739|Déchèterie de Neuvy Saint Sépulchre (Neuvy-Saint-Sépulchre, 24.3 km)]] — 0254309570\n[[https://www.google.com/maps?q=46.6405,1.39515|Déchèterie de Rivarennes (Rivarennes, 28.8 km)]] — 0254479733\n[[https://www.google.com/maps/search/d%C3%A9ch%C3%A8terie/@46.808238,1.682422,12z|Toutes les déchèteries autour du site 🗑️]]\n\n**Fiche d'accès**\nDigicode:\nBadge:\nBoite à clés: Non\nPortail / Portillon:\nDélais de prévenance:\n\nAccès équipement(s):\nBadge:\nClés: Clé électronique ABLOY\nCadenas:\n\nAccès aérien(s):\nDigicode:\nBadge:\nClés: Clé électronique ABLOY\nCadenas:\n\nCommentaire d'accès: 12/11/25 D cockpit O+M:\nAccès: en autonomie (Full TOTEM)",
    "origine": "import",
    "campagne": "Espaces Verts 2026 P2-ENSIO",
    "towerco": "TOTEM",
    "ressources": "SEE ALL (ST ENSIO)",
    "nom_site": "CHATEAUROUX_FT",
    "adresse": "13 Rue du Berry",
    "departement": "36",
    "scope": "EV",
    "das_numero": "DAS-N0213877",
    "das_statut": "Acceptée",
    "das_debut": "2026-08-25",
    "das_fin": "2026-08-27",
    "das_provenance": "airtable",
    "acces_detail": "Digicode:\nBadge:\nBoite à clés: Non\nPortail / Portillon:\nDélais de prévenance:\n\nAccès équipement(s):\nBadge:\nClés: Clé électronique ABLOY\nCadenas:\n\nAccès aérien(s):\nDigicode:\nBadge:\nClés: Clé électronique ABLOY\nCadenas:\n\nCommentaire d'accès: 12/11/25 D cockpit O+M:\nAccès: en autonomie (Full TOTEM)",
    "calque": "mp-ev-2026-p2-ensio",
    "code_fra": "FRA03600001",
    "acces_autonome": "autonome",
    "acces_motif": "clé électronique ILOQ ou ABLOY",
    "_umap_options": {
     "color": "#67718A",
     "iconClass": "Ball"
    }
   }
  },
  {
   "type": "Feature",
   "geometry": {
    "type": "Point",
    "coordinates": [
     1.693947,
     46.821961
    ]
   },
   "properties": {
    "name": "FRA03600012 — CHATEAUROUX_ROCHAT",
    "description": "**Scope de maintenance** : EV\n**Verdict d'autonomie** : a_confirmer\n**Motif du verdict** : fiche d'accès vide\n**Campagne d'appartenance** : Espaces Verts 2026 P2-ENSIO\n**Donneur d'ordre de la campagne** : TOTEM\n**Colonne Ressources du périmètre** : SEE ALL (ST ENSIO)\n**Provenance du repère** : import\n**Adresse du site** : Avenue du Parc des Loisirs\n**Numéro de département** : 36\n**Nom du site** : CHATEAUROUX_ROCHAT\n**Coordonnées** : 46.821961, 1.693947\n[[https://www.google.com/maps?q=46.821961,1.693947|Google Maps 🌍]] · [[https://www.google.com/maps/@?api=1&map_action=pano&viewpoint=46.821961,1.693947|Street View]]\n**Déchèteries pro les plus proches** :\n[[https://www.google.com/maps?q=46.9939,1.59487|Déchèterie de Levroux (Levroux, 20.5 km)]] — 0254229028\n[[https://www.google.com/maps?q=46.5997,1.77739|Déchèterie de Neuvy Saint Sépulchre (Neuvy-Saint-Sépulchre, 25.5 km)]] — 0254309570\n[[https://www.google.com/maps?q=46.9672,2.00423|Déchèterie d'Issoudun (Issoudun, 28.6 km)]] — 0254217992\n[[https://www.google.com/maps/search/d%C3%A9ch%C3%A8terie/@46.821961,1.693947,12z|Toutes les déchèteries autour du site 🗑️]]",
    "origine": "import",
    "campagne": "Espaces Verts 2026 P2-ENSIO",
    "towerco": "TOTEM",
    "ressources": "SEE ALL (ST ENSIO)",
    "nom_site": "CHATEAUROUX_ROCHAT",
    "adresse": "Avenue du Parc des Loisirs",
    "departement": "36",
    "scope": "EV",
    "calque": "mp-ev-2026-p2-ensio",
    "code_fra": "FRA03600012",
    "acces_autonome": "a_confirmer",
    "acces_motif": "fiche d'accès vide",
    "_umap_options": {
     "color": "#67718A",
     "iconClass": "Ball"
    }
   }
  },
  {
   "type": "Feature",
   "geometry": {
    "type": "Point",
    "coordinates": [
     1.666389,
     46.800278
    ]
   },
   "properties": {
    "name": "FRA03600013 — CHATEAUROUX_ARGENTON",
    "description": "**Scope de maintenance** : EV\n**Verdict d'autonomie** : a_confirmer\n**Motif du verdict** : fiche d'accès vide\n**Campagne d'appartenance** : Espaces Verts 2026 P2-ENSIO\n**Donneur d'ordre de la campagne** : TOTEM\n**Colonne Ressources du périmètre** : SEE ALL (ST ENSIO)\n**Provenance du repère** : import\n**Adresse du site** : Allée des Lucioles\n**Numéro de département** : 36\n**Nom du site** : CHATEAUROUX_ARGENTON\n**Coordonnées** : 46.800278, 1.666389\n[[https://www.google.com/maps?q=46.800278,1.666389|Google Maps 🌍]] · [[https://www.google.com/maps/@?api=1&map_action=pano&viewpoint=46.800278,1.666389|Street View]]\n**Déchèteries pro les plus proches** :\n[[https://www.google.com/maps?q=46.9939,1.59487|Déchèterie de Levroux (Levroux, 22.2 km)]] — 0254229028\n[[https://www.google.com/maps?q=46.5997,1.77739|Déchèterie de Neuvy Saint Sépulchre (Neuvy-Saint-Sépulchre, 23.9 km)]] — 0254309570\n[[https://www.google.com/maps?q=46.6405,1.39515|Déchèterie de Rivarennes (Rivarennes, 27.3 km)]] — 0254479733\n[[https://www.google.com/maps/search/d%C3%A9ch%C3%A8terie/@46.800278,1.666389,12z|Toutes les déchèteries autour du site 🗑️]]",
    "origine": "import",
    "campagne": "Espaces Verts 2026 P2-ENSIO",
    "towerco": "TOTEM",
    "ressources": "SEE ALL (ST ENSIO)",
    "nom_site": "CHATEAUROUX_ARGENTON",
    "adresse": "Allée des Lucioles",
    "departement": "36",
    "scope": "EV",
    "calque": "mp-ev-2026-p2-ensio",
    "code_fra": "FRA03600013",
    "acces_autonome": "a_confirmer",
    "acces_motif": "fiche d'accès vide",
    "_umap_options": {
     "color": "#67718A",
     "iconClass": "Ball"
    }
   }
  },
  {
   "type": "Feature",
   "geometry": {
    "type": "Point",
    "coordinates": [
     1.736198,
     46.80354
    ]
   },
   "properties": {
    "name": "FRA03600014 — CHATEAUROUX_ZI_EST",
    "description": "**Scope de maintenance** : EV\n**Verdict d'autonomie** : a_confirmer\n**Motif du verdict** : fiche d'accès vide\n**Campagne d'appartenance** : Espaces Verts 2026 P2-ENSIO\n**Donneur d'ordre de la campagne** : TOTEM\n**Colonne Ressources du périmètre** : SEE ALL (ST ENSIO)\n**Provenance du repère** : import\n**Adresse du site** : 27 Bd d Anvaux\n**Numéro de département** : 36\n**Nom du site** : CHATEAUROUX_ZI_EST\n**Coordonnées** : 46.803540, 1.736198\n[[https://www.google.com/maps?q=46.803540,1.736198|Google Maps 🌍]] · [[https://www.google.com/maps/@?api=1&map_action=pano&viewpoint=46.803540,1.736198|Street View]]\n**Déchèteries pro les plus proches** :\n[[https://www.google.com/maps?q=46.5997,1.77739|Déchèterie de Neuvy Saint Sépulchre (Neuvy-Saint-Sépulchre, 22.9 km)]] — 0254309570\n[[https://www.google.com/maps?q=46.9939,1.59487|Déchèterie de Levroux (Levroux, 23.7 km)]] — 0254229028\n[[https://www.google.com/maps?q=46.9672,2.00423|Déchèterie d'Issoudun (Issoudun, 27.3 km)]] — 0254217992\n[[https://www.google.com/maps/search/d%C3%A9ch%C3%A8terie/@46.803540,1.736198,12z|Toutes les déchèteries autour du site 🗑️]]",
    "origine": "import",
    "campagne": "Espaces Verts 2026 P2-ENSIO",
    "towerco": "TOTEM",
    "ressources": "SEE ALL (ST ENSIO)",
    "nom_site": "CHATEAUROUX_ZI_EST",
    "adresse": "27 Bd d Anvaux",
    "departement": "36",
    "scope": "EV",
    "calque": "mp-ev-2026-p2-ensio",
    "code_fra": "FRA03600014",
    "acces_autonome": "a_confirmer",
    "acces_motif": "fiche d'accès vide",
    "_umap_options": {
     "color": "#67718A",
     "iconClass": "Ball"
    }
   }
  },
  {
   "type": "Feature",
   "geometry": {
    "type": "Point",
    "coordinates": [
     1.789488,
     46.781271
    ]
   },
   "properties": {
    "name": "FRA03600021 — ETRECHET",
    "description": "**Scope de maintenance** : EV\n**Verdict d'autonomie** : a_confirmer\n**Motif du verdict** : fiche d'accès vide\n**Campagne d'appartenance** : Espaces Verts 2026 P2-ENSIO\n**Donneur d'ordre de la campagne** : TOTEM\n**Colonne Ressources du périmètre** : SEE ALL (ST ENSIO)\n**Provenance du repère** : import\n**Adresse du site** : Rue des Anciens Combattants d AFN\n**Numéro de département** : 36\n**Nom du site** : ETRECHET\n**Coordonnées** : 46.781271, 1.789488\n[[https://www.google.com/maps?q=46.781271,1.789488|Google Maps 🌍]] · [[https://www.google.com/maps/@?api=1&map_action=pano&viewpoint=46.781271,1.789488|Street View]]\n**Déchèteries pro les plus proches** :\n[[https://www.google.com/maps?q=46.5997,1.77739|Déchèterie de Neuvy Saint Sépulchre (Neuvy-Saint-Sépulchre, 20.2 km)]] — 0254309570\n[[https://www.google.com/maps?q=46.5931,1.97452|Déchèterie de Montgivray (Montgivray, 25.2 km)]] — 0254060887\n[[https://www.google.com/maps?q=46.9672,2.00423|Déchèterie d'Issoudun (Issoudun, 26.3 km)]] — 0254217992\n[[https://www.google.com/maps/search/d%C3%A9ch%C3%A8terie/@46.781271,1.789488,12z|Toutes les déchèteries autour du site 🗑️]]",
    "origine": "import",
    "campagne": "Espaces Verts 2026 P2-ENSIO",
    "towerco": "TOTEM",
    "ressources": "SEE ALL (ST ENSIO)",
    "nom_site": "ETRECHET",
    "adresse": "Rue des Anciens Combattants d AFN",
    "departement": "36",
    "scope": "EV",
    "calque": "mp-ev-2026-p2-ensio",
    "code_fra": "FRA03600021",
    "acces_autonome": "a_confirmer",
    "acces_motif": "fiche d'accès vide",
    "_umap_options": {
     "color": "#67718A",
     "iconClass": "Ball"
    }
   }
  },
  {
   "type": "Feature",
   "geometry": {
    "type": "Point",
    "coordinates": [
     1.725391,
     46.872785
    ]
   },
   "properties": {
    "name": "FRA03600022 — COINGS",
    "description": "**Scope de maintenance** : EV\n**Verdict d'autonomie** : a_confirmer\n**Motif du verdict** : fiche d'accès vide\n**Campagne d'appartenance** : Espaces Verts 2026 P2-ENSIO\n**Donneur d'ordre de la campagne** : TOTEM\n**Colonne Ressources du périmètre** : SEE ALL (ST ENSIO)\n**Provenance du repère** : import\n**Adresse du site** : Château d'eau au bout de l aerodrome\n**Numéro de département** : 36\n**Nom du site** : COINGS\n**Coordonnées** : 46.872785, 1.725391\n[[https://www.google.com/maps?q=46.872785,1.725391|Google Maps 🌍]] · [[https://www.google.com/maps/@?api=1&map_action=pano&viewpoint=46.872785,1.725391|Street View]]\n**Déchèteries pro les plus proches** :\n[[https://www.google.com/maps?q=46.9939,1.59487|Déchèterie de Levroux (Levroux, 16.7 km)]] — 0254229028\n[[https://www.google.com/maps?q=46.9672,2.00423|Déchèterie d'Issoudun (Issoudun, 23.6 km)]] — 0254217992\n[[https://www.google.com/maps?q=46.5997,1.77739|Déchèterie de Neuvy Saint Sépulchre (Neuvy-Saint-Sépulchre, 30.6 km)]] — 0254309570\n[[https://www.google.com/maps/search/d%C3%A9ch%C3%A8terie/@46.872785,1.725391,12z|Toutes les déchèteries autour du site 🗑️]]",
    "origine": "import",
    "campagne": "Espaces Verts 2026 P2-ENSIO",
    "towerco": "TOTEM",
    "ressources": "SEE ALL (ST ENSIO)",
    "nom_site": "COINGS",
    "adresse": "Château d'eau au bout de l aerodrome",
    "departement": "36",
    "scope": "EV",
    "calque": "mp-ev-2026-p2-ensio",
    "code_fra": "FRA03600022",
    "acces_autonome": "a_confirmer",
    "acces_motif": "fiche d'accès vide",
    "_umap_options": {
     "color": "#67718A",
     "iconClass": "Ball"
    }
   }
  },
  {
   "type": "Feature",
   "geometry": {
    "type": "Point",
    "coordinates": [
     1.711659,
     46.828321
    ]
   },
   "properties": {
    "name": "FRA03600023 — CHATEAUROUX_ST_DENIS",
    "description": "**Scope de maintenance** : EV\n**Verdict d'autonomie** : a_confirmer\n**Motif du verdict** : fiche d'accès vide\n**Campagne d'appartenance** : Espaces Verts 2026 P2-ENSIO\n**Donneur d'ordre de la campagne** : TOTEM\n**Colonne Ressources du périmètre** : SEE ALL (ST ENSIO)\n**Provenance du repère** : import\n**Adresse du site** : Rue du Château d'eau\n**Numéro de département** : 36\n**Nom du site** : CHATEAUROUX_ST_DENIS\n**Coordonnées** : 46.828321, 1.711659\n[[https://www.google.com/maps?q=46.828321,1.711659|Google Maps 🌍]] · [[https://www.google.com/maps/@?api=1&map_action=pano&viewpoint=46.828321,1.711659|Street View]]\n**Déchèteries pro les plus proches** :\n[[https://www.google.com/maps?q=46.9939,1.59487|Déchèterie de Levroux (Levroux, 20.4 km)]] — 0254229028\n[[https://www.google.com/maps?q=46.5997,1.77739|Déchèterie de Neuvy Saint Sépulchre (Neuvy-Saint-Sépulchre, 25.9 km)]] — 0254309570\n[[https://www.google.com/maps?q=46.9672,2.00423|Déchèterie d'Issoudun (Issoudun, 27.1 km)]] — 0254217992\n[[https://www.google.com/maps/search/d%C3%A9ch%C3%A8terie/@46.828321,1.711659,12z|Toutes les déchèteries autour du site 🗑️]]",
    "origine": "import",
    "campagne": "Espaces Verts 2026 P2-ENSIO",
    "towerco": "TOTEM",
    "ressources": "SEE ALL (ST ENSIO)",
    "nom_site": "CHATEAUROUX_ST_DENIS",
    "adresse": "Rue du Château d'eau",
    "departement": "36",
    "scope": "EV",
    "calque": "mp-ev-2026-p2-ensio",
    "code_fra": "FRA03600023",
    "acces_autonome": "a_confirmer",
    "acces_motif": "fiche d'accès vide",
    "_umap_options": {
     "color": "#67718A",
     "iconClass": "Ball"
    }
   }
  },
  {
   "type": "Feature",
   "geometry": {
    "type": "Point",
    "coordinates": [
     1.670507,
     46.860576
    ]
   },
   "properties": {
    "name": "FRA03600026 — DEOLS_BRASSIOUX",
    "description": "**Scope de maintenance** : EV\n**Verdict d'autonomie** : a_confirmer\n**Motif du verdict** : fiche d'accès vide\n**Campagne d'appartenance** : Espaces Verts 2026 P2-ENSIO\n**Donneur d'ordre de la campagne** : TOTEM\n**Colonne Ressources du périmètre** : SEE ALL (ST ENSIO)\n**Provenance du repère** : import\n**Adresse du site** : Château d'eau Rue du Chevrefeuille\n**Numéro de département** : 36\n**Nom du site** : DEOLS_BRASSIOUX\n**Coordonnées** : 46.860576, 1.670507\n[[https://www.google.com/maps?q=46.860576,1.670507|Google Maps 🌍]] · [[https://www.google.com/maps/@?api=1&map_action=pano&viewpoint=46.860576,1.670507|Street View]]\n**Déchèteries pro les plus proches** :\n[[https://www.google.com/maps?q=46.9939,1.59487|Déchèterie de Levroux (Levroux, 15.9 km)]] — 0254229028\n[[https://www.google.com/maps?q=46.9672,2.00423|Déchèterie d'Issoudun (Issoudun, 28.0 km)]] — 0254217992\n[[https://www.google.com/maps?q=46.5997,1.77739|Déchèterie de Neuvy Saint Sépulchre (Neuvy-Saint-Sépulchre, 30.1 km)]] — 0254309570\n[[https://www.google.com/maps/search/d%C3%A9ch%C3%A8terie/@46.860576,1.670507,12z|Toutes les déchèteries autour du site 🗑️]]",
    "origine": "import",
    "campagne": "Espaces Verts 2026 P2-ENSIO",
    "towerco": "TOTEM",
    "ressources": "SEE ALL (ST ENSIO)",
    "nom_site": "DEOLS_BRASSIOUX",
    "adresse": "Château d'eau Rue du Chevrefeuille",
    "departement": "36",
    "scope": "EV",
    "calque": "mp-ev-2026-p2-ensio",
    "code_fra": "FRA03600026",
    "acces_autonome": "a_confirmer",
    "acces_motif": "fiche d'accès vide",
    "_umap_options": {
     "color": "#67718A",
     "iconClass": "Ball"
    }
   }
  },
  {
   "type": "Feature",
   "geometry": {
    "type": "Point",
    "coordinates": [
     1.832321,
     47.060854
    ]
   },
   "properties": {
    "name": "FRA03600029 — VATAN_REPUBLIQUE_FT",
    "description": "**Scope de maintenance** : EV\n**Verdict d'autonomie** : a_confirmer\n**Motif du verdict** : fiche d'accès vide\n**Campagne d'appartenance** : Espaces Verts 2026 P2-ENSIO\n**Donneur d'ordre de la campagne** : TOTEM\n**Colonne Ressources du périmètre** : SEE ALL (ST ENSIO)\n**Provenance du repère** : import\n**Adresse du site** : D960\n**Numéro de département** : 36\n**Nom du site** : VATAN_REPUBLIQUE_FT\n**Coordonnées** : 47.060854, 1.832321\n[[https://www.google.com/maps?q=47.060854,1.832321|Google Maps 🌍]] · [[https://www.google.com/maps/@?api=1&map_action=pano&viewpoint=47.060854,1.832321|Street View]]\n**Déchèteries pro les plus proches** :\n[[https://www.google.com/maps?q=47.1513,1.89796|Déchèterie de Nohant en Graçay (Nohant-en-Graçay, 11.2 km)]] — 0248512918\n[[https://www.google.com/maps?q=46.9672,2.00423|Déchèterie d'Issoudun (Issoudun, 16.7 km)]] — 0254217992\n[[https://www.google.com/maps?q=46.9939,1.59487|Déchèterie de Levroux (Levroux, 19.5 km)]] — 0254229028\n[[https://www.google.com/maps/search/d%C3%A9ch%C3%A8terie/@47.060854,1.832321,12z|Toutes les déchèteries autour du site 🗑️]]",
    "origine": "import",
    "campagne": "Espaces Verts 2026 P2-ENSIO",
    "towerco": "TOTEM",
    "ressources": "SEE ALL (ST ENSIO)",
    "nom_site": "VATAN_REPUBLIQUE_FT",
    "adresse": "D960",
    "departement": "36",
    "scope": "EV",
    "calque": "mp-ev-2026-p2-ensio",
    "code_fra": "FRA03600029",
    "acces_autonome": "a_confirmer",
    "acces_motif": "fiche d'accès vide",
    "_umap_options": {
     "color": "#67718A",
     "iconClass": "Ball"
    }
   }
  },
  {
   "type": "Feature",
   "geometry": {
    "type": "Point",
    "coordinates": [
     1.509711,
     46.569324
    ]
   },
   "properties": {
    "name": "FRA03600035 — ARGENTON_FT",
    "description": "**Scope de maintenance** : EV\n**Verdict d'autonomie** : a_confirmer\n**Motif du verdict** : fiche d'accès vide\n**Campagne d'appartenance** : Espaces Verts 2026 P2-ENSIO\n**Donneur d'ordre de la campagne** : TOTEM\n**Colonne Ressources du périmètre** : SEE ALL (ST ENSIO)\n**Provenance du repère** : import\n**Adresse du site** : le Terrier Blanc\n**Numéro de département** : 36\n**Nom du site** : ARGENTON_FT\n**Coordonnées** : 46.569324, 1.509711\n[[https://www.google.com/maps?q=46.569324,1.509711|Google Maps 🌍]] · [[https://www.google.com/maps/@?api=1&map_action=pano&viewpoint=46.569324,1.509711|Street View]]\n**Déchèteries pro les plus proches** :\n[[https://www.google.com/maps?q=46.6405,1.39515|Déchèterie de Rivarennes (Rivarennes, 11.8 km)]] — 0254479733\n[[https://www.google.com/maps?q=46.4344,1.37265|Déchèterie de la Châtre Langlin (La Châtre-Langlin, 18.3 km)]] — 0254248451\n[[https://www.google.com/maps?q=46.5997,1.77739|Déchèterie de Neuvy Saint Sépulchre (Neuvy-Saint-Sépulchre, 20.7 km)]] — 0254309570\n[[https://www.google.com/maps/search/d%C3%A9ch%C3%A8terie/@46.569324,1.509711,12z|Toutes les déchèteries autour du site 🗑️]]",
    "origine": "import",
    "campagne": "Espaces Verts 2026 P2-ENSIO",
    "towerco": "TOTEM",
    "ressources": "SEE ALL (ST ENSIO)",
    "nom_site": "ARGENTON_FT",
    "adresse": "le Terrier Blanc",
    "departement": "36",
    "scope": "EV",
    "calque": "mp-ev-2026-p2-ensio",
    "code_fra": "FRA03600035",
    "acces_autonome": "a_confirmer",
    "acces_motif": "fiche d'accès vide",
    "_umap_options": {
     "color": "#67718A",
     "iconClass": "Ball"
    }
   }
  },
  {
   "type": "Feature",
   "geometry": {
    "type": "Point",
    "coordinates": [
     1.553333,
     46.654167
    ]
   },
   "properties": {
    "name": "FRA03600036 — TENDU",
    "description": "**Scope de maintenance** : EV\n**Verdict d'autonomie** : a_confirmer\n**Motif du verdict** : fiche d'accès vide\n**Campagne d'appartenance** : Espaces Verts 2026 P2-ENSIO\n**Donneur d'ordre de la campagne** : TOTEM\n**Colonne Ressources du périmètre** : SEE ALL (ST ENSIO)\n**Provenance du repère** : import\n**Adresse du site** : Lieu-dit l Aveneau\n**Numéro de département** : 36\n**Nom du site** : TENDU\n**Coordonnées** : 46.654167, 1.553333\n[[https://www.google.com/maps?q=46.654167,1.553333|Google Maps 🌍]] · [[https://www.google.com/maps/@?api=1&map_action=pano&viewpoint=46.654167,1.553333|Street View]]\n**Déchèteries pro les plus proches** :\n[[https://www.google.com/maps?q=46.6405,1.39515|Déchèterie de Rivarennes (Rivarennes, 12.2 km)]] — 0254479733\n[[https://www.google.com/maps?q=46.5997,1.77739|Déchèterie de Neuvy Saint Sépulchre (Neuvy-Saint-Sépulchre, 18.1 km)]] — 0254309570\n[[https://www.google.com/maps?q=46.4344,1.37265|Déchèterie de la Châtre Langlin (La Châtre-Langlin, 28.1 km)]] — 0254248451\n[[https://www.google.com/maps/search/d%C3%A9ch%C3%A8terie/@46.654167,1.553333,12z|Toutes les déchèteries autour du site 🗑️]]",
    "origine": "import",
    "campagne": "Espaces Verts 2026 P2-ENSIO",
    "towerco": "TOTEM",
    "ressources": "SEE ALL (ST ENSIO)",
    "nom_site": "TENDU",
    "adresse": "Lieu-dit l Aveneau",
    "departement": "36",
    "scope": "EV",
    "calque": "mp-ev-2026-p2-ensio",
    "code_fra": "FRA03600036",
    "acces_autonome": "a_confirmer",
    "acces_motif": "fiche d'accès vide",
    "_umap_options": {
     "color": "#67718A",
     "iconClass": "Ball"
    }
   }
  },
  {
   "type": "Feature",
   "geometry": {
    "type": "Point",
    "coordinates": [
     1.531931,
     46.592831
    ]
   },
   "properties": {
    "name": "FRA03600037 — ARGENTON_VERGER",
    "description": "**Scope de maintenance** : EV\n**Verdict d'autonomie** : a_confirmer\n**Motif du verdict** : fiche d'accès vide\n**Campagne d'appartenance** : Espaces Verts 2026 P2-ENSIO\n**Donneur d'ordre de la campagne** : TOTEM\n**Colonne Ressources du périmètre** : SEE ALL (ST ENSIO)\n**Provenance du repère** : import\n**Adresse du site** : Lieu-dit le Clos du Verger\n**Numéro de département** : 36\n**Nom du site** : ARGENTON_VERGER\n**Coordonnées** : 46.592831, 1.531931\n[[https://www.google.com/maps?q=46.592831,1.531931|Google Maps 🌍]] · [[https://www.google.com/maps/@?api=1&map_action=pano&viewpoint=46.592831,1.531931|Street View]]\n**Déchèteries pro les plus proches** :\n[[https://www.google.com/maps?q=46.6405,1.39515|Déchèterie de Rivarennes (Rivarennes, 11.7 km)]] — 0254479733\n[[https://www.google.com/maps?q=46.5997,1.77739|Déchèterie de Neuvy Saint Sépulchre (Neuvy-Saint-Sépulchre, 18.8 km)]] — 0254309570\n[[https://www.google.com/maps?q=46.4344,1.37265|Déchèterie de la Châtre Langlin (La Châtre-Langlin, 21.4 km)]] — 0254248451\n[[https://www.google.com/maps/search/d%C3%A9ch%C3%A8terie/@46.592831,1.531931,12z|Toutes les déchèteries autour du site 🗑️]]",
    "origine": "import",
    "campagne": "Espaces Verts 2026 P2-ENSIO",
    "towerco": "TOTEM",
    "ressources": "SEE ALL (ST ENSIO)",
    "nom_site": "ARGENTON_VERGER",
    "adresse": "Lieu-dit le Clos du Verger",
    "departement": "36",
    "scope": "EV",
    "calque": "mp-ev-2026-p2-ensio",
    "code_fra": "FRA03600037",
    "acces_autonome": "a_confirmer",
    "acces_motif": "fiche d'accès vide",
    "_umap_options": {
     "color": "#67718A",
     "iconClass": "Ball"
    }
   }
  },
  {
   "type": "Feature",
   "geometry": {
    "type": "Point",
    "coordinates": [
     1.515909,
     46.616605
    ]
   },
   "properties": {
    "name": "FRA03600038 — ST_MARCEL_A20",
    "description": "**Scope de maintenance** : EV\n**Verdict d'autonomie** : a_confirmer\n**Motif du verdict** : fiche d'accès vide\n**Campagne d'appartenance** : Espaces Verts 2026 P2-ENSIO\n**Donneur d'ordre de la campagne** : TOTEM\n**Colonne Ressources du périmètre** : SEE ALL (ST ENSIO)\n**Provenance du repère** : import\n**Adresse du site** : Le Champ de la Couture\n**Numéro de département** : 36\n**Nom du site** : ST_MARCEL_A20\n**Coordonnées** : 46.616605, 1.515909\n[[https://www.google.com/maps?q=46.616605,1.515909|Google Maps 🌍]] · [[https://www.google.com/maps/@?api=1&map_action=pano&viewpoint=46.616605,1.515909|Street View]]\n**Déchèteries pro les plus proches** :\n[[https://www.google.com/maps?q=46.6405,1.39515|Déchèterie de Rivarennes (Rivarennes, 9.6 km)]] — 0254479733\n[[https://www.google.com/maps?q=46.5997,1.77739|Déchèterie de Neuvy Saint Sépulchre (Neuvy-Saint-Sépulchre, 20.1 km)]] — 0254309570\n[[https://www.google.com/maps?q=46.4344,1.37265|Déchèterie de la Châtre Langlin (La Châtre-Langlin, 23.0 km)]] — 0254248451\n[[https://www.google.com/maps/search/d%C3%A9ch%C3%A8terie/@46.616605,1.515909,12z|Toutes les déchèteries autour du site 🗑️]]",
    "origine": "import",
    "campagne": "Espaces Verts 2026 P2-ENSIO",
    "towerco": "TOTEM",
    "ressources": "SEE ALL (ST ENSIO)",
    "nom_site": "ST_MARCEL_A20",
    "adresse": "Le Champ de la Couture",
    "departement": "36",
    "scope": "EV",
    "calque": "mp-ev-2026-p2-ensio",
    "code_fra": "FRA03600038",
    "acces_autonome": "a_confirmer",
    "acces_motif": "fiche d'accès vide",
    "_umap_options": {
     "color": "#67718A",
     "iconClass": "Ball"
    }
   }
  },
  {
   "type": "Feature",
   "geometry": {
    "type": "Point",
    "coordinates": [
     0.937083,
     46.630585
    ]
   },
   "properties": {
    "name": "FRA03600042 — ZB_MERIGNY",
    "description": "**Scope de maintenance** : EV\n**Verdict d'autonomie** : a_confirmer\n**Motif du verdict** : fiche d'accès vide\n**Campagne d'appartenance** : Espaces Verts 2026 P2-ENSIO\n**Donneur d'ordre de la campagne** : TOTEM\n**Colonne Ressources du périmètre** : SEE ALL (ST ENSIO)\n**Provenance du repère** : import\n**Adresse du site** : la Poirelle\n**Numéro de département** : 36\n**Nom du site** : ZB_MERIGNY\n**Coordonnées** : 46.630585, 0.937083\n[[https://www.google.com/maps?q=46.630585,0.937083|Google Maps 🌍]] · [[https://www.google.com/maps/@?api=1&map_action=pano&viewpoint=46.630585,0.937083|Street View]]\n**Déchèteries pro les plus proches** :\n[[https://www.google.com/maps?q=46.6831,0.843065|Déchèterie de Saint Pierre de Maille (SAINT-PIERRE-DE-MAILLE, 9.3 km)]] — 0549841709\n[[https://www.google.com/maps?q=46.5606,0.849475|Déchèterie de Saint Savin (SAINT-SAVIN, 10.3 km)]] — 0549481880\n[[https://www.google.com/maps?q=46.6244,1.08113|Déchèterie le Blanc (Le Blanc, 11.0 km)]] — 0254286518\n[[https://www.google.com/maps/search/d%C3%A9ch%C3%A8terie/@46.630585,0.937083,12z|Toutes les déchèteries autour du site 🗑️]]",
    "origine": "import",
    "campagne": "Espaces Verts 2026 P2-ENSIO",
    "towerco": "TOTEM",
    "ressources": "SEE ALL (ST ENSIO)",
    "nom_site": "ZB_MERIGNY",
    "adresse": "la Poirelle",
    "departement": "36",
    "scope": "EV",
    "calque": "mp-ev-2026-p2-ensio",
    "code_fra": "FRA03600042",
    "acces_autonome": "a_confirmer",
    "acces_motif": "fiche d'accès vide",
    "_umap_options": {
     "color": "#67718A",
     "iconClass": "Ball"
    }
   }
  },
  {
   "type": "Feature",
   "geometry": {
    "type": "Point",
    "coordinates": [
     0.97513,
     46.745959
    ]
   },
   "properties": {
    "name": "FRA03600043 — TOURNON_ST_PIERRE",
    "description": "**Scope de maintenance** : EV\n**Verdict d'autonomie** : a_confirmer\n**Motif du verdict** : fiche d'accès vide\n**Campagne d'appartenance** : Espaces Verts 2026 P2-ENSIO\n**Donneur d'ordre de la campagne** : TOTEM\n**Colonne Ressources du périmètre** : SEE ALL (ST ENSIO)\n**Provenance du repère** : import\n**Adresse du site** : Lieu-dit\n**Numéro de département** : 36\n**Nom du site** : TOURNON_ST_PIERRE\n**Coordonnées** : 46.745959, 0.975130\n[[https://www.google.com/maps?q=46.745959,0.975130|Google Maps 🌍]] · [[https://www.google.com/maps/@?api=1&map_action=pano&viewpoint=46.745959,0.975130|Street View]]\n**Déchèteries pro les plus proches** :\n[[https://www.google.com/maps?q=46.737,0.980171|Déchèterie de Tournon Saint Martin (Tournon-Saint-Martin, 1.1 km)]] — 0254377597\n[[https://www.google.com/maps?q=46.7941,0.951117|Déchèterie de Bossay sur Claise (Bossay-sur-Claise, 5.7 km)]] — 0247945914\n[[https://www.google.com/maps?q=46.6831,0.843065|Déchèterie de Saint Pierre de Maille (SAINT-PIERRE-DE-MAILLE, 12.3 km)]] — 0549841709\n[[https://www.google.com/maps/search/d%C3%A9ch%C3%A8terie/@46.745959,0.975130,12z|Toutes les déchèteries autour du site 🗑️]]",
    "origine": "import",
    "campagne": "Espaces Verts 2026 P2-ENSIO",
    "towerco": "TOTEM",
    "ressources": "SEE ALL (ST ENSIO)",
    "nom_site": "TOURNON_ST_PIERRE",
    "adresse": "Lieu-dit",
    "departement": "36",
    "scope": "EV",
    "calque": "mp-ev-2026-p2-ensio",
    "code_fra": "FRA03600043",
    "acces_autonome": "a_confirmer",
    "acces_motif": "fiche d'accès vide",
    "_umap_options": {
     "color": "#67718A",
     "iconClass": "Ball"
    }
   }
  },
  {
   "type": "Feature",
   "geometry": {
    "type": "Point",
    "coordinates": [
     0.986814,
     46.689627
    ]
   },
   "properties": {
    "name": "FRA03600044 — ZBC_FONTGOMBAULT",
    "description": "**Scope de maintenance** : EV\n**Verdict d'autonomie** : a_confirmer\n**Motif du verdict** : fiche d'accès vide\n**Campagne d'appartenance** : Espaces Verts 2026 P2-ENSIO\n**Donneur d'ordre de la campagne** : TOTEM\n**Colonne Ressources du périmètre** : SEE ALL (ST ENSIO)\n**Provenance du repère** : import\n**Adresse du site** : Lieu-dit\n**Numéro de département** : 36\n**Nom du site** : ZBC_FONTGOMBAULT\n**Coordonnées** : 46.689627, 0.986814\n[[https://www.google.com/maps?q=46.689627,0.986814|Google Maps 🌍]] · [[https://www.google.com/maps/@?api=1&map_action=pano&viewpoint=46.689627,0.986814|Street View]]\n**Déchèteries pro les plus proches** :\n[[https://www.google.com/maps?q=46.737,0.980171|Déchèterie de Tournon Saint Martin (Tournon-Saint-Martin, 5.3 km)]] — 0254377597\n[[https://www.google.com/maps?q=46.6244,1.08113|Déchèterie le Blanc (Le Blanc, 10.2 km)]] — 0254286518\n[[https://www.google.com/maps?q=46.6831,0.843065|Déchèterie de Saint Pierre de Maille (SAINT-PIERRE-DE-MAILLE, 11.0 km)]] — 0549841709\n[[https://www.google.com/maps/search/d%C3%A9ch%C3%A8terie/@46.689627,0.986814,12z|Toutes les déchèteries autour du site 🗑️]]",
    "origine": "import",
    "campagne": "Espaces Verts 2026 P2-ENSIO",
    "towerco": "TOTEM",
    "ressources": "SEE ALL (ST ENSIO)",
    "nom_site": "ZBC_FONTGOMBAULT",
    "adresse": "Lieu-dit",
    "departement": "36",
    "scope": "EV",
    "calque": "mp-ev-2026-p2-ensio",
    "code_fra": "FRA03600044",
    "acces_autonome": "a_confirmer",
    "acces_motif": "fiche d'accès vide",
    "_umap_options": {
     "color": "#67718A",
     "iconClass": "Ball"
    }
   }
  },
  {
   "type": "Feature",
   "geometry": {
    "type": "Point",
    "coordinates": [
     1.039117,
     46.809562
    ]
   },
   "properties": {
    "name": "FRA03600045 — MARTIZAY",
    "description": "**Scope de maintenance** : EV\n**Verdict d'autonomie** : a_confirmer\n**Motif du verdict** : fiche d'accès vide\n**Campagne d'appartenance** : Espaces Verts 2026 P2-ENSIO\n**Donneur d'ordre de la campagne** : TOTEM\n**Colonne Ressources du périmètre** : SEE ALL (ST ENSIO)\n**Provenance du repère** : import\n**Adresse du site** : La Metiverie\n**Numéro de département** : 36\n**Nom du site** : MARTIZAY\n**Coordonnées** : 46.809562, 1.039117\n[[https://www.google.com/maps?q=46.809562,1.039117|Google Maps 🌍]] · [[https://www.google.com/maps/@?api=1&map_action=pano&viewpoint=46.809562,1.039117|Street View]]\n**Déchèteries pro les plus proches** :\n[[https://www.google.com/maps?q=46.7941,0.951117|Déchèterie de Bossay sur Claise (Bossay-sur-Claise, 6.9 km)]] — 0247945914\n[[https://www.google.com/maps?q=46.737,0.980171|Déchèterie de Tournon Saint Martin (Tournon-Saint-Martin, 9.2 km)]] — 0254377597\n[[https://www.google.com/maps?q=46.8124,1.20248|Déchèterie de Saint Michel en Brenne (Saint-Michel-en-Brenne, 12.4 km)]] — 0254381103\n[[https://www.google.com/maps/search/d%C3%A9ch%C3%A8terie/@46.809562,1.039117,12z|Toutes les déchèteries autour du site 🗑️]]",
    "origine": "import",
    "campagne": "Espaces Verts 2026 P2-ENSIO",
    "towerco": "TOTEM",
    "ressources": "SEE ALL (ST ENSIO)",
    "nom_site": "MARTIZAY",
    "adresse": "La Metiverie",
    "departement": "36",
    "scope": "EV",
    "calque": "mp-ev-2026-p2-ensio",
    "code_fra": "FRA03600045",
    "acces_autonome": "a_confirmer",
    "acces_motif": "fiche d'accès vide",
    "_umap_options": {
     "color": "#67718A",
     "iconClass": "Ball"
    }
   }
  },
  {
   "type": "Feature",
   "geometry": {
    "type": "Point",
    "coordinates": [
     1.815438,
     46.589444
    ]
   },
   "properties": {
    "name": "FRA03600046 — NEUVY_ST_SEPULCHRE_FT",
    "description": "**Scope de maintenance** : EV\n**Verdict d'autonomie** : a_confirmer\n**Motif du verdict** : fiche d'accès vide\n**Campagne d'appartenance** : Espaces Verts 2026 P2-ENSIO\n**Donneur d'ordre de la campagne** : TOTEM\n**Colonne Ressources du périmètre** : SEE ALL (ST ENSIO)\n**Provenance du repère** : import\n**Adresse du site** : Site FT\n**Numéro de département** : 36\n**Nom du site** : NEUVY_ST_SEPULCHRE_FT\n**Coordonnées** : 46.589444, 1.815438\n[[https://www.google.com/maps?q=46.589444,1.815438|Google Maps 🌍]] · [[https://www.google.com/maps/@?api=1&map_action=pano&viewpoint=46.589444,1.815438|Street View]]\n**Déchèteries pro les plus proches** :\n[[https://www.google.com/maps?q=46.5997,1.77739|Déchèterie de Neuvy Saint Sépulchre (Neuvy-Saint-Sépulchre, 3.1 km)]] — 0254309570\n[[https://www.google.com/maps?q=46.5931,1.97452|Déchèterie de Montgivray (Montgivray, 12.2 km)]] — 0254060887\n[[https://www.google.com/maps?q=46.4453,1.86991|Déchèterie d'Aigurande (Aigurande, 16.6 km)]] — 0254063733\n[[https://www.google.com/maps/search/d%C3%A9ch%C3%A8terie/@46.589444,1.815438,12z|Toutes les déchèteries autour du site 🗑️]]",
    "origine": "import",
    "campagne": "Espaces Verts 2026 P2-ENSIO",
    "towerco": "TOTEM",
    "ressources": "SEE ALL (ST ENSIO)",
    "nom_site": "NEUVY_ST_SEPULCHRE_FT",
    "adresse": "Site FT",
    "departement": "36",
    "scope": "EV",
    "calque": "mp-ev-2026-p2-ensio",
    "code_fra": "FRA03600046",
    "acces_autonome": "a_confirmer",
    "acces_motif": "fiche d'accès vide",
    "_umap_options": {
     "color": "#67718A",
     "iconClass": "Ball"
    }
   }
  },
  {
   "type": "Feature",
   "geometry": {
    "type": "Point",
    "coordinates": [
     1.862527,
     46.526419
    ]
   },
   "properties": {
    "name": "FRA03600048 — ST_DENIS_DE_JOUHET",
    "description": "**Scope de maintenance** : EV\n**Verdict d'autonomie** : a_confirmer\n**Motif du verdict** : fiche d'accès vide\n**Campagne d'appartenance** : Espaces Verts 2026 P2-ENSIO\n**Donneur d'ordre de la campagne** : TOTEM\n**Colonne Ressources du périmètre** : SEE ALL (ST ENSIO)\n**Provenance du repère** : import\n**Adresse du site** : Rue du 14 Juillet 1789\n**Numéro de département** : 36\n**Nom du site** : ST_DENIS_DE_JOUHET\n**Coordonnées** : 46.526419, 1.862527\n[[https://www.google.com/maps?q=46.526419,1.862527|Google Maps 🌍]] · [[https://www.google.com/maps/@?api=1&map_action=pano&viewpoint=46.526419,1.862527|Street View]]\n**Déchèteries pro les plus proches** :\n[[https://www.google.com/maps?q=46.4453,1.86991|Déchèterie d'Aigurande (Aigurande, 9.0 km)]] — 0254063733\n[[https://www.google.com/maps?q=46.5997,1.77739|Déchèterie de Neuvy Saint Sépulchre (Neuvy-Saint-Sépulchre, 10.4 km)]] — 0254309570\n[[https://www.google.com/maps?q=46.5931,1.97452|Déchèterie de Montgivray (Montgivray, 11.3 km)]] — 0254060887\n[[https://www.google.com/maps/search/d%C3%A9ch%C3%A8terie/@46.526419,1.862527,12z|Toutes les déchèteries autour du site 🗑️]]",
    "origine": "import",
    "campagne": "Espaces Verts 2026 P2-ENSIO",
    "towerco": "TOTEM",
    "ressources": "SEE ALL (ST ENSIO)",
    "nom_site": "ST_DENIS_DE_JOUHET",
    "adresse": "Rue du 14 Juillet 1789",
    "departement": "36",
    "scope": "EV",
    "calque": "mp-ev-2026-p2-ensio",
    "code_fra": "FRA03600048",
    "acces_autonome": "a_confirmer",
    "acces_motif": "fiche d'accès vide",
    "_umap_options": {
     "color": "#67718A",
     "iconClass": "Ball"
    }
   }
  },
  {
   "type": "Feature",
   "geometry": {
    "type": "Point",
    "coordinates": [
     1.342258,
     47.092343
    ]
   },
   "properties": {
    "name": "FRA03600049 — ECUEILLE",
    "description": "**Scope de maintenance** : EV\n**Verdict d'autonomie** : a_confirmer\n**Motif du verdict** : fiche d'accès vide\n**Campagne d'appartenance** : Espaces Verts 2026 P2-ENSIO\n**Donneur d'ordre de la campagne** : TOTEM\n**Colonne Ressources du périmètre** : SEE ALL (ST ENSIO)\n**Provenance du repère** : import\n**Adresse du site** : Chemin rural d Ecueille a st aignant\n**Numéro de département** : 36\n**Nom du site** : ECUEILLE\n**Coordonnées** : 47.092343, 1.342258\n[[https://www.google.com/maps?q=47.092343,1.342258|Google Maps 🌍]] · [[https://www.google.com/maps/@?api=1&map_action=pano&viewpoint=47.092343,1.342258|Street View]]\n**Déchèteries pro les plus proches** :\n[[https://www.google.com/maps?q=47.0341,1.35161|Déchèterie de Heugnes (Heugnes, 6.5 km)]] — 0254390020\n[[https://www.google.com/maps?q=47.1421,1.27624|Déchèterie de Nouans les Fontaines (Nouans-les-Fontaines, 7.5 km)]] — 0675283457\n[[https://www.google.com/maps?q=46.9897,1.22095|Déchèterie de Chatillon sur Indre (Châtillon-sur-Indre, 14.7 km)]] — 0254386979\n[[https://www.google.com/maps/search/d%C3%A9ch%C3%A8terie/@47.092343,1.342258,12z|Toutes les déchèteries autour du site 🗑️]]",
    "origine": "import",
    "campagne": "Espaces Verts 2026 P2-ENSIO",
    "towerco": "TOTEM",
    "ressources": "SEE ALL (ST ENSIO)",
    "nom_site": "ECUEILLE",
    "adresse": "Chemin rural d Ecueille a st aignant",
    "departement": "36",
    "scope": "EV",
    "calque": "mp-ev-2026-p2-ensio",
    "code_fra": "FRA03600049",
    "acces_autonome": "a_confirmer",
    "acces_motif": "fiche d'accès vide",
    "_umap_options": {
     "color": "#67718A",
     "iconClass": "Ball"
    }
   }
  },
  {
   "type": "Feature",
   "geometry": {
    "type": "Point",
    "coordinates": [
     1.617908,
     46.836227
    ]
   },
   "properties": {
    "name": "FRA03600051 — ST_MAUR_INDRE",
    "description": "**Scope de maintenance** : EV\n**Verdict d'autonomie** : a_confirmer\n**Motif du verdict** : fiche d'accès vide\n**Campagne d'appartenance** : Espaces Verts 2026 P2-ENSIO\n**Donneur d'ordre de la campagne** : TOTEM\n**Colonne Ressources du périmètre** : SEE ALL (ST ENSIO)\n**Provenance du repère** : import\n**Adresse du site** : Château d'eau\n**Numéro de département** : 36\n**Nom du site** : ST_MAUR_INDRE\n**Coordonnées** : 46.836227, 1.617908\n[[https://www.google.com/maps?q=46.836227,1.617908|Google Maps 🌍]] · [[https://www.google.com/maps/@?api=1&map_action=pano&viewpoint=46.836227,1.617908|Street View]]\n**Déchèteries pro les plus proches** :\n[[https://www.google.com/maps?q=46.9939,1.59487|Déchèterie de Levroux (Levroux, 17.6 km)]] — 0254229028\n[[https://www.google.com/maps?q=46.6405,1.39515|Déchèterie de Rivarennes (Rivarennes, 27.6 km)]] — 0254479733\n[[https://www.google.com/maps?q=46.5997,1.77739|Déchèterie de Neuvy Saint Sépulchre (Neuvy-Saint-Sépulchre, 29.0 km)]] — 0254309570\n[[https://www.google.com/maps/search/d%C3%A9ch%C3%A8terie/@46.836227,1.617908,12z|Toutes les déchèteries autour du site 🗑️]]",
    "origine": "import",
    "campagne": "Espaces Verts 2026 P2-ENSIO",
    "towerco": "TOTEM",
    "ressources": "SEE ALL (ST ENSIO)",
    "nom_site": "ST_MAUR_INDRE",
    "adresse": "Château d'eau",
    "departement": "36",
    "scope": "EV",
    "calque": "mp-ev-2026-p2-ensio",
    "code_fra": "FRA03600051",
    "acces_autonome": "a_confirmer",
    "acces_motif": "fiche d'accès vide",
    "_umap_options": {
     "color": "#67718A",
     "iconClass": "Ball"
    }
   }
  },
  {
   "type": "Feature",
   "geometry": {
    "type": "Point",
    "coordinates": [
     1.637962,
     46.796162
    ]
   },
   "properties": {
    "name": "FRA03600052 — ST_MAUR",
    "description": "**Scope de maintenance** : EV\n**Verdict d'autonomie** : a_confirmer\n**Motif du verdict** : fiche d'accès vide\n**Campagne d'appartenance** : Espaces Verts 2026 P2-ENSIO\n**Donneur d'ordre de la campagne** : TOTEM\n**Colonne Ressources du périmètre** : SEE ALL (ST ENSIO)\n**Provenance du repère** : import\n**Adresse du site** : Null Von\n**Numéro de département** : 36\n**Nom du site** : ST_MAUR\n**Coordonnées** : 46.796162, 1.637962\n[[https://www.google.com/maps?q=46.796162,1.637962|Google Maps 🌍]] · [[https://www.google.com/maps/@?api=1&map_action=pano&viewpoint=46.796162,1.637962|Street View]]\n**Déchèteries pro les plus proches** :\n[[https://www.google.com/maps?q=46.9939,1.59487|Déchèterie de Levroux (Levroux, 22.2 km)]] — 0254229028\n[[https://www.google.com/maps?q=46.5997,1.77739|Déchèterie de Neuvy Saint Sépulchre (Neuvy-Saint-Sépulchre, 24.3 km)]] — 0254309570\n[[https://www.google.com/maps?q=46.6405,1.39515|Déchèterie de Rivarennes (Rivarennes, 25.3 km)]] — 0254479733\n[[https://www.google.com/maps/search/d%C3%A9ch%C3%A8terie/@46.796162,1.637962,12z|Toutes les déchèteries autour du site 🗑️]]",
    "origine": "import",
    "campagne": "Espaces Verts 2026 P2-ENSIO",
    "towerco": "TOTEM",
    "ressources": "SEE ALL (ST ENSIO)",
    "nom_site": "ST_MAUR",
    "adresse": "Null Von",
    "departement": "36",
    "scope": "EV",
    "calque": "mp-ev-2026-p2-ensio",
    "code_fra": "FRA03600052",
    "acces_autonome": "a_confirmer",
    "acces_motif": "fiche d'accès vide",
    "_umap_options": {
     "color": "#67718A",
     "iconClass": "Ball"
    }
   }
  },
  {
   "type": "Feature",
   "geometry": {
    "type": "Point",
    "coordinates": [
     1.569396,
     46.435682
    ]
   },
   "properties": {
    "name": "FRA03600055 — EGUZON_CENTRE",
    "description": "**Scope de maintenance** : EV\n**Verdict d'autonomie** : a_confirmer\n**Motif du verdict** : fiche d'accès vide\n**Campagne d'appartenance** : Espaces Verts 2026 P2-ENSIO\n**Donneur d'ordre de la campagne** : TOTEM\n**Colonne Ressources du périmètre** : SEE ALL (ST ENSIO)\n**Provenance du repère** : import\n**Adresse du site** : Site FT\n**Numéro de département** : 36\n**Nom du site** : EGUZON_CENTRE\n**Coordonnées** : 46.435682, 1.569396\n[[https://www.google.com/maps?q=46.435682,1.569396|Google Maps 🌍]] · [[https://www.google.com/maps/@?api=1&map_action=pano&viewpoint=46.435682,1.569396|Street View]]\n**Déchèteries pro les plus proches** :\n[[https://www.google.com/maps?q=46.323,1.66553|Déchèterie de Dun-le-palestel (Dun-le-Palestel, 14.5 km)]] — 0555898600\n[[https://www.google.com/maps?q=46.4344,1.37265|Déchèterie de la Châtre Langlin (La Châtre-Langlin, 15.1 km)]] — 0254248451\n[[https://www.google.com/maps?q=46.3263,1.34601|Decheterie de Mailhac sur Benaize (Mailhac-sur-Benaize, 21.0 km)]] — 0555762278\n[[https://www.google.com/maps/search/d%C3%A9ch%C3%A8terie/@46.435682,1.569396,12z|Toutes les déchèteries autour du site 🗑️]]",
    "origine": "import",
    "campagne": "Espaces Verts 2026 P2-ENSIO",
    "towerco": "TOTEM",
    "ressources": "SEE ALL (ST ENSIO)",
    "nom_site": "EGUZON_CENTRE",
    "adresse": "Site FT",
    "departement": "36",
    "scope": "EV",
    "calque": "mp-ev-2026-p2-ensio",
    "code_fra": "FRA03600055",
    "acces_autonome": "a_confirmer",
    "acces_motif": "fiche d'accès vide",
    "_umap_options": {
     "color": "#67718A",
     "iconClass": "Ball"
    }
   }
  },
  {
   "type": "Feature",
   "geometry": {
    "type": "Point",
    "coordinates": [
     1.145998,
     46.858375
    ]
   },
   "properties": {
    "name": "FRA03600058 — PAULNAY",
    "description": "**Scope de maintenance** : EV\n**Verdict d'autonomie** : a_confirmer\n**Motif du verdict** : fiche d'accès vide\n**Campagne d'appartenance** : Espaces Verts 2026 P2-ENSIO\n**Donneur d'ordre de la campagne** : TOTEM\n**Colonne Ressources du périmètre** : SEE ALL (ST ENSIO)\n**Provenance du repère** : import\n**Adresse du site** : Lieu-dit les hauts Avineaux\n**Numéro de département** : 36\n**Nom du site** : PAULNAY\n**Coordonnées** : 46.858375, 1.145998\n[[https://www.google.com/maps?q=46.858375,1.145998|Google Maps 🌍]] · [[https://www.google.com/maps/@?api=1&map_action=pano&viewpoint=46.858375,1.145998|Street View]]\n**Déchèteries pro les plus proches** :\n[[https://www.google.com/maps?q=46.8124,1.20248|Déchèterie de Saint Michel en Brenne (Saint-Michel-en-Brenne, 6.7 km)]] — 0254381103\n[[https://www.google.com/maps?q=46.9897,1.22095|Déchèterie de Chatillon sur Indre (Châtillon-sur-Indre, 15.7 km)]] — 0254386979\n[[https://www.google.com/maps?q=46.7941,0.951117|Déchèterie de Bossay sur Claise (Bossay-sur-Claise, 16.5 km)]] — 0247945914\n[[https://www.google.com/maps/search/d%C3%A9ch%C3%A8terie/@46.858375,1.145998,12z|Toutes les déchèteries autour du site 🗑️]]",
    "origine": "import",
    "campagne": "Espaces Verts 2026 P2-ENSIO",
    "towerco": "TOTEM",
    "ressources": "SEE ALL (ST ENSIO)",
    "nom_site": "PAULNAY",
    "adresse": "Lieu-dit les hauts Avineaux",
    "departement": "36",
    "scope": "EV",
    "calque": "mp-ev-2026-p2-ensio",
    "code_fra": "FRA03600058",
    "acces_autonome": "a_confirmer",
    "acces_motif": "fiche d'accès vide",
    "_umap_options": {
     "color": "#67718A",
     "iconClass": "Ball"
    }
   }
  },
  {
   "type": "Feature",
   "geometry": {
    "type": "Point",
    "coordinates": [
     1.212567,
     46.69911
    ]
   },
   "properties": {
    "name": "FRA03600060 — ROSNAY",
    "description": "**Scope de maintenance** : EV\n**Verdict d'autonomie** : a_confirmer\n**Motif du verdict** : fiche d'accès vide\n**Campagne d'appartenance** : Espaces Verts 2026 P2-ENSIO\n**Donneur d'ordre de la campagne** : TOTEM\n**Colonne Ressources du périmètre** : SEE ALL (ST ENSIO)\n**Provenance du repère** : import\n**Adresse du site** : 24 Rue du Champ de Foire\n**Numéro de département** : 36\n**Nom du site** : ROSNAY\n**Coordonnées** : 46.699110, 1.212567\n[[https://www.google.com/maps?q=46.699110,1.212567|Google Maps 🌍]] · [[https://www.google.com/maps/@?api=1&map_action=pano&viewpoint=46.699110,1.212567|Street View]]\n**Déchèteries pro les plus proches** :\n[[https://www.google.com/maps?q=46.8124,1.20248|Déchèterie de Saint Michel en Brenne (Saint-Michel-en-Brenne, 12.6 km)]] — 0254381103\n[[https://www.google.com/maps?q=46.6244,1.08113|Déchèterie le Blanc (Le Blanc, 13.0 km)]] — 0254286518\n[[https://www.google.com/maps?q=46.6405,1.39515|Déchèterie de Rivarennes (Rivarennes, 15.4 km)]] — 0254479733\n[[https://www.google.com/maps/search/d%C3%A9ch%C3%A8terie/@46.699110,1.212567,12z|Toutes les déchèteries autour du site 🗑️]]",
    "origine": "import",
    "campagne": "Espaces Verts 2026 P2-ENSIO",
    "towerco": "TOTEM",
    "ressources": "SEE ALL (ST ENSIO)",
    "nom_site": "ROSNAY",
    "adresse": "24 Rue du Champ de Foire",
    "departement": "36",
    "scope": "EV",
    "calque": "mp-ev-2026-p2-ensio",
    "code_fra": "FRA03600060",
    "acces_autonome": "a_confirmer",
    "acces_motif": "fiche d'accès vide",
    "_umap_options": {
     "color": "#67718A",
     "iconClass": "Ball"
    }
   }
  },
  {
   "type": "Feature",
   "geometry": {
    "type": "Point",
    "coordinates": [
     1.0567,
     46.626321
    ]
   },
   "properties": {
    "name": "FRA03600061 — LEBLANC_SUD",
    "description": "**Scope de maintenance** : EV\n**Verdict d'autonomie** : a_confirmer\n**Motif du verdict** : fiche d'accès vide\n**Campagne d'appartenance** : Espaces Verts 2026 P2-ENSIO\n**Donneur d'ordre de la campagne** : TOTEM\n**Colonne Ressources du périmètre** : SEE ALL (ST ENSIO)\n**Provenance du repère** : import\n**Adresse du site** : CHATEAU D EAU RUE MASSICOTS\n**Numéro de département** : 36\n**Nom du site** : LEBLANC_SUD\n**Coordonnées** : 46.626321, 1.056700\n[[https://www.google.com/maps?q=46.626321,1.056700|Google Maps 🌍]] · [[https://www.google.com/maps/@?api=1&map_action=pano&viewpoint=46.626321,1.056700|Street View]]\n**Déchèteries pro les plus proches** :\n[[https://www.google.com/maps?q=46.6244,1.08113|Déchèterie le Blanc (Le Blanc, 1.9 km)]] — 0254286518\n[[https://www.google.com/maps?q=46.5436,1.17526|Déchèterie de Bélâbre (Bélâbre, 12.9 km)]] — 0627870636\n[[https://www.google.com/maps?q=46.737,0.980171|Déchèterie de Tournon Saint Martin (Tournon-Saint-Martin, 13.6 km)]] — 0254377597\n[[https://www.google.com/maps/search/d%C3%A9ch%C3%A8terie/@46.626321,1.056700,12z|Toutes les déchèteries autour du site 🗑️]]",
    "origine": "import",
    "campagne": "Espaces Verts 2026 P2-ENSIO",
    "towerco": "TOTEM",
    "ressources": "SEE ALL (ST ENSIO)",
    "nom_site": "LEBLANC_SUD",
    "adresse": "CHATEAU D EAU RUE MASSICOTS",
    "departement": "36",
    "scope": "EV",
    "calque": "mp-ev-2026-p2-ensio",
    "code_fra": "FRA03600061",
    "acces_autonome": "a_confirmer",
    "acces_motif": "fiche d'accès vide",
    "_umap_options": {
     "color": "#67718A",
     "iconClass": "Ball"
    }
   }
  },
  {
   "type": "Feature",
   "geometry": {
    "type": "Point",
    "coordinates": [
     1.44258,
     47.115613
    ]
   },
   "properties": {
    "name": "FRA03600067 — LUCAY_LE_MALE",
    "description": "**Scope de maintenance** : EV\n**Verdict d'autonomie** : a_confirmer\n**Motif du verdict** : fiche d'accès vide\n**Campagne d'appartenance** : Espaces Verts 2026 P2-ENSIO\n**Donneur d'ordre de la campagne** : TOTEM\n**Colonne Ressources du périmètre** : SEE ALL (ST ENSIO)\n**Provenance du repère** : import\n**Adresse du site** : Château d'eau sur la D151\n**Numéro de département** : 36\n**Nom du site** : LUCAY_LE_MALE\n**Coordonnées** : 47.115613, 1.442580\n[[https://www.google.com/maps?q=47.115613,1.442580|Google Maps 🌍]] · [[https://www.google.com/maps/@?api=1&map_action=pano&viewpoint=47.115613,1.442580|Street View]]\n**Déchèteries pro les plus proches** :\n[[https://www.google.com/maps?q=47.1528,1.5304|Déchèterie de Valençay (Valençay, 7.8 km)]] — 0608898130\n[[https://www.google.com/maps?q=47.0341,1.35161|Déchèterie de Heugnes (Heugnes, 11.4 km)]] — 0254390020\n[[https://www.google.com/maps?q=47.1421,1.27624|Déchèterie de Nouans les Fontaines (Nouans-les-Fontaines, 12.9 km)]] — 0675283457\n[[https://www.google.com/maps/search/d%C3%A9ch%C3%A8terie/@47.115613,1.442580,12z|Toutes les déchèteries autour du site 🗑️]]",
    "origine": "import",
    "campagne": "Espaces Verts 2026 P2-ENSIO",
    "towerco": "TOTEM",
    "ressources": "SEE ALL (ST ENSIO)",
    "nom_site": "LUCAY_LE_MALE",
    "adresse": "Château d'eau sur la D151",
    "departement": "36",
    "scope": "EV",
    "calque": "mp-ev-2026-p2-ensio",
    "code_fra": "FRA03600067",
    "acces_autonome": "a_confirmer",
    "acces_motif": "fiche d'accès vide",
    "_umap_options": {
     "color": "#67718A",
     "iconClass": "Ball"
    }
   }
  },
  {
   "type": "Feature",
   "geometry": {
    "type": "Point",
    "coordinates": [
     1.449296,
     46.880848
    ]
   },
   "properties": {
    "name": "FRA03600071 — BUZANCAIS",
    "description": "**Scope de maintenance** : EV\n**Verdict d'autonomie** : a_confirmer\n**Motif du verdict** : fiche d'accès vide\n**Campagne d'appartenance** : Espaces Verts 2026 P2-ENSIO\n**Donneur d'ordre de la campagne** : TOTEM\n**Colonne Ressources du périmètre** : SEE ALL (ST ENSIO)\n**Provenance du repère** : import\n**Adresse du site** : TERRAIN PRIVE\n**Numéro de département** : 36\n**Nom du site** : BUZANCAIS\n**Coordonnées** : 46.880848, 1.449296\n[[https://www.google.com/maps?q=46.880848,1.449296|Google Maps 🌍]] · [[https://www.google.com/maps/@?api=1&map_action=pano&viewpoint=46.880848,1.449296|Street View]]\n**Déchèteries pro les plus proches** :\n[[https://www.google.com/maps?q=46.9939,1.59487|Déchèterie de Levroux (Levroux, 16.7 km)]] — 0254229028\n[[https://www.google.com/maps?q=47.0341,1.35161|Déchèterie de Heugnes (Heugnes, 18.6 km)]] — 0254390020\n[[https://www.google.com/maps?q=46.8124,1.20248|Déchèterie de Saint Michel en Brenne (Saint-Michel-en-Brenne, 20.3 km)]] — 0254381103\n[[https://www.google.com/maps/search/d%C3%A9ch%C3%A8terie/@46.880848,1.449296,12z|Toutes les déchèteries autour du site 🗑️]]",
    "origine": "import",
    "campagne": "Espaces Verts 2026 P2-ENSIO",
    "towerco": "TOTEM",
    "ressources": "SEE ALL (ST ENSIO)",
    "nom_site": "BUZANCAIS",
    "adresse": "TERRAIN PRIVE",
    "departement": "36",
    "scope": "EV",
    "calque": "mp-ev-2026-p2-ensio",
    "code_fra": "FRA03600071",
    "acces_autonome": "a_confirmer",
    "acces_motif": "fiche d'accès vide",
    "_umap_options": {
     "color": "#67718A",
     "iconClass": "Ball"
    }
   }
  },
  {
   "type": "Feature",
   "geometry": {
    "type": "Point",
    "coordinates": [
     1.479075,
     46.761729
    ]
   },
   "properties": {
    "name": "FRA03600073 — NEUILLAY_LES_BOIS",
    "description": "**Scope de maintenance** : EV\n**Verdict d'autonomie** : a_confirmer\n**Motif du verdict** : fiche d'accès vide\n**Campagne d'appartenance** : Espaces Verts 2026 P2-ENSIO\n**Donneur d'ordre de la campagne** : TOTEM\n**Colonne Ressources du périmètre** : SEE ALL (ST ENSIO)\n**Provenance du repère** : import\n**Adresse du site** : Château d'eau La Folie - Lieu-dit Les Coudriaux\n**Numéro de département** : 36\n**Nom du site** : NEUILLAY_LES_BOIS\n**Coordonnées** : 46.761729, 1.479075\n[[https://www.google.com/maps?q=46.761729,1.479075|Google Maps 🌍]] · [[https://www.google.com/maps/@?api=1&map_action=pano&viewpoint=46.761729,1.479075|Street View]]\n**Déchèteries pro les plus proches** :\n[[https://www.google.com/maps?q=46.6405,1.39515|Déchèterie de Rivarennes (Rivarennes, 14.9 km)]] — 0254479733\n[[https://www.google.com/maps?q=46.8124,1.20248|Déchèterie de Saint Michel en Brenne (Saint-Michel-en-Brenne, 21.8 km)]] — 0254381103\n[[https://www.google.com/maps?q=46.9939,1.59487|Déchèterie de Levroux (Levroux, 27.3 km)]] — 0254229028\n[[https://www.google.com/maps/search/d%C3%A9ch%C3%A8terie/@46.761729,1.479075,12z|Toutes les déchèteries autour du site 🗑️]]",
    "origine": "import",
    "campagne": "Espaces Verts 2026 P2-ENSIO",
    "towerco": "TOTEM",
    "ressources": "SEE ALL (ST ENSIO)",
    "nom_site": "NEUILLAY_LES_BOIS",
    "adresse": "Château d'eau La Folie - Lieu-dit Les Coudriaux",
    "departement": "36",
    "scope": "EV",
    "calque": "mp-ev-2026-p2-ensio",
    "code_fra": "FRA03600073",
    "acces_autonome": "a_confirmer",
    "acces_motif": "fiche d'accès vide",
    "_umap_options": {
     "color": "#67718A",
     "iconClass": "Ball"
    }
   }
  },
  {
   "type": "Feature",
   "geometry": {
    "type": "Point",
    "coordinates": [
     1.236015,
     46.938137
    ]
   },
   "properties": {
    "name": "FRA03600078 — CLION_GARE",
    "description": "**Scope de maintenance** : EV\n**Verdict d'autonomie** : a_confirmer\n**Motif du verdict** : fiche d'accès vide\n**Campagne d'appartenance** : Espaces Verts 2026 P2-ENSIO\n**Donneur d'ordre de la campagne** : TOTEM\n**Colonne Ressources du périmètre** : SEE ALL (ST ENSIO)\n**Provenance du repère** : import\n**Adresse du site** : Vallées Marteau\n**Numéro de département** : 36\n**Nom du site** : CLION_GARE\n**Coordonnées** : 46.938137, 1.236015\n[[https://www.google.com/maps?q=46.938137,1.236015|Google Maps 🌍]] · [[https://www.google.com/maps/@?api=1&map_action=pano&viewpoint=46.938137,1.236015|Street View]]\n**Déchèteries pro les plus proches** :\n[[https://www.google.com/maps?q=46.9897,1.22095|Déchèterie de Chatillon sur Indre (Châtillon-sur-Indre, 5.8 km)]] — 0254386979\n[[https://www.google.com/maps?q=47.0341,1.35161|Déchèterie de Heugnes (Heugnes, 13.8 km)]] — 0254390020\n[[https://www.google.com/maps?q=46.8124,1.20248|Déchèterie de Saint Michel en Brenne (Saint-Michel-en-Brenne, 14.2 km)]] — 0254381103\n[[https://www.google.com/maps/search/d%C3%A9ch%C3%A8terie/@46.938137,1.236015,12z|Toutes les déchèteries autour du site 🗑️]]",
    "origine": "import",
    "campagne": "Espaces Verts 2026 P2-ENSIO",
    "towerco": "TOTEM",
    "ressources": "SEE ALL (ST ENSIO)",
    "nom_site": "CLION_GARE",
    "adresse": "Vallées Marteau",
    "departement": "36",
    "scope": "EV",
    "calque": "mp-ev-2026-p2-ensio",
    "code_fra": "FRA03600078",
    "acces_autonome": "a_confirmer",
    "acces_motif": "fiche d'accès vide",
    "_umap_options": {
     "color": "#67718A",
     "iconClass": "Ball"
    }
   }
  },
  {
   "type": "Feature",
   "geometry": {
    "type": "Point",
    "coordinates": [
     1.438718,
     46.643941
    ]
   },
   "properties": {
    "name": "FRA03600079 — ST_GAULTIER",
    "description": "**Scope de maintenance** : EV\n**Verdict d'autonomie** : a_confirmer\n**Motif du verdict** : fiche d'accès vide\n**Campagne d'appartenance** : Espaces Verts 2026 P2-ENSIO\n**Donneur d'ordre de la campagne** : TOTEM\n**Colonne Ressources du périmètre** : SEE ALL (ST ENSIO)\n**Provenance du repère** : import\n**Adresse du site** : Château d'eau\n**Numéro de département** : 36\n**Nom du site** : ST_GAULTIER\n**Coordonnées** : 46.643941, 1.438718\n[[https://www.google.com/maps?q=46.643941,1.438718|Google Maps 🌍]] · [[https://www.google.com/maps/@?api=1&map_action=pano&viewpoint=46.643941,1.438718|Street View]]\n**Déchèteries pro les plus proches** :\n[[https://www.google.com/maps?q=46.6405,1.39515|Déchèterie de Rivarennes (Rivarennes, 3.3 km)]] — 0254479733\n[[https://www.google.com/maps?q=46.5436,1.17526|Déchèterie de Bélâbre (Bélâbre, 23.0 km)]] — 0627870636\n[[https://www.google.com/maps?q=46.4344,1.37265|Déchèterie de la Châtre Langlin (La Châtre-Langlin, 23.8 km)]] — 0254248451\n[[https://www.google.com/maps/search/d%C3%A9ch%C3%A8terie/@46.643941,1.438718,12z|Toutes les déchèteries autour du site 🗑️]]",
    "origine": "import",
    "campagne": "Espaces Verts 2026 P2-ENSIO",
    "towerco": "TOTEM",
    "ressources": "SEE ALL (ST ENSIO)",
    "nom_site": "ST_GAULTIER",
    "adresse": "Château d'eau",
    "departement": "36",
    "scope": "EV",
    "calque": "mp-ev-2026-p2-ensio",
    "code_fra": "FRA03600079",
    "acces_autonome": "a_confirmer",
    "acces_motif": "fiche d'accès vide",
    "_umap_options": {
     "color": "#67718A",
     "iconClass": "Ball"
    }
   }
  },
  {
   "type": "Feature",
   "geometry": {
    "type": "Point",
    "coordinates": [
     1.392779,
     46.887774
    ]
   },
   "properties": {
    "name": "FRA03600091 — BUZANCAIS",
    "description": "**Scope de maintenance** : EV\n**Verdict d'autonomie** : a_confirmer\n**Motif du verdict** : fiche d'accès vide\n**Campagne d'appartenance** : Espaces Verts 2026 P2-ENSIO\n**Donneur d'ordre de la campagne** : TOTEM\n**Colonne Ressources du périmètre** : SEE ALL (ST ENSIO)\n**Provenance du repère** : import\n**Adresse du site** : Rue de RAIFAUD\n**Numéro de département** : 36\n**Nom du site** : BUZANCAIS\n**Coordonnées** : 46.887774, 1.392779\n[[https://www.google.com/maps?q=46.887774,1.392779|Google Maps 🌍]] · [[https://www.google.com/maps/@?api=1&map_action=pano&viewpoint=46.887774,1.392779|Street View]]\n**Déchèteries pro les plus proches** :\n[[https://www.google.com/maps?q=47.0341,1.35161|Déchèterie de Heugnes (Heugnes, 16.6 km)]] — 0254390020\n[[https://www.google.com/maps?q=46.8124,1.20248|Déchèterie de Saint Michel en Brenne (Saint-Michel-en-Brenne, 16.7 km)]] — 0254381103\n[[https://www.google.com/maps?q=46.9897,1.22095|Déchèterie de Chatillon sur Indre (Châtillon-sur-Indre, 17.3 km)]] — 0254386979\n[[https://www.google.com/maps/search/d%C3%A9ch%C3%A8terie/@46.887774,1.392779,12z|Toutes les déchèteries autour du site 🗑️]]",
    "origine": "import",
    "campagne": "Espaces Verts 2026 P2-ENSIO",
    "towerco": "TOTEM",
    "ressources": "SEE ALL (ST ENSIO)",
    "nom_site": "BUZANCAIS",
    "adresse": "Rue de RAIFAUD",
    "departement": "36",
    "scope": "EV",
    "calque": "mp-ev-2026-p2-ensio",
    "code_fra": "FRA03600091",
    "acces_autonome": "a_confirmer",
    "acces_motif": "fiche d'accès vide",
    "_umap_options": {
     "color": "#67718A",
     "iconClass": "Ball"
    }
   }
  },
  {
   "type": "Feature",
   "geometry": {
    "type": "Point",
    "coordinates": [
     1.391638,
     46.457493
    ]
   },
   "properties": {
    "name": "FRA03600093 — ND_RS_ROUSSINES_ORF",
    "description": "**Scope de maintenance** : EV\n**Verdict d'autonomie** : a_confirmer\n**Motif du verdict** : fiche d'accès vide\n**Campagne d'appartenance** : Espaces Verts 2026 P2-ENSIO\n**Donneur d'ordre de la campagne** : TOTEM\n**Colonne Ressources du périmètre** : SEE ALL (ST ENSIO)\n**Provenance du repère** : import\n**Adresse du site** : Lieu-dit la Brande\n**Numéro de département** : 36\n**Nom du site** : ND_RS_ROUSSINES_ORF\n**Coordonnées** : 46.457493, 1.391638\n[[https://www.google.com/maps?q=46.457493,1.391638|Google Maps 🌍]] · [[https://www.google.com/maps/@?api=1&map_action=pano&viewpoint=46.457493,1.391638|Street View]]\n**Déchèteries pro les plus proches** :\n[[https://www.google.com/maps?q=46.4344,1.37265|Déchèterie de la Châtre Langlin (La Châtre-Langlin, 3.0 km)]] — 0254248451\n[[https://www.google.com/maps?q=46.3263,1.34601|Decheterie de Mailhac sur Benaize (Mailhac-sur-Benaize, 15.0 km)]] — 0555762278\n[[https://www.google.com/maps?q=46.5436,1.17526|Déchèterie de Bélâbre (Bélâbre, 19.1 km)]] — 0627870636\n[[https://www.google.com/maps/search/d%C3%A9ch%C3%A8terie/@46.457493,1.391638,12z|Toutes les déchèteries autour du site 🗑️]]",
    "origine": "import",
    "campagne": "Espaces Verts 2026 P2-ENSIO",
    "towerco": "TOTEM",
    "ressources": "SEE ALL (ST ENSIO)",
    "nom_site": "ND_RS_ROUSSINES_ORF",
    "adresse": "Lieu-dit la Brande",
    "departement": "36",
    "scope": "EV",
    "calque": "mp-ev-2026-p2-ensio",
    "code_fra": "FRA03600093",
    "acces_autonome": "a_confirmer",
    "acces_motif": "fiche d'accès vide",
    "_umap_options": {
     "color": "#67718A",
     "iconClass": "Ball"
    }
   }
  },
  {
   "type": "Feature",
   "geometry": {
    "type": "Point",
    "coordinates": [
     0.70278,
     47.378601
    ]
   },
   "properties": {
    "name": "FRA03700025 — TOURS_BEAUJARDIN",
    "description": "**Scope de maintenance** : EV\n**Verdict d'autonomie** : a_confirmer\n**Motif du verdict** : fiche d'accès vide\n**Campagne d'appartenance** : Espaces Verts 2026 P2-ENSIO\n**Donneur d'ordre de la campagne** : TOTEM\n**Colonne Ressources du périmètre** : SEE ALL (ST ENSIO)\n**Provenance du repère** : import\n**Adresse du site** : Rue de Guesde\n**Numéro de département** : 37\n**Nom du site** : TOURS_BEAUJARDIN\n**Coordonnées** : 47.378601, 0.702780\n[[https://www.google.com/maps?q=47.378601,0.702780|Google Maps 🌍]] · [[https://www.google.com/maps/@?api=1&map_action=pano&viewpoint=47.378601,0.702780|Street View]]\n**Déchèteries pro les plus proches** :\n[[https://www.google.com/maps?q=47.3917,0.799823|Déchèterie de Montlouis sur Loire (Montlouis-sur-Loire, 7.4 km)]] — 0247255550\n[[https://www.google.com/maps?q=47.2984,0.794477|Déchèterie la Pommeraye Esvres sur Indre (Esvres, 11.3 km)]] — 0247267373\n[[https://www.google.com/maps?q=47.4327,0.84376|Déchèterie de Vernou sur Brenne (Vernou-sur-Brenne, 12.2 km)]] — 0247255550\n[[https://www.google.com/maps/search/d%C3%A9ch%C3%A8terie/@47.378601,0.702780,12z|Toutes les déchèteries autour du site 🗑️]]",
    "origine": "import",
    "campagne": "Espaces Verts 2026 P2-ENSIO",
    "towerco": "TOTEM",
    "ressources": "SEE ALL (ST ENSIO)",
    "nom_site": "TOURS_BEAUJARDIN",
    "adresse": "Rue de Guesde",
    "departement": "37",
    "scope": "EV",
    "calque": "mp-ev-2026-p2-ensio",
    "code_fra": "FRA03700025",
    "acces_autonome": "a_confirmer",
    "acces_motif": "fiche d'accès vide",
    "_umap_options": {
     "color": "#67718A",
     "iconClass": "Ball"
    }
   }
  },
  {
   "type": "Feature",
   "geometry": {
    "type": "Point",
    "coordinates": [
     0.680399,
     47.396394
    ]
   },
   "properties": {
    "name": "FRA03700036 — TOURS_CET_UMTS",
    "description": "**Scope de maintenance** : EV\n**Verdict d'autonomie** : a_confirmer\n**Motif du verdict** : fiche d'accès vide\n**Campagne d'appartenance** : Espaces Verts 2026 P2-ENSIO\n**Donneur d'ordre de la campagne** : TOTEM\n**Colonne Ressources du périmètre** : SEE ALL (ST ENSIO)\n**Provenance du repère** : import\n**Adresse du site** : 3 Rue des Tanneurs ( Université François Rabelais)\n**Numéro de département** : 37\n**Nom du site** : TOURS_CET_UMTS\n**Coordonnées** : 47.396394, 0.680399\n[[https://www.google.com/maps?q=47.396394,0.680399|Google Maps 🌍]] · [[https://www.google.com/maps/@?api=1&map_action=pano&viewpoint=47.396394,0.680399|Street View]]\n**Déchèteries pro les plus proches** :\n[[https://www.google.com/maps?q=47.3917,0.799823|Déchèterie de Montlouis sur Loire (Montlouis-sur-Loire, 9.0 km)]] — 0247255550\n[[https://www.google.com/maps?q=47.5041,0.622974|Déchèterie de Saint Antoine du Rocher (Saint-Antoine-du-Rocher, 12.7 km)]] — 0247298100\n[[https://www.google.com/maps?q=47.4327,0.84376|Déchèterie de Vernou sur Brenne (Vernou-sur-Brenne, 12.9 km)]] — 0247255550\n[[https://www.google.com/maps/search/d%C3%A9ch%C3%A8terie/@47.396394,0.680399,12z|Toutes les déchèteries autour du site 🗑️]]",
    "origine": "import",
    "campagne": "Espaces Verts 2026 P2-ENSIO",
    "towerco": "TOTEM",
    "ressources": "SEE ALL (ST ENSIO)",
    "nom_site": "TOURS_CET_UMTS",
    "adresse": "3 Rue des Tanneurs ( Université François Rabelais)",
    "departement": "37",
    "scope": "EV",
    "calque": "mp-ev-2026-p2-ensio",
    "code_fra": "FRA03700036",
    "acces_autonome": "a_confirmer",
    "acces_motif": "fiche d'accès vide",
    "_umap_options": {
     "color": "#67718A",
     "iconClass": "Ball"
    }
   }
  },
  {
   "type": "Feature",
   "geometry": {
    "type": "Point",
    "coordinates": [
     0.544167,
     46.993611
    ]
   },
   "properties": {
    "name": "FRA03700041 — PUSSIGNY_LGV",
    "description": "**Scope de maintenance** : EV\n**Verdict d'autonomie** : a_confirmer\n**Motif du verdict** : fiche d'accès vide\n**Campagne d'appartenance** : Espaces Verts 2026 P2-ENSIO\n**Donneur d'ordre de la campagne** : TOTEM\n**Colonne Ressources du périmètre** : SEE ALL (ST ENSIO)\n**Provenance du repère** : import\n**Adresse du site** : Lieu-dit : Les Rebardières\n**Numéro de département** : 37\n**Nom du site** : PUSSIGNY_LGV\n**Coordonnées** : 46.993611, 0.544167\n[[https://www.google.com/maps?q=46.993611,0.544167|Google Maps 🌍]] · [[https://www.google.com/maps/@?api=1&map_action=pano&viewpoint=46.993611,0.544167|Street View]]\n**Déchèteries pro les plus proches** :\n[[https://www.google.com/maps?q=47.0105,0.562524|Déchèterie de Ports sur Vienne (Ports, 2.3 km)]] — 0247658827\n[[https://www.google.com/maps?q=46.929,0.608361|Déchèterie de Dangé-saint-romain (Dangé-Saint-Romain, 8.7 km)]] — 0784394852\n[[https://www.google.com/maps?q=46.9814,0.673157|Déchèterie de Descartes (Descartes, 9.9 km)]] — 0640659685\n[[https://www.google.com/maps/search/d%C3%A9ch%C3%A8terie/@46.993611,0.544167,12z|Toutes les déchèteries autour du site 🗑️]]",
    "origine": "import",
    "campagne": "Espaces Verts 2026 P2-ENSIO",
    "towerco": "TOTEM",
    "ressources": "SEE ALL (ST ENSIO)",
    "nom_site": "PUSSIGNY_LGV",
    "adresse": "Lieu-dit : Les Rebardières",
    "departement": "37",
    "scope": "EV",
    "calque": "mp-ev-2026-p2-ensio",
    "code_fra": "FRA03700041",
    "acces_autonome": "a_confirmer",
    "acces_motif": "fiche d'accès vide",
    "_umap_options": {
     "color": "#67718A",
     "iconClass": "Ball"
    }
   }
  },
  {
   "type": "Feature",
   "geometry": {
    "type": "Point",
    "coordinates": [
     0.985722,
     47.289181
    ]
   },
   "properties": {
    "name": "FRA03700042 — BLERE_A85",
    "description": "**Scope de maintenance** : EV\n**Verdict d'autonomie** : a_confirmer\n**Motif du verdict** : fiche d'accès vide\n**Campagne d'appartenance** : Espaces Verts 2026 P2-ENSIO\n**Donneur d'ordre de la campagne** : TOTEM\n**Colonne Ressources du périmètre** : SEE ALL (ST ENSIO)\n**Provenance du repère** : import\n**Adresse du site** : zone d activités le Grand Ormeau\n**Numéro de département** : 37\n**Nom du site** : BLERE_A85\n**Coordonnées** : 47.289181, 0.985722\n[[https://www.google.com/maps?q=47.289181,0.985722|Google Maps 🌍]] · [[https://www.google.com/maps/@?api=1&map_action=pano&viewpoint=47.289181,0.985722|Street View]]\n**Déchèteries pro les plus proches** :\n[[https://www.google.com/maps?q=47.3245,1.02138|Déchèterie de Bléré (Bléré, 4.8 km)]] — 0247308106\n[[https://www.google.com/maps?q=47.3287,0.919077|Déchèterie d'Athée sur Cher (Athée-sur-Cher, 6.7 km)]] — 0247308106\n[[https://www.google.com/maps?q=47.3306,1.08046|Déchèterie de Chisseaux (Chisseaux, 8.5 km)]] — 0247308106\n[[https://www.google.com/maps/search/d%C3%A9ch%C3%A8terie/@47.289181,0.985722,12z|Toutes les déchèteries autour du site 🗑️]]",
    "origine": "import",
    "campagne": "Espaces Verts 2026 P2-ENSIO",
    "towerco": "TOTEM",
    "ressources": "SEE ALL (ST ENSIO)",
    "nom_site": "BLERE_A85",
    "adresse": "zone d activités le Grand Ormeau",
    "departement": "37",
    "scope": "EV",
    "calque": "mp-ev-2026-p2-ensio",
    "code_fra": "FRA03700042",
    "acces_autonome": "a_confirmer",
    "acces_motif": "fiche d'accès vide",
    "_umap_options": {
     "color": "#67718A",
     "iconClass": "Ball"
    }
   }
  },
  {
   "type": "Feature",
   "geometry": {
    "type": "Point",
    "coordinates": [
     0.677625,
     47.430643
    ]
   },
   "properties": {
    "name": "FRA03700046 — TOURS_DANEMARK_FT",
    "description": "**Scope de maintenance** : EV\n**Verdict d'autonomie** : a_confirmer\n**Motif du verdict** : fiche d'accès vide\n**Campagne d'appartenance** : Espaces Verts 2026 P2-ENSIO\n**Donneur d'ordre de la campagne** : TOTEM\n**Colonne Ressources du périmètre** : SEE ALL (ST ENSIO)\n**Provenance du repère** : import\n**Adresse du site** : 50 RUE DE FRANCHE COMTE ANGLE 83 AVENUE DANEMARK\n**Numéro de département** : 37\n**Nom du site** : TOURS_DANEMARK_FT\n**Coordonnées** : 47.430643, 0.677625\n[[https://www.google.com/maps?q=47.430643,0.677625|Google Maps 🌍]] · [[https://www.google.com/maps/@?api=1&map_action=pano&viewpoint=47.430643,0.677625|Street View]]\n**Déchèteries pro les plus proches** :\n[[https://www.google.com/maps?q=47.5041,0.622974|Déchèterie de Saint Antoine du Rocher (Saint-Antoine-du-Rocher, 9.1 km)]] — 0247298100\n[[https://www.google.com/maps?q=47.3917,0.799823|Déchèterie de Montlouis sur Loire (Montlouis-sur-Loire, 10.2 km)]] — 0247255550\n[[https://www.google.com/maps?q=47.4369,0.518596|Déchèterie de Pernay (Pernay, 12.0 km)]] — 0247298100\n[[https://www.google.com/maps/search/d%C3%A9ch%C3%A8terie/@47.430643,0.677625,12z|Toutes les déchèteries autour du site 🗑️]]",
    "origine": "import",
    "campagne": "Espaces Verts 2026 P2-ENSIO",
    "towerco": "TOTEM",
    "ressources": "SEE ALL (ST ENSIO)",
    "nom_site": "TOURS_DANEMARK_FT",
    "adresse": "50 RUE DE FRANCHE COMTE ANGLE 83 AVENUE DANEMARK",
    "departement": "37",
    "scope": "EV",
    "calque": "mp-ev-2026-p2-ensio",
    "code_fra": "FRA03700046",
    "acces_autonome": "a_confirmer",
    "acces_motif": "fiche d'accès vide",
    "_umap_options": {
     "color": "#67718A",
     "iconClass": "Ball"
    }
   }
  },
  {
   "type": "Feature",
   "geometry": {
    "type": "Point",
    "coordinates": [
     0.720357,
     47.406613
    ]
   },
   "properties": {
    "name": "FRA03700047 — TOURS_LES_ROCHETTES",
    "description": "**Scope de maintenance** : EV\n**Verdict d'autonomie** : a_confirmer\n**Motif du verdict** : fiche d'accès vide\n**Campagne d'appartenance** : Espaces Verts 2026 P2-ENSIO\n**Donneur d'ordre de la campagne** : TOTEM\n**Colonne Ressources du périmètre** : SEE ALL (ST ENSIO)\n**Provenance du repère** : import\n**Adresse du site** : Rue du Télégraphe\n**Numéro de département** : 37\n**Nom du site** : TOURS_LES_ROCHETTES\n**Coordonnées** : 47.406613, 0.720357\n[[https://www.google.com/maps?q=47.406613,0.720357|Google Maps 🌍]] · [[https://www.google.com/maps/@?api=1&map_action=pano&viewpoint=47.406613,0.720357|Street View]]\n**Déchèteries pro les plus proches** :\n[[https://www.google.com/maps?q=47.3917,0.799823|Déchèterie de Montlouis sur Loire (Montlouis-sur-Loire, 6.2 km)]] — 0247255550\n[[https://www.google.com/maps?q=47.4327,0.84376|Déchèterie de Vernou sur Brenne (Vernou-sur-Brenne, 9.7 km)]] — 0247255550\n[[https://www.google.com/maps?q=47.5041,0.622974|Déchèterie de Saint Antoine du Rocher (Saint-Antoine-du-Rocher, 13.1 km)]] — 0247298100\n[[https://www.google.com/maps/search/d%C3%A9ch%C3%A8terie/@47.406613,0.720357,12z|Toutes les déchèteries autour du site 🗑️]]",
    "origine": "import",
    "campagne": "Espaces Verts 2026 P2-ENSIO",
    "towerco": "TOTEM",
    "ressources": "SEE ALL (ST ENSIO)",
    "nom_site": "TOURS_LES_ROCHETTES",
    "adresse": "Rue du Télégraphe",
    "departement": "37",
    "scope": "EV",
    "calque": "mp-ev-2026-p2-ensio",
    "code_fra": "FRA03700047",
    "acces_autonome": "a_confirmer",
    "acces_motif": "fiche d'accès vide",
    "_umap_options": {
     "color": "#67718A",
     "iconClass": "Ball"
    }
   }
  },
  {
   "type": "Feature",
   "geometry": {
    "type": "Point",
    "coordinates": [
     0.727222,
     47.412222
    ]
   },
   "properties": {
    "name": "FRA03700048 — ROCHECORBON_CHAMP_LONG",
    "description": "**Scope de maintenance** : EV\n**Verdict d'autonomie** : a_confirmer\n**Motif du verdict** : fiche d'accès vide\n**Campagne d'appartenance** : Espaces Verts 2026 P2-ENSIO\n**Donneur d'ordre de la campagne** : TOTEM\n**Colonne Ressources du périmètre** : SEE ALL (ST ENSIO)\n**Provenance du repère** : import\n**Adresse du site** : Rue de Parçay\n**Numéro de département** : 37\n**Nom du site** : ROCHECORBON_CHAMP_LONG\n**Coordonnées** : 47.412222, 0.727222\n[[https://www.google.com/maps?q=47.412222,0.727222|Google Maps 🌍]] · [[https://www.google.com/maps/@?api=1&map_action=pano&viewpoint=47.412222,0.727222|Street View]]\n**Déchèteries pro les plus proches** :\n[[https://www.google.com/maps?q=47.3917,0.799823|Déchèterie de Montlouis sur Loire (Montlouis-sur-Loire, 5.9 km)]] — 0247255550\n[[https://www.google.com/maps?q=47.4327,0.84376|Déchèterie de Vernou sur Brenne (Vernou-sur-Brenne, 9.1 km)]] — 0247255550\n[[https://www.google.com/maps?q=47.5041,0.622974|Déchèterie de Saint Antoine du Rocher (Saint-Antoine-du-Rocher, 12.9 km)]] — 0247298100\n[[https://www.google.com/maps/search/d%C3%A9ch%C3%A8terie/@47.412222,0.727222,12z|Toutes les déchèteries autour du site 🗑️]]",
    "origine": "import",
    "campagne": "Espaces Verts 2026 P2-ENSIO",
    "towerco": "TOTEM",
    "ressources": "SEE ALL (ST ENSIO)",
    "nom_site": "ROCHECORBON_CHAMP_LONG",
    "adresse": "Rue de Parçay",
    "departement": "37",
    "scope": "EV",
    "calque": "mp-ev-2026-p2-ensio",
    "code_fra": "FRA03700048",
    "acces_autonome": "a_confirmer",
    "acces_motif": "fiche d'accès vide",
    "_umap_options": {
     "color": "#67718A",
     "iconClass": "Ball"
    }
   }
  },
  {
   "type": "Feature",
   "geometry": {
    "type": "Point",
    "coordinates": [
     0.673419,
     47.424365
    ]
   },
   "properties": {
    "name": "FRA03700050 — TOURS_LE_MORTIER",
    "description": "**Scope de maintenance** : EV\n**Verdict d'autonomie** : a_confirmer\n**Motif du verdict** : fiche d'accès vide\n**Campagne d'appartenance** : Espaces Verts 2026 P2-ENSIO\n**Donneur d'ordre de la campagne** : TOTEM\n**Colonne Ressources du périmètre** : SEE ALL (ST ENSIO)\n**Provenance du repère** : import\n**Adresse du site** : 21. Rue de Caulaincourt\n**Numéro de département** : 37\n**Nom du site** : TOURS_LE_MORTIER\n**Coordonnées** : 47.424365, 0.673419\n[[https://www.google.com/maps?q=47.424365,0.673419|Google Maps 🌍]] · [[https://www.google.com/maps/@?api=1&map_action=pano&viewpoint=47.424365,0.673419|Street View]]\n**Déchèteries pro les plus proches** :\n[[https://www.google.com/maps?q=47.5041,0.622974|Déchèterie de Saint Antoine du Rocher (Saint-Antoine-du-Rocher, 9.6 km)]] — 0247298100\n[[https://www.google.com/maps?q=47.3917,0.799823|Déchèterie de Montlouis sur Loire (Montlouis-sur-Loire, 10.2 km)]] — 0247255550\n[[https://www.google.com/maps?q=47.4369,0.518596|Déchèterie de Pernay (Pernay, 11.7 km)]] — 0247298100\n[[https://www.google.com/maps/search/d%C3%A9ch%C3%A8terie/@47.424365,0.673419,12z|Toutes les déchèteries autour du site 🗑️]]",
    "origine": "import",
    "campagne": "Espaces Verts 2026 P2-ENSIO",
    "towerco": "TOTEM",
    "ressources": "SEE ALL (ST ENSIO)",
    "nom_site": "TOURS_LE_MORTIER",
    "adresse": "21. Rue de Caulaincourt",
    "departement": "37",
    "scope": "EV",
    "calque": "mp-ev-2026-p2-ensio",
    "code_fra": "FRA03700050",
    "acces_autonome": "a_confirmer",
    "acces_motif": "fiche d'accès vide",
    "_umap_options": {
     "color": "#67718A",
     "iconClass": "Ball"
    }
   }
  },
  {
   "type": "Feature",
   "geometry": {
    "type": "Point",
    "coordinates": [
     0.683194,
     47.404568
    ]
   },
   "properties": {
    "name": "FRA03700051 — TOURS_TRANCHEE",
    "description": "**Scope de maintenance** : EV\n**Verdict d'autonomie** : a_confirmer\n**Motif du verdict** : fiche d'accès vide\n**Campagne d'appartenance** : Espaces Verts 2026 P2-ENSIO\n**Donneur d'ordre de la campagne** : TOTEM\n**Colonne Ressources du périmètre** : SEE ALL (ST ENSIO)\n**Provenance du repère** : import\n**Adresse du site** : 71 Avenue de la Tranchee\n**Numéro de département** : 37\n**Nom du site** : TOURS_TRANCHEE\n**Coordonnées** : 47.404568, 0.683194\n[[https://www.google.com/maps?q=47.404568,0.683194|Google Maps 🌍]] · [[https://www.google.com/maps/@?api=1&map_action=pano&viewpoint=47.404568,0.683194|Street View]]\n**Déchèteries pro les plus proches** :\n[[https://www.google.com/maps?q=47.3917,0.799823|Déchèterie de Montlouis sur Loire (Montlouis-sur-Loire, 8.9 km)]] — 0247255550\n[[https://www.google.com/maps?q=47.5041,0.622974|Déchèterie de Saint Antoine du Rocher (Saint-Antoine-du-Rocher, 12.0 km)]] — 0247298100\n[[https://www.google.com/maps?q=47.4327,0.84376|Déchèterie de Vernou sur Brenne (Vernou-sur-Brenne, 12.5 km)]] — 0247255550\n[[https://www.google.com/maps/search/d%C3%A9ch%C3%A8terie/@47.404568,0.683194,12z|Toutes les déchèteries autour du site 🗑️]]",
    "origine": "import",
    "campagne": "Espaces Verts 2026 P2-ENSIO",
    "towerco": "TOTEM",
    "ressources": "SEE ALL (ST ENSIO)",
    "nom_site": "TOURS_TRANCHEE",
    "adresse": "71 Avenue de la Tranchee",
    "departement": "37",
    "scope": "EV",
    "calque": "mp-ev-2026-p2-ensio",
    "code_fra": "FRA03700051",
    "acces_autonome": "a_confirmer",
    "acces_motif": "fiche d'accès vide",
    "_umap_options": {
     "color": "#67718A",
     "iconClass": "Ball"
    }
   }
  },
  {
   "type": "Feature",
   "geometry": {
    "type": "Point",
    "coordinates": [
     1.036804,
     47.582758
    ]
   },
   "properties": {
    "name": "FRA03700053 — ST_NICOLAS_DES_MOTETS",
    "description": "**Scope de maintenance** : EV\n**Verdict d'autonomie** : a_confirmer\n**Motif du verdict** : fiche d'accès vide\n**Campagne d'appartenance** : Espaces Verts 2026 P2-ENSIO\n**Donneur d'ordre de la campagne** : TOTEM\n**Colonne Ressources du périmètre** : SEE ALL (ST ENSIO)\n**Provenance du repère** : import\n**Adresse du site** : Château d'eau a la sortie du village sur la D73\n**Numéro de département** : 37\n**Nom du site** : ST_NICOLAS_DES_MOTETS\n**Coordonnées** : 47.582758, 1.036804\n[[https://www.google.com/maps?q=47.582758,1.036804|Google Maps 🌍]] · [[https://www.google.com/maps/@?api=1&map_action=pano&viewpoint=47.582758,1.036804|Street View]]\n**Déchèteries pro les plus proches** :\n[[https://www.google.com/maps?q=47.6036,1.12863|Déchèterie de Herbault (Herbault, 7.3 km)]] — 0688098408\n[[https://www.google.com/maps?q=47.593,0.888063|Déchèterie de Château Renault (Château-Renault, 11.2 km)]] — 0247400676\n[[https://www.google.com/maps?q=47.519,0.91555|Déchèterie de Neuillé le Lierre (Neuillé-le-Lierre, 11.5 km)]] — 0247296669\n[[https://www.google.com/maps/search/d%C3%A9ch%C3%A8terie/@47.582758,1.036804,12z|Toutes les déchèteries autour du site 🗑️]]",
    "origine": "import",
    "campagne": "Espaces Verts 2026 P2-ENSIO",
    "towerco": "TOTEM",
    "ressources": "SEE ALL (ST ENSIO)",
    "nom_site": "ST_NICOLAS_DES_MOTETS",
    "adresse": "Château d'eau a la sortie du village sur la D73",
    "departement": "37",
    "scope": "EV",
    "calque": "mp-ev-2026-p2-ensio",
    "code_fra": "FRA03700053",
    "acces_autonome": "a_confirmer",
    "acces_motif": "fiche d'accès vide",
    "_umap_options": {
     "color": "#67718A",
     "iconClass": "Ball"
    }
   }
  },
  {
   "type": "Feature",
   "geometry": {
    "type": "Point",
    "coordinates": [
     0.973107,
     47.596673
    ]
   },
   "properties": {
    "name": "FRA03700056 — SAUNAY_TGV",
    "description": "**Scope de maintenance** : EV\n**Verdict d'autonomie** : a_confirmer\n**Motif du verdict** : fiche d'accès vide\n**Campagne d'appartenance** : Espaces Verts 2026 P2-ENSIO\n**Donneur d'ordre de la campagne** : TOTEM\n**Colonne Ressources du périmètre** : SEE ALL (ST ENSIO)\n**Provenance du repère** : import\n**Adresse du site** : Château d'eau Lieu-dit Martinet\n**Numéro de département** : 37\n**Nom du site** : SAUNAY_TGV\n**Coordonnées** : 47.596673, 0.973107\n[[https://www.google.com/maps?q=47.596673,0.973107|Google Maps 🌍]] · [[https://www.google.com/maps/@?api=1&map_action=pano&viewpoint=47.596673,0.973107|Street View]]\n**Déchèteries pro les plus proches** :\n[[https://www.google.com/maps?q=47.593,0.888063|Déchèterie de Château Renault (Château-Renault, 6.4 km)]] — 0247400676\n[[https://www.google.com/maps?q=47.519,0.91555|Déchèterie de Neuillé le Lierre (Neuillé-le-Lierre, 9.7 km)]] — 0247296669\n[[https://www.google.com/maps?q=47.6926,1.01144|Déchèterie de Saint-amand-longpré (Saint-Amand-Longpré, 11.0 km)]] — 0674403875\n[[https://www.google.com/maps/search/d%C3%A9ch%C3%A8terie/@47.596673,0.973107,12z|Toutes les déchèteries autour du site 🗑️]]",
    "origine": "import",
    "campagne": "Espaces Verts 2026 P2-ENSIO",
    "towerco": "TOTEM",
    "ressources": "SEE ALL (ST ENSIO)",
    "nom_site": "SAUNAY_TGV",
    "adresse": "Château d'eau Lieu-dit Martinet",
    "departement": "37",
    "scope": "EV",
    "calque": "mp-ev-2026-p2-ensio",
    "code_fra": "FRA03700056",
    "acces_autonome": "a_confirmer",
    "acces_motif": "fiche d'accès vide",
    "_umap_options": {
     "color": "#67718A",
     "iconClass": "Ball"
    }
   }
  },
  {
   "type": "Feature",
   "geometry": {
    "type": "Point",
    "coordinates": [
     0.918894,
     47.581945
    ]
   },
   "properties": {
    "name": "FRA03700057 — CHATEAU_RENAULT_AUZOUER",
    "description": "**Scope de maintenance** : EV\n**Verdict d'autonomie** : a_confirmer\n**Motif du verdict** : fiche d'accès vide\n**Campagne d'appartenance** : Espaces Verts 2026 P2-ENSIO\n**Donneur d'ordre de la campagne** : TOTEM\n**Colonne Ressources du périmètre** : SEE ALL (ST ENSIO)\n**Provenance du repère** : import\n**Adresse du site** : Lieu-dit Le Petit Charmeteau\n**Numéro de département** : 37\n**Nom du site** : CHATEAU_RENAULT_AUZOUER\n**Coordonnées** : 47.581945, 0.918894\n[[https://www.google.com/maps?q=47.581945,0.918894|Google Maps 🌍]] · [[https://www.google.com/maps/@?api=1&map_action=pano&viewpoint=47.581945,0.918894|Street View]]\n**Déchèteries pro les plus proches** :\n[[https://www.google.com/maps?q=47.593,0.888063|Déchèterie de Château Renault (Château-Renault, 2.6 km)]] — 0247400676\n[[https://www.google.com/maps?q=47.519,0.91555|Déchèterie de Neuillé le Lierre (Neuillé-le-Lierre, 7.0 km)]] — 0247296669\n[[https://www.google.com/maps?q=47.6926,1.01144|Déchèterie de Saint-amand-longpré (Saint-Amand-Longpré, 14.1 km)]] — 0674403875\n[[https://www.google.com/maps/search/d%C3%A9ch%C3%A8terie/@47.581945,0.918894,12z|Toutes les déchèteries autour du site 🗑️]]",
    "origine": "import",
    "campagne": "Espaces Verts 2026 P2-ENSIO",
    "towerco": "TOTEM",
    "ressources": "SEE ALL (ST ENSIO)",
    "nom_site": "CHATEAU_RENAULT_AUZOUER",
    "adresse": "Lieu-dit Le Petit Charmeteau",
    "departement": "37",
    "scope": "EV",
    "calque": "mp-ev-2026-p2-ensio",
    "code_fra": "FRA03700057",
    "acces_autonome": "a_confirmer",
    "acces_motif": "fiche d'accès vide",
    "_umap_options": {
     "color": "#67718A",
     "iconClass": "Ball"
    }
   }
  },
  {
   "type": "Feature",
   "geometry": {
    "type": "Point",
    "coordinates": [
     0.968097,
     47.557823
    ]
   },
   "properties": {
    "name": "FRA03700058 — AUZOUER_CERISAY_TGV",
    "description": "**Scope de maintenance** : EV\n**Verdict d'autonomie** : a_confirmer\n**Motif du verdict** : fiche d'accès vide\n**Campagne d'appartenance** : Espaces Verts 2026 P2-ENSIO\n**Donneur d'ordre de la campagne** : TOTEM\n**Colonne Ressources du périmètre** : SEE ALL (ST ENSIO)\n**Provenance du repère** : import\n**Adresse du site** : Lieu-dit Cerisay\n**Numéro de département** : 37\n**Nom du site** : AUZOUER_CERISAY_TGV\n**Coordonnées** : 47.557823, 0.968097\n[[https://www.google.com/maps?q=47.557823,0.968097|Google Maps 🌍]] · [[https://www.google.com/maps/@?api=1&map_action=pano&viewpoint=47.557823,0.968097|Street View]]\n**Déchèteries pro les plus proches** :\n[[https://www.google.com/maps?q=47.519,0.91555|Déchèterie de Neuillé le Lierre (Neuillé-le-Lierre, 5.8 km)]] — 0247296669\n[[https://www.google.com/maps?q=47.593,0.888063|Déchèterie de Château Renault (Château-Renault, 7.2 km)]] — 0247400676\n[[https://www.google.com/maps?q=47.6036,1.12863|Déchèterie de Herbault (Herbault, 13.1 km)]] — 0688098408\n[[https://www.google.com/maps/search/d%C3%A9ch%C3%A8terie/@47.557823,0.968097,12z|Toutes les déchèteries autour du site 🗑️]]",
    "origine": "import",
    "campagne": "Espaces Verts 2026 P2-ENSIO",
    "towerco": "TOTEM",
    "ressources": "SEE ALL (ST ENSIO)",
    "nom_site": "AUZOUER_CERISAY_TGV",
    "adresse": "Lieu-dit Cerisay",
    "departement": "37",
    "scope": "EV",
    "calque": "mp-ev-2026-p2-ensio",
    "code_fra": "FRA03700058",
    "acces_autonome": "a_confirmer",
    "acces_motif": "fiche d'accès vide",
    "_umap_options": {
     "color": "#67718A",
     "iconClass": "Ball"
    }
   }
  },
  {
   "type": "Feature",
   "geometry": {
    "type": "Point",
    "coordinates": [
     0.315682,
     47.018775
    ]
   },
   "properties": {
    "name": "FRA03700060 — RICHELIEU",
    "description": "**Scope de maintenance** : EV\n**Verdict d'autonomie** : a_confirmer\n**Motif du verdict** : fiche d'accès vide\n**Campagne d'appartenance** : Espaces Verts 2026 P2-ENSIO\n**Donneur d'ordre de la campagne** : TOTEM\n**Colonne Ressources du périmètre** : SEE ALL (ST ENSIO)\n**Provenance du repère** : import\n**Adresse du site** : 2 Rue du Moulin à Vent\n**Numéro de département** : 37\n**Nom du site** : RICHELIEU\n**Coordonnées** : 47.018775, 0.315682\n[[https://www.google.com/maps?q=47.018775,0.315682|Google Maps 🌍]] · [[https://www.google.com/maps/@?api=1&map_action=pano&viewpoint=47.018775,0.315682|Street View]]\n**Déchèteries pro les plus proches** :\n[[https://www.google.com/maps?q=47.0292,0.325686|Déchèterie de Richelieu (Richelieu, 1.4 km)]] — 0247582774\n[[https://www.google.com/maps?q=46.9202,0.391321|Déchèterie de Saint Christophe (SAINT-CHRISTOPHE, 12.4 km)]] — 0549867206\n[[https://www.google.com/maps?q=47.0135,0.139586|Déchèterie de Loudun (MESSEME, 13.4 km)]] — 0549980303\n[[https://www.google.com/maps/search/d%C3%A9ch%C3%A8terie/@47.018775,0.315682,12z|Toutes les déchèteries autour du site 🗑️]]",
    "origine": "import",
    "campagne": "Espaces Verts 2026 P2-ENSIO",
    "towerco": "TOTEM",
    "ressources": "SEE ALL (ST ENSIO)",
    "nom_site": "RICHELIEU",
    "adresse": "2 Rue du Moulin à Vent",
    "departement": "37",
    "scope": "EV",
    "calque": "mp-ev-2026-p2-ensio",
    "code_fra": "FRA03700060",
    "acces_autonome": "a_confirmer",
    "acces_motif": "fiche d'accès vide",
    "_umap_options": {
     "color": "#67718A",
     "iconClass": "Ball"
    }
   }
  },
  {
   "type": "Feature",
   "geometry": {
    "type": "Point",
    "coordinates": [
     0.488939,
     46.966286
    ]
   },
   "properties": {
    "name": "FRA03700061 — MARIGNY_MARMANDE_LGV",
    "description": "**Scope de maintenance** : EV\n**Verdict d'autonomie** : a_confirmer\n**Motif du verdict** : fiche d'accès vide\n**Campagne d'appartenance** : Espaces Verts 2026 P2-ENSIO\n**Donneur d'ordre de la campagne** : TOTEM\n**Colonne Ressources du périmètre** : SEE ALL (ST ENSIO)\n**Provenance du repère** : import\n**Adresse du site** : Lieu-dit : La Fuyé\n**Numéro de département** : 37\n**Nom du site** : MARIGNY_MARMANDE_LGV\n**Coordonnées** : 46.966286, 0.488939\n[[https://www.google.com/maps?q=46.966286,0.488939|Google Maps 🌍]] · [[https://www.google.com/maps/@?api=1&map_action=pano&viewpoint=46.966286,0.488939|Street View]]\n**Déchèteries pro les plus proches** :\n[[https://www.google.com/maps?q=47.0105,0.562524|Déchèterie de Ports sur Vienne (Ports, 7.4 km)]] — 0247658827\n[[https://www.google.com/maps?q=46.9202,0.391321|Déchèterie de Saint Christophe (SAINT-CHRISTOPHE, 9.0 km)]] — 0549867206\n[[https://www.google.com/maps?q=46.929,0.608361|Déchèterie de Dangé-saint-romain (Dangé-Saint-Romain, 10.0 km)]] — 0784394852\n[[https://www.google.com/maps/search/d%C3%A9ch%C3%A8terie/@46.966286,0.488939,12z|Toutes les déchèteries autour du site 🗑️]]",
    "origine": "import",
    "campagne": "Espaces Verts 2026 P2-ENSIO",
    "towerco": "TOTEM",
    "ressources": "SEE ALL (ST ENSIO)",
    "nom_site": "MARIGNY_MARMANDE_LGV",
    "adresse": "Lieu-dit : La Fuyé",
    "departement": "37",
    "scope": "EV",
    "calque": "mp-ev-2026-p2-ensio",
    "code_fra": "FRA03700061",
    "acces_autonome": "a_confirmer",
    "acces_motif": "fiche d'accès vide",
    "_umap_options": {
     "color": "#67718A",
     "iconClass": "Ball"
    }
   }
  },
  {
   "type": "Feature",
   "geometry": {
    "type": "Point",
    "coordinates": [
     0.198123,
     47.289589
    ]
   },
   "properties": {
    "name": "FRA03700065 — BENAIS",
    "description": "**Scope de maintenance** : EV\n**Verdict d'autonomie** : a_confirmer\n**Motif du verdict** : fiche d'accès vide\n**Campagne d'appartenance** : Espaces Verts 2026 P2-ENSIO\n**Donneur d'ordre de la campagne** : TOTEM\n**Colonne Ressources du périmètre** : SEE ALL (ST ENSIO)\n**Provenance du repère** : import\n**Adresse du site** : Lieu-dit\n**Numéro de département** : 37\n**Nom du site** : BENAIS\n**Coordonnées** : 47.289589, 0.198123\n[[https://www.google.com/maps?q=47.289589,0.198123|Google Maps 🌍]] · [[https://www.google.com/maps/@?api=1&map_action=pano&viewpoint=47.289589,0.198123|Street View]]\n**Déchèteries pro les plus proches** :\n[[https://www.google.com/maps?q=47.2736,0.160955|Déchèterie de Bourgueuil (BOURGUEIL, 3.3 km)]] — 0247978975\n[[https://www.google.com/maps?q=47.33,0.232111|Déchèterie de Benais (BENAIS, 5.2 km)]]\n[[https://www.google.com/maps?q=47.2851,0.309461|Déchèterie de Saint Patrice (Saint-Patrice, 8.4 km)]]\n[[https://www.google.com/maps/search/d%C3%A9ch%C3%A8terie/@47.289589,0.198123,12z|Toutes les déchèteries autour du site 🗑️]]",
    "origine": "import",
    "campagne": "Espaces Verts 2026 P2-ENSIO",
    "towerco": "TOTEM",
    "ressources": "SEE ALL (ST ENSIO)",
    "nom_site": "BENAIS",
    "adresse": "Lieu-dit",
    "departement": "37",
    "scope": "EV",
    "calque": "mp-ev-2026-p2-ensio",
    "code_fra": "FRA03700065",
    "acces_autonome": "a_confirmer",
    "acces_motif": "fiche d'accès vide",
    "_umap_options": {
     "color": "#67718A",
     "iconClass": "Ball"
    }
   }
  },
  {
   "type": "Feature",
   "geometry": {
    "type": "Point",
    "coordinates": [
     0.158541,
     47.276215
    ]
   },
   "properties": {
    "name": "FRA03700066 — BOURGUEIL",
    "description": "**Scope de maintenance** : EV\n**Verdict d'autonomie** : a_confirmer\n**Motif du verdict** : fiche d'accès vide\n**Campagne d'appartenance** : Espaces Verts 2026 P2-ENSIO\n**Donneur d'ordre de la campagne** : TOTEM\n**Colonne Ressources du périmètre** : SEE ALL (ST ENSIO)\n**Provenance du repère** : import\n**Adresse du site** : Lieu-dit\n**Numéro de département** : 37\n**Nom du site** : BOURGUEIL\n**Coordonnées** : 47.276215, 0.158541\n[[https://www.google.com/maps?q=47.276215,0.158541|Google Maps 🌍]] · [[https://www.google.com/maps/@?api=1&map_action=pano&viewpoint=47.276215,0.158541|Street View]]\n**Déchèteries pro les plus proches** :\n[[https://www.google.com/maps?q=47.2736,0.160955|Déchèterie de Bourgueuil (BOURGUEIL, 0.3 km)]] — 0247978975\n[[https://www.google.com/maps?q=47.2114,0.162276|Déchèterie de Savigny en Véron (Savigny-en-Véron, 7.2 km)]] — 0247589419\n[[https://www.google.com/maps?q=47.33,0.232111|Déchèterie de Benais (BENAIS, 8.2 km)]]\n[[https://www.google.com/maps/search/d%C3%A9ch%C3%A8terie/@47.276215,0.158541,12z|Toutes les déchèteries autour du site 🗑️]]",
    "origine": "import",
    "campagne": "Espaces Verts 2026 P2-ENSIO",
    "towerco": "TOTEM",
    "ressources": "SEE ALL (ST ENSIO)",
    "nom_site": "BOURGUEIL",
    "adresse": "Lieu-dit",
    "departement": "37",
    "scope": "EV",
    "calque": "mp-ev-2026-p2-ensio",
    "code_fra": "FRA03700066",
    "acces_autonome": "a_confirmer",
    "acces_motif": "fiche d'accès vide",
    "_umap_options": {
     "color": "#67718A",
     "iconClass": "Ball"
    }
   }
  },
  {
   "type": "Feature",
   "geometry": {
    "type": "Point",
    "coordinates": [
     0.990985,
     47.314406
    ]
   },
   "properties": {
    "name": "FRA03700068 — BLERE",
    "description": "**Scope de maintenance** : EV\n**Verdict d'autonomie** : a_confirmer\n**Motif du verdict** : fiche d'accès vide\n**Campagne d'appartenance** : Espaces Verts 2026 P2-ENSIO\n**Donneur d'ordre de la campagne** : TOTEM\n**Colonne Ressources du périmètre** : SEE ALL (ST ENSIO)\n**Provenance du repère** : import\n**Adresse du site** : Lieu-dit Le Clos Chartier\n**Numéro de département** : 37\n**Nom du site** : BLERE\n**Coordonnées** : 47.314406, 0.990985\n[[https://www.google.com/maps?q=47.314406,0.990985|Google Maps 🌍]] · [[https://www.google.com/maps/@?api=1&map_action=pano&viewpoint=47.314406,0.990985|Street View]]\n**Déchèteries pro les plus proches** :\n[[https://www.google.com/maps?q=47.3245,1.02138|Déchèterie de Bléré (Bléré, 2.6 km)]] — 0247308106\n[[https://www.google.com/maps?q=47.3287,0.919077|Déchèterie d'Athée sur Cher (Athée-sur-Cher, 5.6 km)]] — 0247308106\n[[https://www.google.com/maps?q=47.3306,1.08046|Déchèterie de Chisseaux (Chisseaux, 7.0 km)]] — 0247308106\n[[https://www.google.com/maps/search/d%C3%A9ch%C3%A8terie/@47.314406,0.990985,12z|Toutes les déchèteries autour du site 🗑️]]",
    "origine": "import",
    "campagne": "Espaces Verts 2026 P2-ENSIO",
    "towerco": "TOTEM",
    "ressources": "SEE ALL (ST ENSIO)",
    "nom_site": "BLERE",
    "adresse": "Lieu-dit Le Clos Chartier",
    "departement": "37",
    "scope": "EV",
    "calque": "mp-ev-2026-p2-ensio",
    "code_fra": "FRA03700068",
    "acces_autonome": "a_confirmer",
    "acces_motif": "fiche d'accès vide",
    "_umap_options": {
     "color": "#67718A",
     "iconClass": "Ball"
    }
   }
  },
  {
   "type": "Feature",
   "geometry": {
    "type": "Point",
    "coordinates": [
     1.060989,
     47.338915
    ]
   },
   "properties": {
    "name": "FRA03700069 — CHENONCEAUX",
    "description": "**Scope de maintenance** : EV\n**Verdict d'autonomie** : a_confirmer\n**Motif du verdict** : fiche d'accès vide\n**Campagne d'appartenance** : Espaces Verts 2026 P2-ENSIO\n**Donneur d'ordre de la campagne** : TOTEM\n**Colonne Ressources du périmètre** : SEE ALL (ST ENSIO)\n**Provenance du repère** : import\n**Adresse du site** : Lieu-dit Les Raffoux\n**Numéro de département** : 37\n**Nom du site** : CHENONCEAUX\n**Coordonnées** : 47.338915, 1.060989\n[[https://www.google.com/maps?q=47.338915,1.060989|Google Maps 🌍]] · [[https://www.google.com/maps/@?api=1&map_action=pano&viewpoint=47.338915,1.060989|Street View]]\n**Déchèteries pro les plus proches** :\n[[https://www.google.com/maps?q=47.3306,1.08046|Déchèterie de Chisseaux (Chisseaux, 1.7 km)]] — 0247308106\n[[https://www.google.com/maps?q=47.3245,1.02138|Déchèterie de Bléré (Bléré, 3.4 km)]] — 0247308106\n[[https://www.google.com/maps?q=47.4136,1.00894|Déchèterie d'Amboise (Amboise, 9.2 km)]] — 0247234744\n[[https://www.google.com/maps/search/d%C3%A9ch%C3%A8terie/@47.338915,1.060989,12z|Toutes les déchèteries autour du site 🗑️]]",
    "origine": "import",
    "campagne": "Espaces Verts 2026 P2-ENSIO",
    "towerco": "TOTEM",
    "ressources": "SEE ALL (ST ENSIO)",
    "nom_site": "CHENONCEAUX",
    "adresse": "Lieu-dit Les Raffoux",
    "departement": "37",
    "scope": "EV",
    "calque": "mp-ev-2026-p2-ensio",
    "code_fra": "FRA03700069",
    "acces_autonome": "a_confirmer",
    "acces_motif": "fiche d'accès vide",
    "_umap_options": {
     "color": "#67718A",
     "iconClass": "Ball"
    }
   }
  },
  {
   "type": "Feature",
   "geometry": {
    "type": "Point",
    "coordinates": [
     1.047302,
     47.288517
    ]
   },
   "properties": {
    "name": "FRA03700070 — LUZILLE",
    "description": "**Scope de maintenance** : EV\n**Verdict d'autonomie** : a_confirmer\n**Motif du verdict** : fiche d'accès vide\n**Campagne d'appartenance** : Espaces Verts 2026 P2-ENSIO\n**Donneur d'ordre de la campagne** : TOTEM\n**Colonne Ressources du périmètre** : SEE ALL (ST ENSIO)\n**Provenance du repère** : import\n**Adresse du site** : Lieu-dit La Chauvinière\n**Numéro de département** : 37\n**Nom du site** : LUZILLE\n**Coordonnées** : 47.288517, 1.047302\n[[https://www.google.com/maps?q=47.288517,1.047302|Google Maps 🌍]] · [[https://www.google.com/maps/@?api=1&map_action=pano&viewpoint=47.288517,1.047302|Street View]]\n**Déchèteries pro les plus proches** :\n[[https://www.google.com/maps?q=47.3245,1.02138|Déchèterie de Bléré (Bléré, 4.5 km)]] — 0247308106\n[[https://www.google.com/maps?q=47.3306,1.08046|Déchèterie de Chisseaux (Chisseaux, 5.3 km)]] — 0247308106\n[[https://www.google.com/maps?q=47.3287,0.919077|Déchèterie d'Athée sur Cher (Athée-sur-Cher, 10.7 km)]] — 0247308106\n[[https://www.google.com/maps/search/d%C3%A9ch%C3%A8terie/@47.288517,1.047302,12z|Toutes les déchèteries autour du site 🗑️]]",
    "origine": "import",
    "campagne": "Espaces Verts 2026 P2-ENSIO",
    "towerco": "TOTEM",
    "ressources": "SEE ALL (ST ENSIO)",
    "nom_site": "LUZILLE",
    "adresse": "Lieu-dit La Chauvinière",
    "departement": "37",
    "scope": "EV",
    "calque": "mp-ev-2026-p2-ensio",
    "code_fra": "FRA03700070",
    "acces_autonome": "a_confirmer",
    "acces_motif": "fiche d'accès vide",
    "_umap_options": {
     "color": "#67718A",
     "iconClass": "Ball"
    }
   }
  },
  {
   "type": "Feature",
   "geometry": {
    "type": "Point",
    "coordinates": [
     0.703681,
     46.980618
    ]
   },
   "properties": {
    "name": "FRA03700072 — DESCARTES",
    "description": "**Scope de maintenance** : EV\n**Verdict d'autonomie** : a_confirmer\n**Motif du verdict** : fiche d'accès vide\n**Campagne d'appartenance** : Espaces Verts 2026 P2-ENSIO\n**Donneur d'ordre de la campagne** : TOTEM\n**Colonne Ressources du périmètre** : SEE ALL (ST ENSIO)\n**Provenance du repère** : import\n**Adresse du site** : Château d'eau- Lieu-dit Les Granges\n**Numéro de département** : 37\n**Nom du site** : DESCARTES\n**Coordonnées** : 46.980618, 0.703681\n[[https://www.google.com/maps?q=46.980618,0.703681|Google Maps 🌍]] · [[https://www.google.com/maps/@?api=1&map_action=pano&viewpoint=46.980618,0.703681|Street View]]\n**Déchèteries pro les plus proches** :\n[[https://www.google.com/maps?q=46.9814,0.673157|Déchèterie de Descartes (Descartes, 2.3 km)]] — 0640659685\n[[https://www.google.com/maps?q=46.929,0.608361|Déchèterie de Dangé-saint-romain (Dangé-Saint-Romain, 9.2 km)]] — 0784394852\n[[https://www.google.com/maps?q=46.9223,0.793056|Déchèterie du Grand Pressigny (Le Grand-Pressigny, 9.4 km)]] — 0247910489\n[[https://www.google.com/maps/search/d%C3%A9ch%C3%A8terie/@46.980618,0.703681,12z|Toutes les déchèteries autour du site 🗑️]]",
    "origine": "import",
    "campagne": "Espaces Verts 2026 P2-ENSIO",
    "towerco": "TOTEM",
    "ressources": "SEE ALL (ST ENSIO)",
    "nom_site": "DESCARTES",
    "adresse": "Château d'eau- Lieu-dit Les Granges",
    "departement": "37",
    "scope": "EV",
    "calque": "mp-ev-2026-p2-ensio",
    "code_fra": "FRA03700072",
    "acces_autonome": "a_confirmer",
    "acces_motif": "fiche d'accès vide",
    "_umap_options": {
     "color": "#67718A",
     "iconClass": "Ball"
    }
   }
  },
  {
   "type": "Feature",
   "geometry": {
    "type": "Point",
    "coordinates": [
     0.711783,
     47.317394
    ]
   },
   "properties": {
    "name": "FRA03700073 — CHAMBRAY_RENARDIERES",
    "description": "**Scope de maintenance** : EV\n**Verdict d'autonomie** : a_confirmer\n**Motif du verdict** : fiche d'accès vide\n**Campagne d'appartenance** : Espaces Verts 2026 P2-ENSIO\n**Donneur d'ordre de la campagne** : TOTEM\n**Colonne Ressources du périmètre** : SEE ALL (ST ENSIO)\n**Provenance du repère** : import\n**Adresse du site** : Zone d'activité les Renardières\n**Numéro de département** : 37\n**Nom du site** : CHAMBRAY_RENARDIERES\n**Coordonnées** : 47.317394, 0.711783\n[[https://www.google.com/maps?q=47.317394,0.711783|Google Maps 🌍]] · [[https://www.google.com/maps/@?api=1&map_action=pano&viewpoint=47.317394,0.711783|Street View]]\n**Déchèteries pro les plus proches** :\n[[https://www.google.com/maps?q=47.2984,0.794477|Déchèterie la Pommeraye Esvres sur Indre (Esvres, 6.6 km)]] — 0247267373\n[[https://www.google.com/maps?q=47.2575,0.680278|Déchèterie Ramage Sorigny (Sorigny, 7.1 km)]]\n[[https://www.google.com/maps?q=47.2351,0.759403|Déchèterie les Coquettes Saint-branchs (Saint-Branchs, 9.8 km)]] — 0247267373\n[[https://www.google.com/maps/search/d%C3%A9ch%C3%A8terie/@47.317394,0.711783,12z|Toutes les déchèteries autour du site 🗑️]]",
    "origine": "import",
    "campagne": "Espaces Verts 2026 P2-ENSIO",
    "towerco": "TOTEM",
    "ressources": "SEE ALL (ST ENSIO)",
    "nom_site": "CHAMBRAY_RENARDIERES",
    "adresse": "Zone d'activité les Renardières",
    "departement": "37",
    "scope": "EV",
    "calque": "mp-ev-2026-p2-ensio",
    "code_fra": "FRA03700073",
    "acces_autonome": "a_confirmer",
    "acces_motif": "fiche d'accès vide",
    "_umap_options": {
     "color": "#67718A",
     "iconClass": "Ball"
    }
   }
  },
  {
   "type": "Feature",
   "geometry": {
    "type": "Point",
    "coordinates": [
     0.702638,
     47.336528
    ]
   },
   "properties": {
    "name": "FRA03700075 — CHAMBRAY_MARSIN",
    "description": "**Scope de maintenance** : EV\n**Verdict d'autonomie** : a_confirmer\n**Motif du verdict** : fiche d'accès vide\n**Campagne d'appartenance** : Espaces Verts 2026 P2-ENSIO\n**Donneur d'ordre de la campagne** : TOTEM\n**Colonne Ressources du périmètre** : SEE ALL (ST ENSIO)\n**Provenance du repère** : import\n**Adresse du site** : 11. Rue Charles Coulomb\n**Numéro de département** : 37\n**Nom du site** : CHAMBRAY_MARSIN\n**Coordonnées** : 47.336528, 0.702638\n[[https://www.google.com/maps?q=47.336528,0.702638|Google Maps 🌍]] · [[https://www.google.com/maps/@?api=1&map_action=pano&viewpoint=47.336528,0.702638|Street View]]\n**Déchèteries pro les plus proches** :\n[[https://www.google.com/maps?q=47.2984,0.794477|Déchèterie la Pommeraye Esvres sur Indre (Esvres, 8.1 km)]] — 0247267373\n[[https://www.google.com/maps?q=47.2575,0.680278|Déchèterie Ramage Sorigny (Sorigny, 8.9 km)]]\n[[https://www.google.com/maps?q=47.3917,0.799823|Déchèterie de Montlouis sur Loire (Montlouis-sur-Loire, 9.6 km)]] — 0247255550\n[[https://www.google.com/maps/search/d%C3%A9ch%C3%A8terie/@47.336528,0.702638,12z|Toutes les déchèteries autour du site 🗑️]]",
    "origine": "import",
    "campagne": "Espaces Verts 2026 P2-ENSIO",
    "towerco": "TOTEM",
    "ressources": "SEE ALL (ST ENSIO)",
    "nom_site": "CHAMBRAY_MARSIN",
    "adresse": "11. Rue Charles Coulomb",
    "departement": "37",
    "scope": "EV",
    "calque": "mp-ev-2026-p2-ensio",
    "code_fra": "FRA03700075",
    "acces_autonome": "a_confirmer",
    "acces_motif": "fiche d'accès vide",
    "_umap_options": {
     "color": "#67718A",
     "iconClass": "Ball"
    }
   }
  },
  {
   "type": "Feature",
   "geometry": {
    "type": "Point",
    "coordinates": [
     0.750495,
     47.337923
    ]
   },
   "properties": {
    "name": "FRA03700076 — CHAMBRAY_HATES_TGV",
    "description": "**Scope de maintenance** : EV\n**Verdict d'autonomie** : a_confirmer\n**Motif du verdict** : fiche d'accès vide\n**Campagne d'appartenance** : Espaces Verts 2026 P2-ENSIO\n**Donneur d'ordre de la campagne** : TOTEM\n**Colonne Ressources du périmètre** : SEE ALL (ST ENSIO)\n**Provenance du repère** : import\n**Adresse du site** : Bois Les Hates_Rue de la Bellerie\n**Numéro de département** : 37\n**Nom du site** : CHAMBRAY_HATES_TGV\n**Coordonnées** : 47.337923, 0.750495\n[[https://www.google.com/maps?q=47.337923,0.750495|Google Maps 🌍]] · [[https://www.google.com/maps/@?api=1&map_action=pano&viewpoint=47.337923,0.750495|Street View]]\n**Déchèteries pro les plus proches** :\n[[https://www.google.com/maps?q=47.2984,0.794477|Déchèterie la Pommeraye Esvres sur Indre (Esvres, 5.5 km)]] — 0247267373\n[[https://www.google.com/maps?q=47.3917,0.799823|Déchèterie de Montlouis sur Loire (Montlouis-sur-Loire, 7.0 km)]] — 0247255550\n[[https://www.google.com/maps?q=47.2575,0.680278|Déchèterie Ramage Sorigny (Sorigny, 10.4 km)]]\n[[https://www.google.com/maps/search/d%C3%A9ch%C3%A8terie/@47.337923,0.750495,12z|Toutes les déchèteries autour du site 🗑️]]",
    "origine": "import",
    "campagne": "Espaces Verts 2026 P2-ENSIO",
    "towerco": "TOTEM",
    "ressources": "SEE ALL (ST ENSIO)",
    "nom_site": "CHAMBRAY_HATES_TGV",
    "adresse": "Bois Les Hates_Rue de la Bellerie",
    "departement": "37",
    "scope": "EV",
    "calque": "mp-ev-2026-p2-ensio",
    "code_fra": "FRA03700076",
    "acces_autonome": "a_confirmer",
    "acces_motif": "fiche d'accès vide",
    "_umap_options": {
     "color": "#67718A",
     "iconClass": "Ball"
    }
   }
  },
  {
   "type": "Feature",
   "geometry": {
    "type": "Point",
    "coordinates": [
     0.793607,
     47.428027
    ]
   },
   "properties": {
    "name": "FRA03700082 — VOUVRAY",
    "description": "**Scope de maintenance** : EV\n**Verdict d'autonomie** : a_confirmer\n**Motif du verdict** : fiche d'accès vide\n**Campagne d'appartenance** : Espaces Verts 2026 P2-ENSIO\n**Donneur d'ordre de la campagne** : TOTEM\n**Colonne Ressources du périmètre** : SEE ALL (ST ENSIO)\n**Provenance du repère** : import\n**Adresse du site** : Château d'eau. Lieu-dit: La Gaudrelle\n**Numéro de département** : 37\n**Nom du site** : VOUVRAY\n**Coordonnées** : 47.428027, 0.793607\n[[https://www.google.com/maps?q=47.428027,0.793607|Google Maps 🌍]] · [[https://www.google.com/maps/@?api=1&map_action=pano&viewpoint=47.428027,0.793607|Street View]]\n**Déchèteries pro les plus proches** :\n[[https://www.google.com/maps?q=47.4327,0.84376|Déchèterie de Vernou sur Brenne (Vernou-sur-Brenne, 3.8 km)]] — 0247255550\n[[https://www.google.com/maps?q=47.3917,0.799823|Déchèterie de Montlouis sur Loire (Montlouis-sur-Loire, 4.1 km)]] — 0247255550\n[[https://www.google.com/maps?q=47.519,0.91555|Déchèterie de Neuillé le Lierre (Neuillé-le-Lierre, 13.7 km)]] — 0247296669\n[[https://www.google.com/maps/search/d%C3%A9ch%C3%A8terie/@47.428027,0.793607,12z|Toutes les déchèteries autour du site 🗑️]]",
    "origine": "import",
    "campagne": "Espaces Verts 2026 P2-ENSIO",
    "towerco": "TOTEM",
    "ressources": "SEE ALL (ST ENSIO)",
    "nom_site": "VOUVRAY",
    "adresse": "Château d'eau. Lieu-dit: La Gaudrelle",
    "departement": "37",
    "scope": "EV",
    "calque": "mp-ev-2026-p2-ensio",
    "code_fra": "FRA03700082",
    "acces_autonome": "a_confirmer",
    "acces_motif": "fiche d'accès vide",
    "_umap_options": {
     "color": "#67718A",
     "iconClass": "Ball"
    }
   }
  },
  {
   "type": "Feature",
   "geometry": {
    "type": "Point",
    "coordinates": [
     0.820286,
     47.396143
    ]
   },
   "properties": {
    "name": "FRA03700084 — VOUVRAY_GARE",
    "description": "**Scope de maintenance** : EV\n**Verdict d'autonomie** : a_confirmer\n**Motif du verdict** : fiche d'accès vide\n**Campagne d'appartenance** : Espaces Verts 2026 P2-ENSIO\n**Donneur d'ordre de la campagne** : TOTEM\n**Colonne Ressources du périmètre** : SEE ALL (ST ENSIO)\n**Provenance du repère** : import\n**Adresse du site** : SNCF LA FRILLIERE\n**Numéro de département** : 37\n**Nom du site** : VOUVRAY_GARE\n**Coordonnées** : 47.396143, 0.820286\n[[https://www.google.com/maps?q=47.396143,0.820286|Google Maps 🌍]] · [[https://www.google.com/maps/@?api=1&map_action=pano&viewpoint=47.396143,0.820286|Street View]]\n**Déchèteries pro les plus proches** :\n[[https://www.google.com/maps?q=47.3917,0.799823|Déchèterie de Montlouis sur Loire (Montlouis-sur-Loire, 1.6 km)]] — 0247255550\n[[https://www.google.com/maps?q=47.4327,0.84376|Déchèterie de Vernou sur Brenne (Vernou-sur-Brenne, 4.4 km)]] — 0247255550\n[[https://www.google.com/maps?q=47.3287,0.919077|Déchèterie d'Athée sur Cher (Athée-sur-Cher, 10.6 km)]] — 0247308106\n[[https://www.google.com/maps/search/d%C3%A9ch%C3%A8terie/@47.396143,0.820286,12z|Toutes les déchèteries autour du site 🗑️]]",
    "origine": "import",
    "campagne": "Espaces Verts 2026 P2-ENSIO",
    "towerco": "TOTEM",
    "ressources": "SEE ALL (ST ENSIO)",
    "nom_site": "VOUVRAY_GARE",
    "adresse": "SNCF LA FRILLIERE",
    "departement": "37",
    "scope": "EV",
    "calque": "mp-ev-2026-p2-ensio",
    "code_fra": "FRA03700084",
    "acces_autonome": "a_confirmer",
    "acces_motif": "fiche d'accès vide",
    "_umap_options": {
     "color": "#67718A",
     "iconClass": "Ball"
    }
   }
  },
  {
   "type": "Feature",
   "geometry": {
    "type": "Point",
    "coordinates": [
     0.411612,
     47.110841
    ]
   },
   "properties": {
    "name": "FRA03700087 — ILE_BOUCHARD_FT",
    "description": "**Scope de maintenance** : EV\n**Verdict d'autonomie** : a_confirmer\n**Motif du verdict** : fiche d'accès vide\n**Campagne d'appartenance** : Espaces Verts 2026 P2-ENSIO\n**Donneur d'ordre de la campagne** : TOTEM\n**Colonne Ressources du périmètre** : SEE ALL (ST ENSIO)\n**Provenance du repère** : import\n**Adresse du site** : Rue de la Commanderie\n**Numéro de département** : 37\n**Nom du site** : ILE_BOUCHARD_FT\n**Coordonnées** : 47.110841, 0.411612\n[[https://www.google.com/maps?q=47.110841,0.411612|Google Maps 🌍]] · [[https://www.google.com/maps/@?api=1&map_action=pano&viewpoint=47.110841,0.411612|Street View]]\n**Déchèteries pro les plus proches** :\n[[https://www.google.com/maps?q=47.1237,0.435958|Déchèterie de l'île Bouchard (L'Île-Bouchard, 2.3 km)]] — 0247970214\n[[https://www.google.com/maps?q=47.0292,0.325686|Déchèterie de Richelieu (Richelieu, 11.2 km)]] — 0247582774\n[[https://www.google.com/maps?q=47.115,0.575574|Déchèterie de Noyant de Touraine (Noyant-de-Touraine, 12.4 km)]] — 0247658827\n[[https://www.google.com/maps/search/d%C3%A9ch%C3%A8terie/@47.110841,0.411612,12z|Toutes les déchèteries autour du site 🗑️]]",
    "origine": "import",
    "campagne": "Espaces Verts 2026 P2-ENSIO",
    "towerco": "TOTEM",
    "ressources": "SEE ALL (ST ENSIO)",
    "nom_site": "ILE_BOUCHARD_FT",
    "adresse": "Rue de la Commanderie",
    "departement": "37",
    "scope": "EV",
    "calque": "mp-ev-2026-p2-ensio",
    "code_fra": "FRA03700087",
    "acces_autonome": "a_confirmer",
    "acces_motif": "fiche d'accès vide",
    "_umap_options": {
     "color": "#67718A",
     "iconClass": "Ball"
    }
   }
  },
  {
   "type": "Feature",
   "geometry": {
    "type": "Point",
    "coordinates": [
     0.620701,
     47.40974
    ]
   },
   "properties": {
    "name": "FRA03700088 — FONDETTES",
    "description": "**Scope de maintenance** : EV\n**Verdict d'autonomie** : a_confirmer\n**Motif du verdict** : fiche d'accès vide\n**Campagne d'appartenance** : Espaces Verts 2026 P2-ENSIO\n**Donneur d'ordre de la campagne** : TOTEM\n**Colonne Ressources du périmètre** : SEE ALL (ST ENSIO)\n**Provenance du repère** : import\n**Adresse du site** : 2 la Haute Limougère\n**Numéro de département** : 37\n**Nom du site** : FONDETTES\n**Coordonnées** : 47.409740, 0.620701\n[[https://www.google.com/maps?q=47.409740,0.620701|Google Maps 🌍]] · [[https://www.google.com/maps/@?api=1&map_action=pano&viewpoint=47.409740,0.620701|Street View]]\n**Déchèteries pro les plus proches** :\n[[https://www.google.com/maps?q=47.4369,0.518596|Déchèterie de Pernay (Pernay, 8.3 km)]] — 0247298100\n[[https://www.google.com/maps?q=47.5041,0.622974|Déchèterie de Saint Antoine du Rocher (Saint-Antoine-du-Rocher, 10.5 km)]] — 0247298100\n[[https://www.google.com/maps?q=47.348,0.469324|Déchèterie de Cinq Mars la Pile (Cinq-Mars-la-Pile, 13.3 km)]] — 0247965686\n[[https://www.google.com/maps/search/d%C3%A9ch%C3%A8terie/@47.409740,0.620701,12z|Toutes les déchèteries autour du site 🗑️]]",
    "origine": "import",
    "campagne": "Espaces Verts 2026 P2-ENSIO",
    "towerco": "TOTEM",
    "ressources": "SEE ALL (ST ENSIO)",
    "nom_site": "FONDETTES",
    "adresse": "2 la Haute Limougère",
    "departement": "37",
    "scope": "EV",
    "calque": "mp-ev-2026-p2-ensio",
    "code_fra": "FRA03700088",
    "acces_autonome": "a_confirmer",
    "acces_motif": "fiche d'accès vide",
    "_umap_options": {
     "color": "#67718A",
     "iconClass": "Ball"
    }
   }
  },
  {
   "type": "Feature",
   "geometry": {
    "type": "Point",
    "coordinates": [
     0.816513,
     47.023854
    ]
   },
   "properties": {
    "name": "FRA03700090 — LIGUEIL",
    "description": "**Scope de maintenance** : EV\n**Verdict d'autonomie** : a_confirmer\n**Motif du verdict** : fiche d'accès vide\n**Campagne d'appartenance** : Espaces Verts 2026 P2-ENSIO\n**Donneur d'ordre de la campagne** : TOTEM\n**Colonne Ressources du périmètre** : SEE ALL (ST ENSIO)\n**Provenance du repère** : import\n**Adresse du site** : Château d'eau - Lieu-dit La Grimauderie\n**Numéro de département** : 37\n**Nom du site** : LIGUEIL\n**Coordonnées** : 47.023854, 0.816513\n[[https://www.google.com/maps?q=47.023854,0.816513|Google Maps 🌍]] · [[https://www.google.com/maps/@?api=1&map_action=pano&viewpoint=47.023854,0.816513|Street View]]\n**Déchèteries pro les plus proches** :\n[[https://www.google.com/maps?q=47.0809,0.774274|Déchèterie de la Chapelle Blanche Saint Martin (La Chapelle-Blanche-Saint-Martin, 7.1 km)]] — 0247599373\n[[https://www.google.com/maps?q=46.9223,0.793056|Déchèterie du Grand Pressigny (Le Grand-Pressigny, 11.4 km)]] — 0247910489\n[[https://www.google.com/maps?q=46.9814,0.673157|Déchèterie de Descartes (Descartes, 11.9 km)]] — 0640659685\n[[https://www.google.com/maps/search/d%C3%A9ch%C3%A8terie/@47.023854,0.816513,12z|Toutes les déchèteries autour du site 🗑️]]",
    "origine": "import",
    "campagne": "Espaces Verts 2026 P2-ENSIO",
    "towerco": "TOTEM",
    "ressources": "SEE ALL (ST ENSIO)",
    "nom_site": "LIGUEIL",
    "adresse": "Château d'eau - Lieu-dit La Grimauderie",
    "departement": "37",
    "scope": "EV",
    "calque": "mp-ev-2026-p2-ensio",
    "code_fra": "FRA03700090",
    "acces_autonome": "a_confirmer",
    "acces_motif": "fiche d'accès vide",
    "_umap_options": {
     "color": "#67718A",
     "iconClass": "Ball"
    }
   }
  },
  {
   "type": "Feature",
   "geometry": {
    "type": "Point",
    "coordinates": [
     0.692159,
     47.245676
    ]
   },
   "properties": {
    "name": "FRA03700093 — SORIGNY",
    "description": "**Scope de maintenance** : EV\n**Verdict d'autonomie** : a_confirmer\n**Motif du verdict** : fiche d'accès vide\n**Campagne d'appartenance** : Espaces Verts 2026 P2-ENSIO\n**Donneur d'ordre de la campagne** : TOTEM\n**Colonne Ressources du périmètre** : SEE ALL (ST ENSIO)\n**Provenance du repère** : import\n**Adresse du site** : CHATEAU D EAU ROUTE DE MONTS\n**Numéro de département** : 37\n**Nom du site** : SORIGNY\n**Coordonnées** : 47.245676, 0.692159\n[[https://www.google.com/maps?q=47.245676,0.692159|Google Maps 🌍]] · [[https://www.google.com/maps/@?api=1&map_action=pano&viewpoint=47.245676,0.692159|Street View]]\n**Déchèteries pro les plus proches** :\n[[https://www.google.com/maps?q=47.2575,0.680278|Déchèterie Ramage Sorigny (Sorigny, 1.6 km)]]\n[[https://www.google.com/maps?q=47.2351,0.759403|Déchèterie les Coquettes Saint-branchs (Saint-Branchs, 5.2 km)]] — 0247267373\n[[https://www.google.com/maps?q=47.2564,0.569535|Déchèterie de Saché (Saché, 9.3 km)]] — 0247732552\n[[https://www.google.com/maps/search/d%C3%A9ch%C3%A8terie/@47.245676,0.692159,12z|Toutes les déchèteries autour du site 🗑️]]",
    "origine": "import",
    "campagne": "Espaces Verts 2026 P2-ENSIO",
    "towerco": "TOTEM",
    "ressources": "SEE ALL (ST ENSIO)",
    "nom_site": "SORIGNY",
    "adresse": "CHATEAU D EAU ROUTE DE MONTS",
    "departement": "37",
    "scope": "EV",
    "calque": "mp-ev-2026-p2-ensio",
    "code_fra": "FRA03700093",
    "acces_autonome": "a_confirmer",
    "acces_motif": "fiche d'accès vide",
    "_umap_options": {
     "color": "#67718A",
     "iconClass": "Ball"
    }
   }
  },
  {
   "type": "Feature",
   "geometry": {
    "type": "Point",
    "coordinates": [
     0.660171,
     47.216558
    ]
   },
   "properties": {
    "name": "FRA03700096 — SORIGNY_LGV_LISEA06",
    "description": "**Scope de maintenance** : EV\n**Verdict d'autonomie** : a_confirmer\n**Motif du verdict** : fiche d'accès vide\n**Campagne d'appartenance** : Espaces Verts 2026 P2-ENSIO\n**Donneur d'ordre de la campagne** : TOTEM\n**Colonne Ressources du périmètre** : SEE ALL (ST ENSIO)\n**Provenance du repère** : import\n**Adresse du site** : Lieu-dit : La Couperie\n**Numéro de département** : 37\n**Nom du site** : SORIGNY_LGV_LISEA06\n**Coordonnées** : 47.216558, 0.660171\n[[https://www.google.com/maps?q=47.216558,0.660171|Google Maps 🌍]] · [[https://www.google.com/maps/@?api=1&map_action=pano&viewpoint=47.216558,0.660171|Street View]]\n**Déchèteries pro les plus proches** :\n[[https://www.google.com/maps?q=47.2575,0.680278|Déchèterie Ramage Sorigny (Sorigny, 4.8 km)]]\n[[https://www.google.com/maps?q=47.2351,0.759403|Déchèterie les Coquettes Saint-branchs (Saint-Branchs, 7.8 km)]] — 0247267373\n[[https://www.google.com/maps?q=47.2564,0.569535|Déchèterie de Saché (Saché, 8.2 km)]] — 0247732552\n[[https://www.google.com/maps/search/d%C3%A9ch%C3%A8terie/@47.216558,0.660171,12z|Toutes les déchèteries autour du site 🗑️]]",
    "origine": "import",
    "campagne": "Espaces Verts 2026 P2-ENSIO",
    "towerco": "TOTEM",
    "ressources": "SEE ALL (ST ENSIO)",
    "nom_site": "SORIGNY_LGV_LISEA06",
    "adresse": "Lieu-dit : La Couperie",
    "departement": "37",
    "scope": "EV",
    "calque": "mp-ev-2026-p2-ensio",
    "code_fra": "FRA03700096",
    "acces_autonome": "a_confirmer",
    "acces_motif": "fiche d'accès vide",
    "_umap_options": {
     "color": "#67718A",
     "iconClass": "Ball"
    }
   }
  },
  {
   "type": "Feature",
   "geometry": {
    "type": "Point",
    "coordinates": [
     0.662971,
     47.239804
    ]
   },
   "properties": {
    "name": "FRA03700097 — SORIGNY_CHATEAU_LGV",
    "description": "**Scope de maintenance** : EV\n**Verdict d'autonomie** : a_confirmer\n**Motif du verdict** : fiche d'accès vide\n**Campagne d'appartenance** : Espaces Verts 2026 P2-ENSIO\n**Donneur d'ordre de la campagne** : TOTEM\n**Colonne Ressources du périmètre** : SEE ALL (ST ENSIO)\n**Provenance du repère** : import\n**Adresse du site** : Lieu-dit : La Gérandeliere\n**Numéro de département** : 37\n**Nom du site** : SORIGNY_CHATEAU_LGV\n**Coordonnées** : 47.239804, 0.662971\n[[https://www.google.com/maps?q=47.239804,0.662971|Google Maps 🌍]] · [[https://www.google.com/maps/@?api=1&map_action=pano&viewpoint=47.239804,0.662971|Street View]]\n**Déchèteries pro les plus proches** :\n[[https://www.google.com/maps?q=47.2575,0.680278|Déchèterie Ramage Sorigny (Sorigny, 2.4 km)]]\n[[https://www.google.com/maps?q=47.2564,0.569535|Déchèterie de Saché (Saché, 7.3 km)]] — 0247732552\n[[https://www.google.com/maps?q=47.2351,0.759403|Déchèterie les Coquettes Saint-branchs (Saint-Branchs, 7.3 km)]] — 0247267373\n[[https://www.google.com/maps/search/d%C3%A9ch%C3%A8terie/@47.239804,0.662971,12z|Toutes les déchèteries autour du site 🗑️]]",
    "origine": "import",
    "campagne": "Espaces Verts 2026 P2-ENSIO",
    "towerco": "TOTEM",
    "ressources": "SEE ALL (ST ENSIO)",
    "nom_site": "SORIGNY_CHATEAU_LGV",
    "adresse": "Lieu-dit : La Gérandeliere",
    "departement": "37",
    "scope": "EV",
    "calque": "mp-ev-2026-p2-ensio",
    "code_fra": "FRA03700097",
    "acces_autonome": "a_confirmer",
    "acces_motif": "fiche d'accès vide",
    "_umap_options": {
     "color": "#67718A",
     "iconClass": "Ball"
    }
   }
  },
  {
   "type": "Feature",
   "geometry": {
    "type": "Point",
    "coordinates": [
     0.642386,
     47.233979
    ]
   },
   "properties": {
    "name": "FRA03700099 — THILOUZE_TGV",
    "description": "**Scope de maintenance** : EV\n**Verdict d'autonomie** : non_autonome\n**Motif du verdict** : intervention accompagnée\n**Numéro de DAS** : DAS-N0206185\n**Statut de la DAS** : Acceptée\n**Début de validité** : 2026-08-10\n**Fin de validité** : 2026-08-10\n**Origine de la DAS** : airtable\n**Campagne d'appartenance** : Espaces Verts 2026 P2-ENSIO\n**Donneur d'ordre de la campagne** : TOTEM\n**Colonne Ressources du périmètre** : SEE ALL (ST ENSIO)\n**Provenance du repère** : import\n**Adresse du site** : Montison\n**Numéro de département** : 37\n**Nom du site** : THILOUZE_TGV\n**Coordonnées** : 47.233979, 0.642386\n[[https://www.google.com/maps?q=47.233979,0.642386|Google Maps 🌍]] · [[https://www.google.com/maps/@?api=1&map_action=pano&viewpoint=47.233979,0.642386|Street View]]\n**Déchèteries pro les plus proches** :\n[[https://www.google.com/maps?q=47.2575,0.680278|Déchèterie Ramage Sorigny (Sorigny, 3.9 km)]]\n[[https://www.google.com/maps?q=47.2564,0.569535|Déchèterie de Saché (Saché, 6.0 km)]] — 0247732552\n[[https://www.google.com/maps?q=47.2351,0.759403|Déchèterie les Coquettes Saint-branchs (Saint-Branchs, 8.8 km)]] — 0247267373\n[[https://www.google.com/maps/search/d%C3%A9ch%C3%A8terie/@47.233979,0.642386,12z|Toutes les déchèteries autour du site 🗑️]]\n\n**Fiche d'accès**\nDigicode: NON\nBadge: NON\nBoite à clés: Non\nPortail / Portillon: Electronique - NON\nDélais de prévenance:\n\nAccès équipement(s):\nBadge:\nClés: Clé électronique ILOQ\nCadenas:\n\nAccès aérien(s):\nDigicode:\nBadge:\nClés: Clé électronique ABLOY\nCadenas:\n\nCommentaire d'accès: 22/05/26 D cockpit O+M:\n🏢 Site SNCF RÉSEAU\n\n📧 Demandes d’accès / maintenance / travaux : Toute demande concernant les stations radioélectriques situées en emprise SNCF RÉSEAU doit faire l’objet d’une expression de besoin via le portail partenaire :\n👉 https://rmp.telecom.reseau.sncf.fr/demande\n\n📎 Validation obligatoire : Au moment de la DAS, TOTEM doit disposer d’un mail de validation (à joindre) confirmant que le demandeur a bien rempli le formulaire SNCF via le portail partenaire.\n\n*Maintenance autonome : 5 jours ouvrés\n\n*Maintenance autonome urgente : 2 jours ouvrés avec la\npossibilité de traiter les demandes les plus urgentes sous 24h.\n\n*Maintenance avec accompagnement (présence d’un portail, d’une barrière etc) : 15 jours ouvrés à compter de la réception de la commande TOTEM\n\n*Maintenance particulière (utilisation d’un engin, cordes / poulies) : 15 jours ouvrés à compter de la réception de la commande TOTEM",
    "origine": "import",
    "campagne": "Espaces Verts 2026 P2-ENSIO",
    "towerco": "TOTEM",
    "ressources": "SEE ALL (ST ENSIO)",
    "nom_site": "THILOUZE_TGV",
    "adresse": "Montison",
    "departement": "37",
    "scope": "EV",
    "das_numero": "DAS-N0206185",
    "das_statut": "Acceptée",
    "das_debut": "2026-08-10",
    "das_fin": "2026-08-10",
    "das_provenance": "airtable",
    "acces_detail": "Digicode: NON\nBadge: NON\nBoite à clés: Non\nPortail / Portillon: Electronique - NON\nDélais de prévenance:\n\nAccès équipement(s):\nBadge:\nClés: Clé électronique ILOQ\nCadenas:\n\nAccès aérien(s):\nDigicode:\nBadge:\nClés: Clé électronique ABLOY\nCadenas:\n\nCommentaire d'accès: 22/05/26 D cockpit O+M:\n🏢 Site SNCF RÉSEAU\n\n📧 Demandes d’accès / maintenance / travaux : Toute demande concernant les stations radioélectriques situées en emprise SNCF RÉSEAU doit faire l’objet d’une expression de besoin via le portail partenaire :\n👉 https://rmp.telecom.reseau.sncf.fr/demande\n\n📎 Validation obligatoire : Au moment de la DAS, TOTEM doit disposer d’un mail de validation (à joindre) confirmant que le demandeur a bien rempli le formulaire SNCF via le portail partenaire.\n\n*Maintenance autonome : 5 jours ouvrés\n\n*Maintenance autonome urgente : 2 jours ouvrés avec la\npossibilité de traiter les demandes les plus urgentes sous 24h.\n\n*Maintenance avec accompagnement (présence d’un portail, d’une barrière etc) : 15 jours ouvrés à compter de la réception de la commande TOTEM\n\n*Maintenance particulière (utilisation d’un engin, cordes / poulies) : 15 jours ouvrés à compter de la réception de la commande TOTEM",
    "calque": "mp-ev-2026-p2-ensio",
    "code_fra": "FRA03700099",
    "acces_autonome": "non_autonome",
    "acces_motif": "intervention accompagnée",
    "_umap_options": {
     "color": "#67718A",
     "iconClass": "Ball"
    }
   }
  },
  {
   "type": "Feature",
   "geometry": {
    "type": "Point",
    "coordinates": [
     0.84997,
     47.388845
    ]
   },
   "properties": {
    "name": "FRA03700102 — MONTLOUIS_SUR_LOIRE",
    "description": "**Scope de maintenance** : EV\n**Verdict d'autonomie** : a_confirmer\n**Motif du verdict** : fiche d'accès vide\n**Campagne d'appartenance** : Espaces Verts 2026 P2-ENSIO\n**Donneur d'ordre de la campagne** : TOTEM\n**Colonne Ressources du périmètre** : SEE ALL (ST ENSIO)\n**Provenance du repère** : import\n**Adresse du site** : 3 W RUE MAD VERNET ROUTE BONDESIR\n**Numéro de département** : 37\n**Nom du site** : MONTLOUIS_SUR_LOIRE\n**Coordonnées** : 47.388845, 0.849970\n[[https://www.google.com/maps?q=47.388845,0.849970|Google Maps 🌍]] · [[https://www.google.com/maps/@?api=1&map_action=pano&viewpoint=47.388845,0.849970|Street View]]\n**Déchèteries pro les plus proches** :\n[[https://www.google.com/maps?q=47.3917,0.799823|Déchèterie de Montlouis sur Loire (Montlouis-sur-Loire, 3.8 km)]] — 0247255550\n[[https://www.google.com/maps?q=47.4327,0.84376|Déchèterie de Vernou sur Brenne (Vernou-sur-Brenne, 4.9 km)]] — 0247255550\n[[https://www.google.com/maps?q=47.3287,0.919077|Déchèterie d'Athée sur Cher (Athée-sur-Cher, 8.5 km)]] — 0247308106\n[[https://www.google.com/maps/search/d%C3%A9ch%C3%A8terie/@47.388845,0.849970,12z|Toutes les déchèteries autour du site 🗑️]]",
    "origine": "import",
    "campagne": "Espaces Verts 2026 P2-ENSIO",
    "towerco": "TOTEM",
    "ressources": "SEE ALL (ST ENSIO)",
    "nom_site": "MONTLOUIS_SUR_LOIRE",
    "adresse": "3 W RUE MAD VERNET ROUTE BONDESIR",
    "departement": "37",
    "scope": "EV",
    "calque": "mp-ev-2026-p2-ensio",
    "code_fra": "FRA03700102",
    "acces_autonome": "a_confirmer",
    "acces_motif": "fiche d'accès vide",
    "_umap_options": {
     "color": "#67718A",
     "iconClass": "Ball"
    }
   }
  },
  {
   "type": "Feature",
   "geometry": {
    "type": "Point",
    "coordinates": [
     0.835086,
     47.382014
    ]
   },
   "properties": {
    "name": "FRA03700104 — MONTLOUIS_CROIX_BLANCHE",
    "description": "**Scope de maintenance** : EV\n**Verdict d'autonomie** : a_confirmer\n**Motif du verdict** : fiche d'accès vide\n**Campagne d'appartenance** : Espaces Verts 2026 P2-ENSIO\n**Donneur d'ordre de la campagne** : TOTEM\n**Colonne Ressources du périmètre** : SEE ALL (ST ENSIO)\n**Provenance du repère** : import\n**Adresse du site** : LDT ESPACE LIGERIA\n**Numéro de département** : 37\n**Nom du site** : MONTLOUIS_CROIX_BLANCHE\n**Coordonnées** : 47.382014, 0.835086\n[[https://www.google.com/maps?q=47.382014,0.835086|Google Maps 🌍]] · [[https://www.google.com/maps/@?api=1&map_action=pano&viewpoint=47.382014,0.835086|Street View]]\n**Déchèteries pro les plus proches** :\n[[https://www.google.com/maps?q=47.3917,0.799823|Déchèterie de Montlouis sur Loire (Montlouis-sur-Loire, 2.9 km)]] — 0247255550\n[[https://www.google.com/maps?q=47.4327,0.84376|Déchèterie de Vernou sur Brenne (Vernou-sur-Brenne, 5.7 km)]] — 0247255550\n[[https://www.google.com/maps?q=47.3287,0.919077|Déchèterie d'Athée sur Cher (Athée-sur-Cher, 8.7 km)]] — 0247308106\n[[https://www.google.com/maps/search/d%C3%A9ch%C3%A8terie/@47.382014,0.835086,12z|Toutes les déchèteries autour du site 🗑️]]",
    "origine": "import",
    "campagne": "Espaces Verts 2026 P2-ENSIO",
    "towerco": "TOTEM",
    "ressources": "SEE ALL (ST ENSIO)",
    "nom_site": "MONTLOUIS_CROIX_BLANCHE",
    "adresse": "LDT ESPACE LIGERIA",
    "departement": "37",
    "scope": "EV",
    "calque": "mp-ev-2026-p2-ensio",
    "code_fra": "FRA03700104",
    "acces_autonome": "a_confirmer",
    "acces_motif": "fiche d'accès vide",
    "_umap_options": {
     "color": "#67718A",
     "iconClass": "Ball"
    }
   }
  },
  {
   "type": "Feature",
   "geometry": {
    "type": "Point",
    "coordinates": [
     0.770389,
     47.349612
    ]
   },
   "properties": {
    "name": "FRA03700106 — LARCAY_ZA_TGV",
    "description": "**Scope de maintenance** : EV\n**Verdict d'autonomie** : a_confirmer\n**Motif du verdict** : fiche d'accès vide\n**Campagne d'appartenance** : Espaces Verts 2026 P2-ENSIO\n**Donneur d'ordre de la campagne** : TOTEM\n**Colonne Ressources du périmètre** : SEE ALL (ST ENSIO)\n**Provenance du repère** : import\n**Adresse du site** : 2 Rue de la Gratiole\n**Numéro de département** : 37\n**Nom du site** : LARCAY_ZA_TGV\n**Coordonnées** : 47.349612, 0.770389\n[[https://www.google.com/maps?q=47.349612,0.770389|Google Maps 🌍]] · [[https://www.google.com/maps/@?api=1&map_action=pano&viewpoint=47.349612,0.770389|Street View]]\n**Déchèteries pro les plus proches** :\n[[https://www.google.com/maps?q=47.3917,0.799823|Déchèterie de Montlouis sur Loire (Montlouis-sur-Loire, 5.2 km)]] — 0247255550\n[[https://www.google.com/maps?q=47.2984,0.794477|Déchèterie la Pommeraye Esvres sur Indre (Esvres, 6.0 km)]] — 0247267373\n[[https://www.google.com/maps?q=47.4327,0.84376|Déchèterie de Vernou sur Brenne (Vernou-sur-Brenne, 10.8 km)]] — 0247255550\n[[https://www.google.com/maps/search/d%C3%A9ch%C3%A8terie/@47.349612,0.770389,12z|Toutes les déchèteries autour du site 🗑️]]",
    "origine": "import",
    "campagne": "Espaces Verts 2026 P2-ENSIO",
    "towerco": "TOTEM",
    "ressources": "SEE ALL (ST ENSIO)",
    "nom_site": "LARCAY_ZA_TGV",
    "adresse": "2 Rue de la Gratiole",
    "departement": "37",
    "scope": "EV",
    "calque": "mp-ev-2026-p2-ensio",
    "code_fra": "FRA03700106",
    "acces_autonome": "a_confirmer",
    "acces_motif": "fiche d'accès vide",
    "_umap_options": {
     "color": "#67718A",
     "iconClass": "Ball"
    }
   }
  },
  {
   "type": "Feature",
   "geometry": {
    "type": "Point",
    "coordinates": [
     0.797798,
     47.387983
    ]
   },
   "properties": {
    "name": "FRA03700107 — MONTLOUIS_OUEST_TGV",
    "description": "**Scope de maintenance** : EV\n**Verdict d'autonomie** : a_confirmer\n**Motif du verdict** : fiche d'accès vide\n**Campagne d'appartenance** : Espaces Verts 2026 P2-ENSIO\n**Donneur d'ordre de la campagne** : TOTEM\n**Colonne Ressources du périmètre** : SEE ALL (ST ENSIO)\n**Provenance du repère** : import\n**Adresse du site** : LDT LES BONNAISSES\n**Numéro de département** : 37\n**Nom du site** : MONTLOUIS_OUEST_TGV\n**Coordonnées** : 47.387983, 0.797798\n[[https://www.google.com/maps?q=47.387983,0.797798|Google Maps 🌍]] · [[https://www.google.com/maps/@?api=1&map_action=pano&viewpoint=47.387983,0.797798|Street View]]\n**Déchèteries pro les plus proches** :\n[[https://www.google.com/maps?q=47.3917,0.799823|Déchèterie de Montlouis sur Loire (Montlouis-sur-Loire, 0.4 km)]] — 0247255550\n[[https://www.google.com/maps?q=47.4327,0.84376|Déchèterie de Vernou sur Brenne (Vernou-sur-Brenne, 6.1 km)]] — 0247255550\n[[https://www.google.com/maps?q=47.2984,0.794477|Déchèterie la Pommeraye Esvres sur Indre (Esvres, 10.0 km)]] — 0247267373\n[[https://www.google.com/maps/search/d%C3%A9ch%C3%A8terie/@47.387983,0.797798,12z|Toutes les déchèteries autour du site 🗑️]]",
    "origine": "import",
    "campagne": "Espaces Verts 2026 P2-ENSIO",
    "towerco": "TOTEM",
    "ressources": "SEE ALL (ST ENSIO)",
    "nom_site": "MONTLOUIS_OUEST_TGV",
    "adresse": "LDT LES BONNAISSES",
    "departement": "37",
    "scope": "EV",
    "calque": "mp-ev-2026-p2-ensio",
    "code_fra": "FRA03700107",
    "acces_autonome": "a_confirmer",
    "acces_motif": "fiche d'accès vide",
    "_umap_options": {
     "color": "#67718A",
     "iconClass": "Ball"
    }
   }
  },
  {
   "type": "Feature",
   "geometry": {
    "type": "Point",
    "coordinates": [
     0.810863,
     46.852106
    ]
   },
   "properties": {
    "name": "FRA03700110 — CHAMBON",
    "description": "**Scope de maintenance** : EV\n**Verdict d'autonomie** : a_confirmer\n**Motif du verdict** : fiche d'accès vide\n**Campagne d'appartenance** : Espaces Verts 2026 P2-ENSIO\n**Donneur d'ordre de la campagne** : TOTEM\n**Colonne Ressources du périmètre** : SEE ALL (ST ENSIO)\n**Provenance du repère** : import\n**Adresse du site** : Verger de la Garenne\n**Numéro de département** : 37\n**Nom du site** : CHAMBON\n**Coordonnées** : 46.852106, 0.810863\n[[https://www.google.com/maps?q=46.852106,0.810863|Google Maps 🌍]] · [[https://www.google.com/maps/@?api=1&map_action=pano&viewpoint=46.852106,0.810863|Street View]]\n**Déchèteries pro les plus proches** :\n[[https://www.google.com/maps?q=46.8452,0.755814|Déchèterie de Lesigny sur Creuse (LESIGNY, 4.3 km)]] — 0549191846\n[[https://www.google.com/maps?q=46.9223,0.793056|Déchèterie du Grand Pressigny (Le Grand-Pressigny, 7.9 km)]] — 0247910489\n[[https://www.google.com/maps?q=46.7941,0.951117|Déchèterie de Bossay sur Claise (Bossay-sur-Claise, 12.5 km)]] — 0247945914\n[[https://www.google.com/maps/search/d%C3%A9ch%C3%A8terie/@46.852106,0.810863,12z|Toutes les déchèteries autour du site 🗑️]]",
    "origine": "import",
    "campagne": "Espaces Verts 2026 P2-ENSIO",
    "towerco": "TOTEM",
    "ressources": "SEE ALL (ST ENSIO)",
    "nom_site": "CHAMBON",
    "adresse": "Verger de la Garenne",
    "departement": "37",
    "scope": "EV",
    "calque": "mp-ev-2026-p2-ensio",
    "code_fra": "FRA03700110",
    "acces_autonome": "a_confirmer",
    "acces_motif": "fiche d'accès vide",
    "_umap_options": {
     "color": "#67718A",
     "iconClass": "Ball"
    }
   }
  },
  {
   "type": "Feature",
   "geometry": {
    "type": "Point",
    "coordinates": [
     0.642988,
     47.343974
    ]
   },
   "properties": {
    "name": "FRA03700114 — TOURS_MALRAUX",
    "description": "**Scope de maintenance** : EV\n**Verdict d'autonomie** : a_confirmer\n**Motif du verdict** : fiche d'accès vide\n**Campagne d'appartenance** : Espaces Verts 2026 P2-ENSIO\n**Donneur d'ordre de la campagne** : TOTEM\n**Colonne Ressources du périmètre** : SEE ALL (ST ENSIO)\n**Provenance du repère** : import\n**Adresse du site** : Les Vaux\n**Numéro de département** : 37\n**Nom du site** : TOURS_MALRAUX\n**Coordonnées** : 47.343974, 0.642988\n[[https://www.google.com/maps?q=47.343974,0.642988|Google Maps 🌍]] · [[https://www.google.com/maps/@?api=1&map_action=pano&viewpoint=47.343974,0.642988|Street View]]\n**Déchèteries pro les plus proches** :\n[[https://www.google.com/maps?q=47.2575,0.680278|Déchèterie Ramage Sorigny (Sorigny, 10.0 km)]]\n[[https://www.google.com/maps?q=47.2564,0.569535|Déchèterie de Saché (Saché, 11.2 km)]] — 0247732552\n[[https://www.google.com/maps?q=47.2984,0.794477|Déchèterie la Pommeraye Esvres sur Indre (Esvres, 12.5 km)]] — 0247267373\n[[https://www.google.com/maps/search/d%C3%A9ch%C3%A8terie/@47.343974,0.642988,12z|Toutes les déchèteries autour du site 🗑️]]",
    "origine": "import",
    "campagne": "Espaces Verts 2026 P2-ENSIO",
    "towerco": "TOTEM",
    "ressources": "SEE ALL (ST ENSIO)",
    "nom_site": "TOURS_MALRAUX",
    "adresse": "Les Vaux",
    "departement": "37",
    "scope": "EV",
    "calque": "mp-ev-2026-p2-ensio",
    "code_fra": "FRA03700114",
    "acces_autonome": "a_confirmer",
    "acces_motif": "fiche d'accès vide",
    "_umap_options": {
     "color": "#67718A",
     "iconClass": "Ball"
    }
   }
  },
  {
   "type": "Feature",
   "geometry": {
    "type": "Point",
    "coordinates": [
     0.652748,
     47.353078
    ]
   },
   "properties": {
    "name": "FRA03700115 — JOUE_LES_TOURS_BIS",
    "description": "**Scope de maintenance** : EV\n**Verdict d'autonomie** : a_confirmer\n**Motif du verdict** : fiche d'accès vide\n**Campagne d'appartenance** : Espaces Verts 2026 P2-ENSIO\n**Donneur d'ordre de la campagne** : TOTEM\n**Colonne Ressources du périmètre** : SEE ALL (ST ENSIO)\n**Provenance du repère** : import\n**Adresse du site** : 10 Rue Gutenberg\n**Numéro de département** : 37\n**Nom du site** : JOUE_LES_TOURS_BIS\n**Coordonnées** : 47.353078, 0.652748\n[[https://www.google.com/maps?q=47.353078,0.652748|Google Maps 🌍]] · [[https://www.google.com/maps/@?api=1&map_action=pano&viewpoint=47.353078,0.652748|Street View]]\n**Déchèteries pro les plus proches** :\n[[https://www.google.com/maps?q=47.2575,0.680278|Déchèterie Ramage Sorigny (Sorigny, 10.8 km)]]\n[[https://www.google.com/maps?q=47.3917,0.799823|Déchèterie de Montlouis sur Loire (Montlouis-sur-Loire, 11.9 km)]] — 0247255550\n[[https://www.google.com/maps?q=47.2984,0.794477|Déchèterie la Pommeraye Esvres sur Indre (Esvres, 12.3 km)]] — 0247267373\n[[https://www.google.com/maps/search/d%C3%A9ch%C3%A8terie/@47.353078,0.652748,12z|Toutes les déchèteries autour du site 🗑️]]",
    "origine": "import",
    "campagne": "Espaces Verts 2026 P2-ENSIO",
    "towerco": "TOTEM",
    "ressources": "SEE ALL (ST ENSIO)",
    "nom_site": "JOUE_LES_TOURS_BIS",
    "adresse": "10 Rue Gutenberg",
    "departement": "37",
    "scope": "EV",
    "calque": "mp-ev-2026-p2-ensio",
    "code_fra": "FRA03700115",
    "acces_autonome": "a_confirmer",
    "acces_motif": "fiche d'accès vide",
    "_umap_options": {
     "color": "#67718A",
     "iconClass": "Ball"
    }
   }
  },
  {
   "type": "Feature",
   "geometry": {
    "type": "Point",
    "coordinates": [
     0.664751,
     47.321536
    ]
   },
   "properties": {
    "name": "FRA03700117 — JOUE_LES_TOURS_LA_LIODIERE",
    "description": "**Scope de maintenance** : EV\n**Verdict d'autonomie** : a_confirmer\n**Motif du verdict** : fiche d'accès vide\n**Campagne d'appartenance** : Espaces Verts 2026 P2-ENSIO\n**Donneur d'ordre de la campagne** : TOTEM\n**Colonne Ressources du périmètre** : SEE ALL (ST ENSIO)\n**Provenance du repère** : import\n**Adresse du site** : Lieu-dit La Belonnière . RD127\n**Numéro de département** : 37\n**Nom du site** : JOUE_LES_TOURS_LA_LIODIERE\n**Coordonnées** : 47.321536, 0.664751\n[[https://www.google.com/maps?q=47.321536,0.664751|Google Maps 🌍]] · [[https://www.google.com/maps/@?api=1&map_action=pano&viewpoint=47.321536,0.664751|Street View]]\n**Déchèteries pro les plus proches** :\n[[https://www.google.com/maps?q=47.2575,0.680278|Déchèterie Ramage Sorigny (Sorigny, 7.2 km)]]\n[[https://www.google.com/maps?q=47.2984,0.794477|Déchèterie la Pommeraye Esvres sur Indre (Esvres, 10.1 km)]] — 0247267373\n[[https://www.google.com/maps?q=47.2564,0.569535|Déchèterie de Saché (Saché, 10.2 km)]] — 0247732552\n[[https://www.google.com/maps/search/d%C3%A9ch%C3%A8terie/@47.321536,0.664751,12z|Toutes les déchèteries autour du site 🗑️]]",
    "origine": "import",
    "campagne": "Espaces Verts 2026 P2-ENSIO",
    "towerco": "TOTEM",
    "ressources": "SEE ALL (ST ENSIO)",
    "nom_site": "JOUE_LES_TOURS_LA_LIODIERE",
    "adresse": "Lieu-dit La Belonnière . RD127",
    "departement": "37",
    "scope": "EV",
    "calque": "mp-ev-2026-p2-ensio",
    "code_fra": "FRA03700117",
    "acces_autonome": "a_confirmer",
    "acces_motif": "fiche d'accès vide",
    "_umap_options": {
     "color": "#67718A",
     "iconClass": "Ball"
    }
   }
  },
  {
   "type": "Feature",
   "geometry": {
    "type": "Point",
    "coordinates": [
     0.843606,
     47.219448
    ]
   },
   "properties": {
    "name": "FRA03700118 — TAUXIGNY",
    "description": "**Scope de maintenance** : EV\n**Verdict d'autonomie** : a_confirmer\n**Motif du verdict** : fiche d'accès vide\n**Campagne d'appartenance** : Espaces Verts 2026 P2-ENSIO\n**Donneur d'ordre de la campagne** : TOTEM\n**Colonne Ressources du périmètre** : SEE ALL (ST ENSIO)\n**Provenance du repère** : import\n**Adresse du site** : CHAT D EAU SUR LA D83\n**Numéro de département** : 37\n**Nom du site** : TAUXIGNY\n**Coordonnées** : 47.219448, 0.843606\n[[https://www.google.com/maps?q=47.219448,0.843606|Google Maps 🌍]] · [[https://www.google.com/maps/@?api=1&map_action=pano&viewpoint=47.219448,0.843606|Street View]]\n**Déchèteries pro les plus proches** :\n[[https://www.google.com/maps?q=47.2584,0.832679|Déchèterie de Tauxigny St Bauld (Tauxigny*, 4.4 km)]] — 0247431866\n[[https://www.google.com/maps?q=47.2351,0.759403|Déchèterie les Coquettes Saint-branchs (Saint-Branchs, 6.6 km)]] — 0247267373\n[[https://www.google.com/maps?q=47.2984,0.794477|Déchèterie la Pommeraye Esvres sur Indre (Esvres, 9.5 km)]] — 0247267373\n[[https://www.google.com/maps/search/d%C3%A9ch%C3%A8terie/@47.219448,0.843606,12z|Toutes les déchèteries autour du site 🗑️]]",
    "origine": "import",
    "campagne": "Espaces Verts 2026 P2-ENSIO",
    "towerco": "TOTEM",
    "ressources": "SEE ALL (ST ENSIO)",
    "nom_site": "TAUXIGNY",
    "adresse": "CHAT D EAU SUR LA D83",
    "departement": "37",
    "scope": "EV",
    "calque": "mp-ev-2026-p2-ensio",
    "code_fra": "FRA03700118",
    "acces_autonome": "a_confirmer",
    "acces_motif": "fiche d'accès vide",
    "_umap_options": {
     "color": "#67718A",
     "iconClass": "Ball"
    }
   }
  },
  {
   "type": "Feature",
   "geometry": {
    "type": "Point",
    "coordinates": [
     0.788174,
     47.292324
    ]
   },
   "properties": {
    "name": "FRA03700120 — ESVRES",
    "description": "**Scope de maintenance** : EV\n**Verdict d'autonomie** : a_confirmer\n**Motif du verdict** : fiche d'accès vide\n**Campagne d'appartenance** : Espaces Verts 2026 P2-ENSIO\n**Donneur d'ordre de la campagne** : TOTEM\n**Colonne Ressources du périmètre** : SEE ALL (ST ENSIO)\n**Provenance du repère** : import\n**Adresse du site** : Stade d'Esvres\n**Numéro de département** : 37\n**Nom du site** : ESVRES\n**Coordonnées** : 47.292324, 0.788174\n[[https://www.google.com/maps?q=47.292324,0.788174|Google Maps 🌍]] · [[https://www.google.com/maps/@?api=1&map_action=pano&viewpoint=47.292324,0.788174|Street View]]\n**Déchèteries pro les plus proches** :\n[[https://www.google.com/maps?q=47.2984,0.794477|Déchèterie la Pommeraye Esvres sur Indre (Esvres, 0.8 km)]] — 0247267373\n[[https://www.google.com/maps?q=47.2584,0.832679|Déchèterie de Tauxigny St Bauld (Tauxigny*, 5.1 km)]] — 0247431866\n[[https://www.google.com/maps?q=47.2351,0.759403|Déchèterie les Coquettes Saint-branchs (Saint-Branchs, 6.7 km)]] — 0247267373\n[[https://www.google.com/maps/search/d%C3%A9ch%C3%A8terie/@47.292324,0.788174,12z|Toutes les déchèteries autour du site 🗑️]]",
    "origine": "import",
    "campagne": "Espaces Verts 2026 P2-ENSIO",
    "towerco": "TOTEM",
    "ressources": "SEE ALL (ST ENSIO)",
    "nom_site": "ESVRES",
    "adresse": "Stade d'Esvres",
    "departement": "37",
    "scope": "EV",
    "calque": "mp-ev-2026-p2-ensio",
    "code_fra": "FRA03700120",
    "acces_autonome": "a_confirmer",
    "acces_motif": "fiche d'accès vide",
    "_umap_options": {
     "color": "#67718A",
     "iconClass": "Ball"
    }
   }
  },
  {
   "type": "Feature",
   "geometry": {
    "type": "Point",
    "coordinates": [
     0.320843,
     47.442499
    ]
   },
   "properties": {
    "name": "FRA03700126 — HOMMES_FT",
    "description": "**Scope de maintenance** : EV\n**Verdict d'autonomie** : non_autonome\n**Motif du verdict** : site DIG Orange, non autonome par prudence\n**Numéro de DAS** : DAS-N0213873\n**Statut de la DAS** : Acceptée\n**Début de validité** : 2026-08-20\n**Fin de validité** : 2026-08-21\n**Délai de prévenance** : aucune\n**Origine de la DAS** : airtable\n**Campagne d'appartenance** : Espaces Verts 2026 P2-ENSIO\n**Donneur d'ordre de la campagne** : TOTEM\n**Colonne Ressources du périmètre** : SEE ALL (ST ENSIO)\n**Provenance du repère** : import\n**Adresse du site** : 2 Rue de la Gare\n**Numéro de département** : 37\n**Nom du site** : HOMMES_FT\n**Coordonnées** : 47.442499, 0.320843\n[[https://www.google.com/maps?q=47.442499,0.320843|Google Maps 🌍]] · [[https://www.google.com/maps/@?api=1&map_action=pano&viewpoint=47.442499,0.320843|Street View]]\n**Déchèteries pro les plus proches** :\n[[https://www.google.com/maps?q=47.4571,0.307844|Déchèterie de Savigné sur Lathan (Savigné sur lathan, 1.9 km)]]\n[[https://www.google.com/maps?q=47.5114,0.284467|Déchèterie de Saint Laurent de Lin (Saint-Laurent-de-Lin, 8.1 km)]] — 0247246543\n[[https://www.google.com/maps?q=47.33,0.232111|Déchèterie de Benais (BENAIS, 14.2 km)]]\n[[https://www.google.com/maps/search/d%C3%A9ch%C3%A8terie/@47.442499,0.320843,12z|Toutes les déchèteries autour du site 🗑️]]\n\n**Fiche d'accès**\nDigicode: NON\nBadge:\nBoite à clés: Non\nPortail / Portillon: Electronique - CLEF POLUX CVL\nDélais de prévenance: 0.0\n\nAccès équipement(s):\nBadge: Badge\nClés:\nCadenas:\n\nAccès aérien(s):\nDigicode: NON\nBadge:\nClés: Clé électronique ABLOY\nCadenas:\n\nCommentaire d'accès: 07/05/26 D cockpit O+M:\nSite DIG 6, responsable à contacter en cas de soucis d'accès: yannick.lemorvan@orange.com en copie sylvain.berrueco@orange.com",
    "origine": "import",
    "campagne": "Espaces Verts 2026 P2-ENSIO",
    "towerco": "TOTEM",
    "ressources": "SEE ALL (ST ENSIO)",
    "nom_site": "HOMMES_FT",
    "adresse": "2 Rue de la Gare",
    "departement": "37",
    "scope": "EV",
    "das_numero": "DAS-N0213873",
    "das_statut": "Acceptée",
    "das_debut": "2026-08-20",
    "das_fin": "2026-08-21",
    "das_provenance": "airtable",
    "acces_detail": "Digicode: NON\nBadge:\nBoite à clés: Non\nPortail / Portillon: Electronique - CLEF POLUX CVL\nDélais de prévenance: 0.0\n\nAccès équipement(s):\nBadge: Badge\nClés:\nCadenas:\n\nAccès aérien(s):\nDigicode: NON\nBadge:\nClés: Clé électronique ABLOY\nCadenas:\n\nCommentaire d'accès: 07/05/26 D cockpit O+M:\nSite DIG 6, responsable à contacter en cas de soucis d'accès: yannick.lemorvan@orange.com en copie sylvain.berrueco@orange.com",
    "das_prevenance": "aucune",
    "calque": "mp-ev-2026-p2-ensio",
    "code_fra": "FRA03700126",
    "acces_autonome": "non_autonome",
    "acces_motif": "site DIG Orange, non autonome par prudence",
    "_umap_options": {
     "color": "#67718A",
     "iconClass": "Ball"
    }
   }
  },
  {
   "type": "Feature",
   "geometry": {
    "type": "Point",
    "coordinates": [
     0.780054,
     46.916605
    ]
   },
   "properties": {
    "name": "FRA03700127 — LE_GRAND_PRESSIGNY_FT",
    "description": "**Scope de maintenance** : EV\n**Verdict d'autonomie** : a_confirmer\n**Motif du verdict** : fiche d'accès vide\n**Campagne d'appartenance** : Espaces Verts 2026 P2-ENSIO\n**Donneur d'ordre de la campagne** : TOTEM\n**Colonne Ressources du périmètre** : SEE ALL (ST ENSIO)\n**Provenance du repère** : import\n**Adresse du site** : La Providence\n**Numéro de département** : 37\n**Nom du site** : LE_GRAND_PRESSIGNY_FT\n**Coordonnées** : 46.916605, 0.780054\n[[https://www.google.com/maps?q=46.916605,0.780054|Google Maps 🌍]] · [[https://www.google.com/maps/@?api=1&map_action=pano&viewpoint=46.916605,0.780054|Street View]]\n**Déchèteries pro les plus proches** :\n[[https://www.google.com/maps?q=46.9223,0.793056|Déchèterie du Grand Pressigny (Le Grand-Pressigny, 1.2 km)]] — 0247910489\n[[https://www.google.com/maps?q=46.8452,0.755814|Déchèterie de Lesigny sur Creuse (LESIGNY, 8.2 km)]] — 0549191846\n[[https://www.google.com/maps?q=46.9814,0.673157|Déchèterie de Descartes (Descartes, 10.9 km)]] — 0640659685\n[[https://www.google.com/maps/search/d%C3%A9ch%C3%A8terie/@46.916605,0.780054,12z|Toutes les déchèteries autour du site 🗑️]]",
    "origine": "import",
    "campagne": "Espaces Verts 2026 P2-ENSIO",
    "towerco": "TOTEM",
    "ressources": "SEE ALL (ST ENSIO)",
    "nom_site": "LE_GRAND_PRESSIGNY_FT",
    "adresse": "La Providence",
    "departement": "37",
    "scope": "EV",
    "calque": "mp-ev-2026-p2-ensio",
    "code_fra": "FRA03700127",
    "acces_autonome": "a_confirmer",
    "acces_motif": "fiche d'accès vide",
    "_umap_options": {
     "color": "#67718A",
     "iconClass": "Ball"
    }
   }
  },
  {
   "type": "Feature",
   "geometry": {
    "type": "Point",
    "coordinates": [
     0.488497,
     47.4957
    ]
   },
   "properties": {
    "name": "FRA03700128 — SONZAY",
    "description": "**Scope de maintenance** : EV\n**Verdict d'autonomie** : a_confirmer\n**Motif du verdict** : fiche d'accès vide\n**Campagne d'appartenance** : Espaces Verts 2026 P2-ENSIO\n**Donneur d'ordre de la campagne** : TOTEM\n**Colonne Ressources du périmètre** : SEE ALL (ST ENSIO)\n**Provenance du repère** : import\n**Adresse du site** : Lieu-dit Parc Chauveau Parcelle 36 section H\n**Numéro de département** : 37\n**Nom du site** : SONZAY\n**Coordonnées** : 47.495700, 0.488497\n[[https://www.google.com/maps?q=47.495700,0.488497|Google Maps 🌍]] · [[https://www.google.com/maps/@?api=1&map_action=pano&viewpoint=47.495700,0.488497|Street View]]\n**Déchèteries pro les plus proches** :\n[[https://www.google.com/maps?q=47.4369,0.518596|Déchèterie de Pernay (Pernay, 6.9 km)]] — 0247298100\n[[https://www.google.com/maps?q=47.5041,0.622974|Déchèterie de Saint Antoine du Rocher (Saint-Antoine-du-Rocher, 10.1 km)]] — 0247298100\n[[https://www.google.com/maps?q=47.5977,0.519769|Déchèterie de Saint Paterne Racan (Saint-Paterne-Racan, 11.6 km)]] — 0247293950\n[[https://www.google.com/maps/search/d%C3%A9ch%C3%A8terie/@47.495700,0.488497,12z|Toutes les déchèteries autour du site 🗑️]]",
    "origine": "import",
    "campagne": "Espaces Verts 2026 P2-ENSIO",
    "towerco": "TOTEM",
    "ressources": "SEE ALL (ST ENSIO)",
    "nom_site": "SONZAY",
    "adresse": "Lieu-dit Parc Chauveau Parcelle 36 section H",
    "departement": "37",
    "scope": "EV",
    "calque": "mp-ev-2026-p2-ensio",
    "code_fra": "FRA03700128",
    "acces_autonome": "a_confirmer",
    "acces_motif": "fiche d'accès vide",
    "_umap_options": {
     "color": "#67718A",
     "iconClass": "Ball"
    }
   }
  },
  {
   "type": "Feature",
   "geometry": {
    "type": "Point",
    "coordinates": [
     0.676743,
     47.572276
    ]
   },
   "properties": {
    "name": "FRA03700129 — BEAUMONT",
    "description": "**Scope de maintenance** : EV\n**Verdict d'autonomie** : a_confirmer\n**Motif du verdict** : fiche d'accès vide\n**Campagne d'appartenance** : Espaces Verts 2026 P2-ENSIO\n**Donneur d'ordre de la campagne** : TOTEM\n**Colonne Ressources du périmètre** : SEE ALL (ST ENSIO)\n**Provenance du repère** : import\n**Adresse du site** : Lieu-dit la brindeliniere\n**Numéro de département** : 37\n**Nom du site** : BEAUMONT\n**Coordonnées** : 47.572276, 0.676743\n[[https://www.google.com/maps?q=47.572276,0.676743|Google Maps 🌍]] · [[https://www.google.com/maps/@?api=1&map_action=pano&viewpoint=47.572276,0.676743|Street View]]\n**Déchèteries pro les plus proches** :\n[[https://www.google.com/maps?q=47.5041,0.622974|Déchèterie de Saint Antoine du Rocher (Saint-Antoine-du-Rocher, 8.6 km)]] — 0247298100\n[[https://www.google.com/maps?q=47.5977,0.519769|Déchèterie de Saint Paterne Racan (Saint-Paterne-Racan, 12.1 km)]] — 0247293950\n[[https://www.google.com/maps?q=47.6715,0.758223|Déchèterie des Hermites (Les Hermites, 12.6 km)]] — 0247563341\n[[https://www.google.com/maps/search/d%C3%A9ch%C3%A8terie/@47.572276,0.676743,12z|Toutes les déchèteries autour du site 🗑️]]",
    "origine": "import",
    "campagne": "Espaces Verts 2026 P2-ENSIO",
    "towerco": "TOTEM",
    "ressources": "SEE ALL (ST ENSIO)",
    "nom_site": "BEAUMONT",
    "adresse": "Lieu-dit la brindeliniere",
    "departement": "37",
    "scope": "EV",
    "calque": "mp-ev-2026-p2-ensio",
    "code_fra": "FRA03700129",
    "acces_autonome": "a_confirmer",
    "acces_motif": "fiche d'accès vide",
    "_umap_options": {
     "color": "#67718A",
     "iconClass": "Ball"
    }
   }
  },
  {
   "type": "Feature",
   "geometry": {
    "type": "Point",
    "coordinates": [
     0.601636,
     47.588407
    ]
   },
   "properties": {
    "name": "FRA03700130 — NEUVY_LE_ROI_FT",
    "description": "**Scope de maintenance** : EV\n**Verdict d'autonomie** : a_confirmer\n**Motif du verdict** : fiche d'accès vide\n**Campagne d'appartenance** : Espaces Verts 2026 P2-ENSIO\n**Donneur d'ordre de la campagne** : TOTEM\n**Colonne Ressources du périmètre** : SEE ALL (ST ENSIO)\n**Provenance du repère** : import\n**Adresse du site** : Site FT\n**Numéro de département** : 37\n**Nom du site** : NEUVY_LE_ROI_FT\n**Coordonnées** : 47.588407, 0.601636\n[[https://www.google.com/maps?q=47.588407,0.601636|Google Maps 🌍]] · [[https://www.google.com/maps/@?api=1&map_action=pano&viewpoint=47.588407,0.601636|Street View]]\n**Déchèteries pro les plus proches** :\n[[https://www.google.com/maps?q=47.5977,0.519769|Déchèterie de Saint Paterne Racan (Saint-Paterne-Racan, 6.2 km)]] — 0247293950\n[[https://www.google.com/maps?q=47.5041,0.622974|Déchèterie de Saint Antoine du Rocher (Saint-Antoine-du-Rocher, 9.5 km)]] — 0247298100\n[[https://www.google.com/maps?q=47.6715,0.758223|Déchèterie des Hermites (Les Hermites, 14.9 km)]] — 0247563341\n[[https://www.google.com/maps/search/d%C3%A9ch%C3%A8terie/@47.588407,0.601636,12z|Toutes les déchèteries autour du site 🗑️]]",
    "origine": "import",
    "campagne": "Espaces Verts 2026 P2-ENSIO",
    "towerco": "TOTEM",
    "ressources": "SEE ALL (ST ENSIO)",
    "nom_site": "NEUVY_LE_ROI_FT",
    "adresse": "Site FT",
    "departement": "37",
    "scope": "EV",
    "calque": "mp-ev-2026-p2-ensio",
    "code_fra": "FRA03700130",
    "acces_autonome": "a_confirmer",
    "acces_motif": "fiche d'accès vide",
    "_umap_options": {
     "color": "#67718A",
     "iconClass": "Ball"
    }
   }
  },
  {
   "type": "Feature",
   "geometry": {
    "type": "Point",
    "coordinates": [
     0.497743,
     47.620096
    ]
   },
   "properties": {
    "name": "FRA03700131 — ST_CHRISTOPHE",
    "description": "**Scope de maintenance** : EV\n**Verdict d'autonomie** : a_confirmer\n**Motif du verdict** : fiche d'accès vide\n**Campagne d'appartenance** : Espaces Verts 2026 P2-ENSIO\n**Donneur d'ordre de la campagne** : TOTEM\n**Colonne Ressources du périmètre** : SEE ALL (ST ENSIO)\n**Provenance du repère** : import\n**Adresse du site** : Lieu-dit La Touche\n**Numéro de département** : 37\n**Nom du site** : ST_CHRISTOPHE\n**Coordonnées** : 47.620096, 0.497743\n[[https://www.google.com/maps?q=47.620096,0.497743|Google Maps 🌍]] · [[https://www.google.com/maps/@?api=1&map_action=pano&viewpoint=47.620096,0.497743|Street View]]\n**Déchèteries pro les plus proches** :\n[[https://www.google.com/maps?q=47.5977,0.519769|Déchèterie de Saint Paterne Racan (Saint-Paterne-Racan, 3.0 km)]] — 0247293950\n[[https://www.google.com/maps?q=47.6821,0.417906|Décheterie du Chateau du Loir (Château-du-Loir*, 9.1 km)]] — 0243467224\n[[https://www.google.com/maps?q=47.7441,0.590353|Decheterie de la Chartre-sur-le-loir (La Chartre-sur-le-Loir, 15.4 km)]] — 0243792064\n[[https://www.google.com/maps/search/d%C3%A9ch%C3%A8terie/@47.620096,0.497743,12z|Toutes les déchèteries autour du site 🗑️]]",
    "origine": "import",
    "campagne": "Espaces Verts 2026 P2-ENSIO",
    "towerco": "TOTEM",
    "ressources": "SEE ALL (ST ENSIO)",
    "nom_site": "ST_CHRISTOPHE",
    "adresse": "Lieu-dit La Touche",
    "departement": "37",
    "scope": "EV",
    "calque": "mp-ev-2026-p2-ensio",
    "code_fra": "FRA03700131",
    "acces_autonome": "a_confirmer",
    "acces_motif": "fiche d'accès vide",
    "_umap_options": {
     "color": "#67718A",
     "iconClass": "Ball"
    }
   }
  },
  {
   "type": "Feature",
   "geometry": {
    "type": "Point",
    "coordinates": [
     0.775121,
     47.558572
    ]
   },
   "properties": {
    "name": "FRA03700132 — NOUZILLY_INRA",
    "description": "**Scope de maintenance** : EV\n**Verdict d'autonomie** : a_confirmer\n**Motif du verdict** : fiche d'accès vide\n**Campagne d'appartenance** : Espaces Verts 2026 P2-ENSIO\n**Donneur d'ordre de la campagne** : TOTEM\n**Colonne Ressources du périmètre** : SEE ALL (ST ENSIO)\n**Provenance du repère** : import\n**Adresse du site** : La Chevrie\n**Numéro de département** : 37\n**Nom du site** : NOUZILLY_INRA\n**Coordonnées** : 47.558572, 0.775121\n[[https://www.google.com/maps?q=47.558572,0.775121|Google Maps 🌍]] · [[https://www.google.com/maps/@?api=1&map_action=pano&viewpoint=47.558572,0.775121|Street View]]\n**Déchèteries pro les plus proches** :\n[[https://www.google.com/maps?q=47.593,0.888063|Déchèterie de Château Renault (Château-Renault, 9.3 km)]] — 0247400676\n[[https://www.google.com/maps?q=47.519,0.91555|Déchèterie de Neuillé le Lierre (Neuillé-le-Lierre, 11.4 km)]] — 0247296669\n[[https://www.google.com/maps?q=47.6715,0.758223|Déchèterie des Hermites (Les Hermites, 12.6 km)]] — 0247563341\n[[https://www.google.com/maps/search/d%C3%A9ch%C3%A8terie/@47.558572,0.775121,12z|Toutes les déchèteries autour du site 🗑️]]",
    "origine": "import",
    "campagne": "Espaces Verts 2026 P2-ENSIO",
    "towerco": "TOTEM",
    "ressources": "SEE ALL (ST ENSIO)",
    "nom_site": "NOUZILLY_INRA",
    "adresse": "La Chevrie",
    "departement": "37",
    "scope": "EV",
    "calque": "mp-ev-2026-p2-ensio",
    "code_fra": "FRA03700132",
    "acces_autonome": "a_confirmer",
    "acces_motif": "fiche d'accès vide",
    "_umap_options": {
     "color": "#67718A",
     "iconClass": "Ball"
    }
   }
  },
  {
   "type": "Feature",
   "geometry": {
    "type": "Point",
    "coordinates": [
     0.883363,
     47.485821
    ]
   },
   "properties": {
    "name": "FRA03700134 — REUGNY",
    "description": "**Scope de maintenance** : EV\n**Verdict d'autonomie** : a_confirmer\n**Motif du verdict** : fiche d'accès vide\n**Campagne d'appartenance** : Espaces Verts 2026 P2-ENSIO\n**Donneur d'ordre de la campagne** : TOTEM\n**Colonne Ressources du périmètre** : SEE ALL (ST ENSIO)\n**Provenance du repère** : import\n**Adresse du site** : 1 Rue Gambetta\n**Numéro de département** : 37\n**Nom du site** : REUGNY\n**Coordonnées** : 47.485821, 0.883363\n[[https://www.google.com/maps?q=47.485821,0.883363|Google Maps 🌍]] · [[https://www.google.com/maps/@?api=1&map_action=pano&viewpoint=47.485821,0.883363|Street View]]\n**Déchèteries pro les plus proches** :\n[[https://www.google.com/maps?q=47.519,0.91555|Déchèterie de Neuillé le Lierre (Neuillé-le-Lierre, 4.4 km)]] — 0247296669\n[[https://www.google.com/maps?q=47.4327,0.84376|Déchèterie de Vernou sur Brenne (Vernou-sur-Brenne, 6.6 km)]] — 0247255550\n[[https://www.google.com/maps?q=47.593,0.888063|Déchèterie de Château Renault (Château-Renault, 11.9 km)]] — 0247400676\n[[https://www.google.com/maps/search/d%C3%A9ch%C3%A8terie/@47.485821,0.883363,12z|Toutes les déchèteries autour du site 🗑️]]",
    "origine": "import",
    "campagne": "Espaces Verts 2026 P2-ENSIO",
    "towerco": "TOTEM",
    "ressources": "SEE ALL (ST ENSIO)",
    "nom_site": "REUGNY",
    "adresse": "1 Rue Gambetta",
    "departement": "37",
    "scope": "EV",
    "calque": "mp-ev-2026-p2-ensio",
    "code_fra": "FRA03700134",
    "acces_autonome": "a_confirmer",
    "acces_motif": "fiche d'accès vide",
    "_umap_options": {
     "color": "#67718A",
     "iconClass": "Ball"
    }
   }
  },
  {
   "type": "Feature",
   "geometry": {
    "type": "Point",
    "coordinates": [
     0.657048,
     47.446622
    ]
   },
   "properties": {
    "name": "FRA03700135 — METTRAY",
    "description": "**Scope de maintenance** : EV\n**Verdict d'autonomie** : a_confirmer\n**Motif du verdict** : fiche d'accès vide\n**Campagne d'appartenance** : Espaces Verts 2026 P2-ENSIO\n**Donneur d'ordre de la campagne** : TOTEM\n**Colonne Ressources du périmètre** : SEE ALL (ST ENSIO)\n**Provenance du repère** : import\n**Adresse du site** : RUE DE LA MOTTE CHATEAU D EAU\n**Numéro de département** : 37\n**Nom du site** : METTRAY\n**Coordonnées** : 47.446622, 0.657048\n[[https://www.google.com/maps?q=47.446622,0.657048|Google Maps 🌍]] · [[https://www.google.com/maps/@?api=1&map_action=pano&viewpoint=47.446622,0.657048|Street View]]\n**Déchèteries pro les plus proches** :\n[[https://www.google.com/maps?q=47.5041,0.622974|Déchèterie de Saint Antoine du Rocher (Saint-Antoine-du-Rocher, 6.9 km)]] — 0247298100\n[[https://www.google.com/maps?q=47.4369,0.518596|Déchèterie de Pernay (Pernay, 10.5 km)]] — 0247298100\n[[https://www.google.com/maps?q=47.3917,0.799823|Déchèterie de Montlouis sur Loire (Montlouis-sur-Loire, 12.4 km)]] — 0247255550\n[[https://www.google.com/maps/search/d%C3%A9ch%C3%A8terie/@47.446622,0.657048,12z|Toutes les déchèteries autour du site 🗑️]]",
    "origine": "import",
    "campagne": "Espaces Verts 2026 P2-ENSIO",
    "towerco": "TOTEM",
    "ressources": "SEE ALL (ST ENSIO)",
    "nom_site": "METTRAY",
    "adresse": "RUE DE LA MOTTE CHATEAU D EAU",
    "departement": "37",
    "scope": "EV",
    "calque": "mp-ev-2026-p2-ensio",
    "code_fra": "FRA03700135",
    "acces_autonome": "a_confirmer",
    "acces_motif": "fiche d'accès vide",
    "_umap_options": {
     "color": "#67718A",
     "iconClass": "Ball"
    }
   }
  },
  {
   "type": "Feature",
   "geometry": {
    "type": "Point",
    "coordinates": [
     0.570906,
     47.450604
    ]
   },
   "properties": {
    "name": "FRA03700138 — ST_ROCH_37",
    "description": "**Scope de maintenance** : EV\n**Verdict d'autonomie** : a_confirmer\n**Motif du verdict** : fiche d'accès vide\n**Campagne d'appartenance** : Espaces Verts 2026 P2-ENSIO\n**Donneur d'ordre de la campagne** : TOTEM\n**Colonne Ressources du périmètre** : SEE ALL (ST ENSIO)\n**Provenance du repère** : import\n**Adresse du site** : Lieu-dit La Davière\n**Numéro de département** : 37\n**Nom du site** : ST_ROCH_37\n**Coordonnées** : 47.450604, 0.570906\n[[https://www.google.com/maps?q=47.450604,0.570906|Google Maps 🌍]] · [[https://www.google.com/maps/@?api=1&map_action=pano&viewpoint=47.450604,0.570906|Street View]]\n**Déchèteries pro les plus proches** :\n[[https://www.google.com/maps?q=47.4369,0.518596|Déchèterie de Pernay (Pernay, 4.2 km)]] — 0247298100\n[[https://www.google.com/maps?q=47.5041,0.622974|Déchèterie de Saint Antoine du Rocher (Saint-Antoine-du-Rocher, 7.1 km)]] — 0247298100\n[[https://www.google.com/maps?q=47.348,0.469324|Déchèterie de Cinq Mars la Pile (Cinq-Mars-la-Pile, 13.7 km)]] — 0247965686\n[[https://www.google.com/maps/search/d%C3%A9ch%C3%A8terie/@47.450604,0.570906,12z|Toutes les déchèteries autour du site 🗑️]]",
    "origine": "import",
    "campagne": "Espaces Verts 2026 P2-ENSIO",
    "towerco": "TOTEM",
    "ressources": "SEE ALL (ST ENSIO)",
    "nom_site": "ST_ROCH_37",
    "adresse": "Lieu-dit La Davière",
    "departement": "37",
    "scope": "EV",
    "calque": "mp-ev-2026-p2-ensio",
    "code_fra": "FRA03700138",
    "acces_autonome": "a_confirmer",
    "acces_motif": "fiche d'accès vide",
    "_umap_options": {
     "color": "#67718A",
     "iconClass": "Ball"
    }
   }
  },
  {
   "type": "Feature",
   "geometry": {
    "type": "Point",
    "coordinates": [
     0.695297,
     47.457831
    ]
   },
   "properties": {
    "name": "FRA03700139 — CHANCEAUX_NOTRE_DAME",
    "description": "**Scope de maintenance** : EV\n**Verdict d'autonomie** : a_confirmer\n**Motif du verdict** : fiche d'accès vide\n**Campagne d'appartenance** : Espaces Verts 2026 P2-ENSIO\n**Donneur d'ordre de la campagne** : TOTEM\n**Colonne Ressources du périmètre** : SEE ALL (ST ENSIO)\n**Provenance du repère** : import\n**Adresse du site** : ZA La Duquerie Est\n**Numéro de département** : 37\n**Nom du site** : CHANCEAUX_NOTRE_DAME\n**Coordonnées** : 47.457831, 0.695297\n[[https://www.google.com/maps?q=47.457831,0.695297|Google Maps 🌍]] · [[https://www.google.com/maps/@?api=1&map_action=pano&viewpoint=47.457831,0.695297|Street View]]\n**Déchèteries pro les plus proches** :\n[[https://www.google.com/maps?q=47.5041,0.622974|Déchèterie de Saint Antoine du Rocher (Saint-Antoine-du-Rocher, 7.5 km)]] — 0247298100\n[[https://www.google.com/maps?q=47.3917,0.799823|Déchèterie de Montlouis sur Loire (Montlouis-sur-Loire, 10.8 km)]] — 0247255550\n[[https://www.google.com/maps?q=47.4327,0.84376|Déchèterie de Vernou sur Brenne (Vernou-sur-Brenne, 11.5 km)]] — 0247255550\n[[https://www.google.com/maps/search/d%C3%A9ch%C3%A8terie/@47.457831,0.695297,12z|Toutes les déchèteries autour du site 🗑️]]",
    "origine": "import",
    "campagne": "Espaces Verts 2026 P2-ENSIO",
    "towerco": "TOTEM",
    "ressources": "SEE ALL (ST ENSIO)",
    "nom_site": "CHANCEAUX_NOTRE_DAME",
    "adresse": "ZA La Duquerie Est",
    "departement": "37",
    "scope": "EV",
    "calque": "mp-ev-2026-p2-ensio",
    "code_fra": "FRA03700139",
    "acces_autonome": "a_confirmer",
    "acces_motif": "fiche d'accès vide",
    "_umap_options": {
     "color": "#67718A",
     "iconClass": "Ball"
    }
   }
  },
  {
   "type": "Feature",
   "geometry": {
    "type": "Point",
    "coordinates": [
     1.008323,
     47.389647
    ]
   },
   "properties": {
    "name": "FRA03700141 — AMBOISE_SUD_FT",
    "description": "**Scope de maintenance** : EV\n**Verdict d'autonomie** : a_confirmer\n**Motif du verdict** : fiche d'accès vide\n**Campagne d'appartenance** : Espaces Verts 2026 P2-ENSIO\n**Donneur d'ordre de la campagne** : TOTEM\n**Colonne Ressources du périmètre** : SEE ALL (ST ENSIO)\n**Provenance du repère** : import\n**Adresse du site** : LIEUDIT LE PETIT PARADIS CD 81\n**Numéro de département** : 37\n**Nom du site** : AMBOISE_SUD_FT\n**Coordonnées** : 47.389647, 1.008323\n[[https://www.google.com/maps?q=47.389647,1.008323|Google Maps 🌍]] · [[https://www.google.com/maps/@?api=1&map_action=pano&viewpoint=47.389647,1.008323|Street View]]\n**Déchèteries pro les plus proches** :\n[[https://www.google.com/maps?q=47.4136,1.00894|Déchèterie d'Amboise (Amboise, 2.7 km)]] — 0247234744\n[[https://www.google.com/maps?q=47.3245,1.02138|Déchèterie de Bléré (Bléré, 7.3 km)]] — 0247308106\n[[https://www.google.com/maps?q=47.3306,1.08046|Déchèterie de Chisseaux (Chisseaux, 8.5 km)]] — 0247308106\n[[https://www.google.com/maps/search/d%C3%A9ch%C3%A8terie/@47.389647,1.008323,12z|Toutes les déchèteries autour du site 🗑️]]",
    "origine": "import",
    "campagne": "Espaces Verts 2026 P2-ENSIO",
    "towerco": "TOTEM",
    "ressources": "SEE ALL (ST ENSIO)",
    "nom_site": "AMBOISE_SUD_FT",
    "adresse": "LIEUDIT LE PETIT PARADIS CD 81",
    "departement": "37",
    "scope": "EV",
    "calque": "mp-ev-2026-p2-ensio",
    "code_fra": "FRA03700141",
    "acces_autonome": "a_confirmer",
    "acces_motif": "fiche d'accès vide",
    "_umap_options": {
     "color": "#67718A",
     "iconClass": "Ball"
    }
   }
  },
  {
   "type": "Feature",
   "geometry": {
    "type": "Point",
    "coordinates": [
     0.161517,
     47.209237
    ]
   },
   "properties": {
    "name": "FRA03700145 — BEAUMONT_EN_VERON",
    "description": "**Scope de maintenance** : EV\n**Verdict d'autonomie** : a_confirmer\n**Motif du verdict** : fiche d'accès vide\n**Campagne d'appartenance** : Espaces Verts 2026 P2-ENSIO\n**Donneur d'ordre de la campagne** : TOTEM\n**Colonne Ressources du périmètre** : SEE ALL (ST ENSIO)\n**Provenance du repère** : import\n**Adresse du site** : Lieu-dit LE RIDOIT\n**Numéro de département** : 37\n**Nom du site** : BEAUMONT_EN_VERON\n**Coordonnées** : 47.209237, 0.161517\n[[https://www.google.com/maps?q=47.209237,0.161517|Google Maps 🌍]] · [[https://www.google.com/maps/@?api=1&map_action=pano&viewpoint=47.209237,0.161517|Street View]]\n**Déchèteries pro les plus proches** :\n[[https://www.google.com/maps?q=47.2114,0.162276|Déchèterie de Savigny en Véron (Savigny-en-Véron, 0.2 km)]] — 0247589419\n[[https://www.google.com/maps?q=47.2736,0.160955|Déchèterie de Bourgueuil (BOURGUEIL, 7.2 km)]] — 0247978975\n[[https://www.google.com/maps?q=47.1788,0.250095|Déchèterie de Chinon (Chinon, 7.5 km)]] — 0247980656\n[[https://www.google.com/maps/search/d%C3%A9ch%C3%A8terie/@47.209237,0.161517,12z|Toutes les déchèteries autour du site 🗑️]]",
    "origine": "import",
    "campagne": "Espaces Verts 2026 P2-ENSIO",
    "towerco": "TOTEM",
    "ressources": "SEE ALL (ST ENSIO)",
    "nom_site": "BEAUMONT_EN_VERON",
    "adresse": "Lieu-dit LE RIDOIT",
    "departement": "37",
    "scope": "EV",
    "calque": "mp-ev-2026-p2-ensio",
    "code_fra": "FRA03700145",
    "acces_autonome": "a_confirmer",
    "acces_motif": "fiche d'accès vide",
    "_umap_options": {
     "color": "#67718A",
     "iconClass": "Ball"
    }
   }
  },
  {
   "type": "Feature",
   "geometry": {
    "type": "Point",
    "coordinates": [
     1.115383,
     47.180308
    ]
   },
   "properties": {
    "name": "FRA03700147 — GENILLE",
    "description": "**Scope de maintenance** : EV\n**Verdict d'autonomie** : a_confirmer\n**Motif du verdict** : fiche d'accès vide\n**Campagne d'appartenance** : Espaces Verts 2026 P2-ENSIO\n**Donneur d'ordre de la campagne** : TOTEM\n**Colonne Ressources du périmètre** : SEE ALL (ST ENSIO)\n**Provenance du repère** : import\n**Adresse du site** : Zone artisanale - Route de Montresor\n**Numéro de département** : 37\n**Nom du site** : GENILLE\n**Coordonnées** : 47.180308, 1.115383\n[[https://www.google.com/maps?q=47.180308,1.115383|Google Maps 🌍]] · [[https://www.google.com/maps/@?api=1&map_action=pano&viewpoint=47.180308,1.115383|Street View]]\n**Déchèteries pro les plus proches** :\n[[https://www.google.com/maps?q=47.1806,1.11553|Déchèterie de Génillé (Genillé, 0.0 km)]] — 0675283457\n[[https://www.google.com/maps?q=47.14,0.992367|Déchèterie de Loches (Loches, 10.3 km)]] — 0681934762\n[[https://www.google.com/maps?q=47.1421,1.27624|Déchèterie de Nouans les Fontaines (Nouans-les-Fontaines, 12.9 km)]] — 0675283457\n[[https://www.google.com/maps/search/d%C3%A9ch%C3%A8terie/@47.180308,1.115383,12z|Toutes les déchèteries autour du site 🗑️]]",
    "origine": "import",
    "campagne": "Espaces Verts 2026 P2-ENSIO",
    "towerco": "TOTEM",
    "ressources": "SEE ALL (ST ENSIO)",
    "nom_site": "GENILLE",
    "adresse": "Zone artisanale - Route de Montresor",
    "departement": "37",
    "scope": "EV",
    "calque": "mp-ev-2026-p2-ensio",
    "code_fra": "FRA03700147",
    "acces_autonome": "a_confirmer",
    "acces_motif": "fiche d'accès vide",
    "_umap_options": {
     "color": "#67718A",
     "iconClass": "Ball"
    }
   }
  },
  {
   "type": "Feature",
   "geometry": {
    "type": "Point",
    "coordinates": [
     1.182345,
     47.258306
    ]
   },
   "properties": {
    "name": "FRA03700148 — CERE_LA_RONDE",
    "description": "**Scope de maintenance** : EV\n**Verdict d'autonomie** : a_confirmer\n**Motif du verdict** : fiche d'accès vide\n**Campagne d'appartenance** : Espaces Verts 2026 P2-ENSIO\n**Donneur d'ordre de la campagne** : TOTEM\n**Colonne Ressources du périmètre** : SEE ALL (ST ENSIO)\n**Provenance du repère** : import\n**Adresse du site** : Rue du Stade\n**Numéro de département** : 37\n**Nom du site** : CERE_LA_RONDE\n**Coordonnées** : 47.258306, 1.182345\n[[https://www.google.com/maps?q=47.258306,1.182345|Google Maps 🌍]] · [[https://www.google.com/maps/@?api=1&map_action=pano&viewpoint=47.258306,1.182345|Street View]]\n**Déchèteries pro les plus proches** :\n[[https://www.google.com/maps?q=47.1806,1.11553|Déchèterie de Génillé (Genillé, 10.0 km)]] — 0675283457\n[[https://www.google.com/maps?q=47.3574,1.17957|Déchèterie de Montrichard (Montrichard, 11.0 km)]] — 0254326462\n[[https://www.google.com/maps?q=47.3306,1.08046|Déchèterie de Chisseaux (Chisseaux, 11.1 km)]] — 0247308106\n[[https://www.google.com/maps/search/d%C3%A9ch%C3%A8terie/@47.258306,1.182345,12z|Toutes les déchèteries autour du site 🗑️]]",
    "origine": "import",
    "campagne": "Espaces Verts 2026 P2-ENSIO",
    "towerco": "TOTEM",
    "ressources": "SEE ALL (ST ENSIO)",
    "nom_site": "CERE_LA_RONDE",
    "adresse": "Rue du Stade",
    "departement": "37",
    "scope": "EV",
    "calque": "mp-ev-2026-p2-ensio",
    "code_fra": "FRA03700148",
    "acces_autonome": "a_confirmer",
    "acces_motif": "fiche d'accès vide",
    "_umap_options": {
     "color": "#67718A",
     "iconClass": "Ball"
    }
   }
  },
  {
   "type": "Feature",
   "geometry": {
    "type": "Point",
    "coordinates": [
     0.333885,
     47.21389
    ]
   },
   "properties": {
    "name": "FRA03700149 — ST_BENOIT_LA_FORET",
    "description": "**Scope de maintenance** : EV\n**Verdict d'autonomie** : a_confirmer\n**Motif du verdict** : fiche d'accès vide\n**Campagne d'appartenance** : Espaces Verts 2026 P2-ENSIO\n**Donneur d'ordre de la campagne** : TOTEM\n**Colonne Ressources du périmètre** : SEE ALL (ST ENSIO)\n**Provenance du repère** : import\n**Adresse du site** : Lieu-dit Les petites LANDES\n**Numéro de département** : 37\n**Nom du site** : ST_BENOIT_LA_FORET\n**Coordonnées** : 47.213890, 0.333885\n[[https://www.google.com/maps?q=47.213890,0.333885|Google Maps 🌍]] · [[https://www.google.com/maps/@?api=1&map_action=pano&viewpoint=47.213890,0.333885|Street View]]\n**Déchèteries pro les plus proches** :\n[[https://www.google.com/maps?q=47.268,0.362361|Déchèterie de Rivarennes (Rivarennes, 6.4 km)]] — 0247955810\n[[https://www.google.com/maps?q=47.1788,0.250095|Déchèterie de Chinon (Chinon, 7.4 km)]] — 0247980656\n[[https://www.google.com/maps?q=47.2851,0.309461|Déchèterie de Saint Patrice (Saint-Patrice, 8.1 km)]]\n[[https://www.google.com/maps/search/d%C3%A9ch%C3%A8terie/@47.213890,0.333885,12z|Toutes les déchèteries autour du site 🗑️]]",
    "origine": "import",
    "campagne": "Espaces Verts 2026 P2-ENSIO",
    "towerco": "TOTEM",
    "ressources": "SEE ALL (ST ENSIO)",
    "nom_site": "ST_BENOIT_LA_FORET",
    "adresse": "Lieu-dit Les petites LANDES",
    "departement": "37",
    "scope": "EV",
    "calque": "mp-ev-2026-p2-ensio",
    "code_fra": "FRA03700149",
    "acces_autonome": "a_confirmer",
    "acces_motif": "fiche d'accès vide",
    "_umap_options": {
     "color": "#67718A",
     "iconClass": "Ball"
    }
   }
  },
  {
   "type": "Feature",
   "geometry": {
    "type": "Point",
    "coordinates": [
     0.24358,
     47.174023
    ]
   },
   "properties": {
    "name": "FRA03700151 — CHINON_ST_JEAN",
    "description": "**Scope de maintenance** : EV\n**Verdict d'autonomie** : a_confirmer\n**Motif du verdict** : fiche d'accès vide\n**Campagne d'appartenance** : Espaces Verts 2026 P2-ENSIO\n**Donneur d'ordre de la campagne** : TOTEM\n**Colonne Ressources du périmètre** : SEE ALL (ST ENSIO)\n**Provenance du repère** : import\n**Adresse du site** : Lieu-dit Les Bosses . Rue des Ganaudières\n**Numéro de département** : 37\n**Nom du site** : CHINON_ST_JEAN\n**Coordonnées** : 47.174023, 0.243580\n[[https://www.google.com/maps?q=47.174023,0.243580|Google Maps 🌍]] · [[https://www.google.com/maps/@?api=1&map_action=pano&viewpoint=47.174023,0.243580|Street View]]\n**Déchèteries pro les plus proches** :\n[[https://www.google.com/maps?q=47.1788,0.250095|Déchèterie de Chinon (Chinon, 0.7 km)]] — 0247980656\n[[https://www.google.com/maps?q=47.1193,0.191239|Déchèterie de la Roche Clermault (La Roche-Clermault, 7.3 km)]] — 0247959634\n[[https://www.google.com/maps?q=47.2114,0.162276|Déchèterie de Savigny en Véron (Savigny-en-Véron, 7.4 km)]] — 0247589419\n[[https://www.google.com/maps/search/d%C3%A9ch%C3%A8terie/@47.174023,0.243580,12z|Toutes les déchèteries autour du site 🗑️]]",
    "origine": "import",
    "campagne": "Espaces Verts 2026 P2-ENSIO",
    "towerco": "TOTEM",
    "ressources": "SEE ALL (ST ENSIO)",
    "nom_site": "CHINON_ST_JEAN",
    "adresse": "Lieu-dit Les Bosses . Rue des Ganaudières",
    "departement": "37",
    "scope": "EV",
    "calque": "mp-ev-2026-p2-ensio",
    "code_fra": "FRA03700151",
    "acces_autonome": "a_confirmer",
    "acces_motif": "fiche d'accès vide",
    "_umap_options": {
     "color": "#67718A",
     "iconClass": "Ball"
    }
   }
  },
  {
   "type": "Feature",
   "geometry": {
    "type": "Point",
    "coordinates": [
     0.53317,
     47.342763
    ]
   },
   "properties": {
    "name": "FRA03700153 — SAVONNIERES",
    "description": "**Scope de maintenance** : EV\n**Verdict d'autonomie** : a_confirmer\n**Motif du verdict** : fiche d'accès vide\n**Campagne d'appartenance** : Espaces Verts 2026 P2-ENSIO\n**Donneur d'ordre de la campagne** : TOTEM\n**Colonne Ressources du périmètre** : SEE ALL (ST ENSIO)\n**Provenance du repère** : import\n**Adresse du site** : la Bretonnière\n**Numéro de département** : 37\n**Nom du site** : SAVONNIERES\n**Coordonnées** : 47.342763, 0.533170\n[[https://www.google.com/maps?q=47.342763,0.533170|Google Maps 🌍]] · [[https://www.google.com/maps/@?api=1&map_action=pano&viewpoint=47.342763,0.533170|Street View]]\n**Déchèteries pro les plus proches** :\n[[https://www.google.com/maps?q=47.348,0.469324|Déchèterie de Cinq Mars la Pile (Cinq-Mars-la-Pile, 4.8 km)]] — 0247965686\n[[https://www.google.com/maps?q=47.2729,0.476824|Déchèterie d'Azay le Rideau (Azay-le-Rideau, 8.9 km)]] — 0247454388\n[[https://www.google.com/maps?q=47.2564,0.569535|Déchèterie de Saché (Saché, 10.0 km)]] — 0247732552\n[[https://www.google.com/maps/search/d%C3%A9ch%C3%A8terie/@47.342763,0.533170,12z|Toutes les déchèteries autour du site 🗑️]]",
    "origine": "import",
    "campagne": "Espaces Verts 2026 P2-ENSIO",
    "towerco": "TOTEM",
    "ressources": "SEE ALL (ST ENSIO)",
    "nom_site": "SAVONNIERES",
    "adresse": "la Bretonnière",
    "departement": "37",
    "scope": "EV",
    "calque": "mp-ev-2026-p2-ensio",
    "code_fra": "FRA03700153",
    "acces_autonome": "a_confirmer",
    "acces_motif": "fiche d'accès vide",
    "_umap_options": {
     "color": "#67718A",
     "iconClass": "Ball"
    }
   }
  },
  {
   "type": "Feature",
   "geometry": {
    "type": "Point",
    "coordinates": [
     0.493627,
     47.339764
    ]
   },
   "properties": {
    "name": "FRA03700155 — VILLANDRY",
    "description": "**Scope de maintenance** : EV\n**Verdict d'autonomie** : a_confirmer\n**Motif du verdict** : fiche d'accès vide\n**Campagne d'appartenance** : Espaces Verts 2026 P2-ENSIO\n**Donneur d'ordre de la campagne** : TOTEM\n**Colonne Ressources du périmètre** : SEE ALL (ST ENSIO)\n**Provenance du repère** : import\n**Adresse du site** : Lieu-dit La Tuilerie\n**Numéro de département** : 37\n**Nom du site** : VILLANDRY\n**Coordonnées** : 47.339764, 0.493627\n[[https://www.google.com/maps?q=47.339764,0.493627|Google Maps 🌍]] · [[https://www.google.com/maps/@?api=1&map_action=pano&viewpoint=47.339764,0.493627|Street View]]\n**Déchèteries pro les plus proches** :\n[[https://www.google.com/maps?q=47.348,0.469324|Déchèterie de Cinq Mars la Pile (Cinq-Mars-la-Pile, 2.0 km)]] — 0247965686\n[[https://www.google.com/maps?q=47.2729,0.476824|Déchèterie d'Azay le Rideau (Azay-le-Rideau, 7.5 km)]] — 0247454388\n[[https://www.google.com/maps?q=47.2564,0.569535|Déchèterie de Saché (Saché, 10.9 km)]] — 0247732552\n[[https://www.google.com/maps/search/d%C3%A9ch%C3%A8terie/@47.339764,0.493627,12z|Toutes les déchèteries autour du site 🗑️]]",
    "origine": "import",
    "campagne": "Espaces Verts 2026 P2-ENSIO",
    "towerco": "TOTEM",
    "ressources": "SEE ALL (ST ENSIO)",
    "nom_site": "VILLANDRY",
    "adresse": "Lieu-dit La Tuilerie",
    "departement": "37",
    "scope": "EV",
    "calque": "mp-ev-2026-p2-ensio",
    "code_fra": "FRA03700155",
    "acces_autonome": "a_confirmer",
    "acces_motif": "fiche d'accès vide",
    "_umap_options": {
     "color": "#67718A",
     "iconClass": "Ball"
    }
   }
  },
  {
   "type": "Feature",
   "geometry": {
    "type": "Point",
    "coordinates": [
     0.974054,
     47.420197
    ]
   },
   "properties": {
    "name": "FRA03700158 — AMBOISE_ZI_PUJEAUX",
    "description": "**Scope de maintenance** : EV\n**Verdict d'autonomie** : a_confirmer\n**Motif du verdict** : fiche d'accès vide\n**Campagne d'appartenance** : Espaces Verts 2026 P2-ENSIO\n**Donneur d'ordre de la campagne** : TOTEM\n**Colonne Ressources du périmètre** : SEE ALL (ST ENSIO)\n**Provenance du repère** : import\n**Adresse du site** : 4 Rue des Ormes\n**Numéro de département** : 37\n**Nom du site** : AMBOISE_ZI_PUJEAUX\n**Coordonnées** : 47.420197, 0.974054\n[[https://www.google.com/maps?q=47.420197,0.974054|Google Maps 🌍]] · [[https://www.google.com/maps/@?api=1&map_action=pano&viewpoint=47.420197,0.974054|Street View]]\n**Déchèteries pro les plus proches** :\n[[https://www.google.com/maps?q=47.4136,1.00894|Déchèterie d'Amboise (Amboise, 2.7 km)]] — 0247234744\n[[https://www.google.com/maps?q=47.4327,0.84376|Déchèterie de Vernou sur Brenne (Vernou-sur-Brenne, 9.9 km)]] — 0247255550\n[[https://www.google.com/maps?q=47.3287,0.919077|Déchèterie d'Athée sur Cher (Athée-sur-Cher, 11.0 km)]] — 0247308106\n[[https://www.google.com/maps/search/d%C3%A9ch%C3%A8terie/@47.420197,0.974054,12z|Toutes les déchèteries autour du site 🗑️]]",
    "origine": "import",
    "campagne": "Espaces Verts 2026 P2-ENSIO",
    "towerco": "TOTEM",
    "ressources": "SEE ALL (ST ENSIO)",
    "nom_site": "AMBOISE_ZI_PUJEAUX",
    "adresse": "4 Rue des Ormes",
    "departement": "37",
    "scope": "EV",
    "calque": "mp-ev-2026-p2-ensio",
    "code_fra": "FRA03700158",
    "acces_autonome": "a_confirmer",
    "acces_motif": "fiche d'accès vide",
    "_umap_options": {
     "color": "#67718A",
     "iconClass": "Ball"
    }
   }
  },
  {
   "type": "Feature",
   "geometry": {
    "type": "Point",
    "coordinates": [
     0.946468,
     47.500116
    ]
   },
   "properties": {
    "name": "FRA03700159 — MONTREUIL_TOURAINE_TGV",
    "description": "**Scope de maintenance** : EV\n**Verdict d'autonomie** : a_confirmer\n**Motif du verdict** : fiche d'accès vide\n**Campagne d'appartenance** : Espaces Verts 2026 P2-ENSIO\n**Donneur d'ordre de la campagne** : TOTEM\n**Colonne Ressources du périmètre** : SEE ALL (ST ENSIO)\n**Provenance du repère** : import\n**Adresse du site** : Lieu-dit La Berterie\n**Numéro de département** : 37\n**Nom du site** : MONTREUIL_TOURAINE_TGV\n**Coordonnées** : 47.500116, 0.946468\n[[https://www.google.com/maps?q=47.500116,0.946468|Google Maps 🌍]] · [[https://www.google.com/maps/@?api=1&map_action=pano&viewpoint=47.500116,0.946468|Street View]]\n**Déchèteries pro les plus proches** :\n[[https://www.google.com/maps?q=47.519,0.91555|Déchèterie de Neuillé le Lierre (Neuillé-le-Lierre, 3.1 km)]] — 0247296669\n[[https://www.google.com/maps?q=47.4136,1.00894|Déchèterie d'Amboise (Amboise, 10.7 km)]] — 0247234744\n[[https://www.google.com/maps?q=47.4327,0.84376|Déchèterie de Vernou sur Brenne (Vernou-sur-Brenne, 10.8 km)]] — 0247255550\n[[https://www.google.com/maps/search/d%C3%A9ch%C3%A8terie/@47.500116,0.946468,12z|Toutes les déchèteries autour du site 🗑️]]",
    "origine": "import",
    "campagne": "Espaces Verts 2026 P2-ENSIO",
    "towerco": "TOTEM",
    "ressources": "SEE ALL (ST ENSIO)",
    "nom_site": "MONTREUIL_TOURAINE_TGV",
    "adresse": "Lieu-dit La Berterie",
    "departement": "37",
    "scope": "EV",
    "calque": "mp-ev-2026-p2-ensio",
    "code_fra": "FRA03700159",
    "acces_autonome": "a_confirmer",
    "acces_motif": "fiche d'accès vide",
    "_umap_options": {
     "color": "#67718A",
     "iconClass": "Ball"
    }
   }
  },
  {
   "type": "Feature",
   "geometry": {
    "type": "Point",
    "coordinates": [
     0.99223,
     47.118673
    ]
   },
   "properties": {
    "name": "FRA03700168 — LOCHES_EBAT",
    "description": "**Scope de maintenance** : EV\n**Verdict d'autonomie** : a_confirmer\n**Motif du verdict** : fiche d'accès vide\n**Campagne d'appartenance** : Espaces Verts 2026 P2-ENSIO\n**Donneur d'ordre de la campagne** : TOTEM\n**Colonne Ressources du périmètre** : SEE ALL (ST ENSIO)\n**Provenance du repère** : import\n**Adresse du site** : Château d'eau. Rue Bel Ebat\n**Numéro de département** : 37\n**Nom du site** : LOCHES_EBAT\n**Coordonnées** : 47.118673, 0.992230\n[[https://www.google.com/maps?q=47.118673,0.992230|Google Maps 🌍]] · [[https://www.google.com/maps/@?api=1&map_action=pano&viewpoint=47.118673,0.992230|Street View]]\n**Déchèteries pro les plus proches** :\n[[https://www.google.com/maps?q=47.14,0.992367|Déchèterie de Loches (Loches, 2.4 km)]] — 0681934762\n[[https://www.google.com/maps?q=47.1806,1.11553|Déchèterie de Génillé (Genillé, 11.6 km)]] — 0675283457\n[[https://www.google.com/maps?q=47.0809,0.774274|Déchèterie de la Chapelle Blanche Saint Martin (La Chapelle-Blanche-Saint-Martin, 17.0 km)]] — 0247599373\n[[https://www.google.com/maps/search/d%C3%A9ch%C3%A8terie/@47.118673,0.992230,12z|Toutes les déchèteries autour du site 🗑️]]",
    "origine": "import",
    "campagne": "Espaces Verts 2026 P2-ENSIO",
    "towerco": "TOTEM",
    "ressources": "SEE ALL (ST ENSIO)",
    "nom_site": "LOCHES_EBAT",
    "adresse": "Château d'eau. Rue Bel Ebat",
    "departement": "37",
    "scope": "EV",
    "calque": "mp-ev-2026-p2-ensio",
    "code_fra": "FRA03700168",
    "acces_autonome": "a_confirmer",
    "acces_motif": "fiche d'accès vide",
    "_umap_options": {
     "color": "#67718A",
     "iconClass": "Ball"
    }
   }
  },
  {
   "type": "Feature",
   "geometry": {
    "type": "Point",
    "coordinates": [
     1.004798,
     47.108311
    ]
   },
   "properties": {
    "name": "FRA03700169 — PERRUSSON",
    "description": "**Scope de maintenance** : EV\n**Verdict d'autonomie** : a_confirmer\n**Motif du verdict** : fiche d'accès vide\n**Campagne d'appartenance** : Espaces Verts 2026 P2-ENSIO\n**Donneur d'ordre de la campagne** : TOTEM\n**Colonne Ressources du périmètre** : SEE ALL (ST ENSIO)\n**Provenance du repère** : import\n**Adresse du site** : Terrain sis\n**Numéro de département** : 37\n**Nom du site** : PERRUSSON\n**Coordonnées** : 47.108311, 1.004798\n[[https://www.google.com/maps?q=47.108311,1.004798|Google Maps 🌍]] · [[https://www.google.com/maps/@?api=1&map_action=pano&viewpoint=47.108311,1.004798|Street View]]\n**Déchèteries pro les plus proches** :\n[[https://www.google.com/maps?q=47.14,0.992367|Déchèterie de Loches (Loches, 3.6 km)]] — 0681934762\n[[https://www.google.com/maps?q=47.1806,1.11553|Déchèterie de Génillé (Genillé, 11.6 km)]] — 0675283457\n[[https://www.google.com/maps?q=47.0809,0.774274|Déchèterie de la Chapelle Blanche Saint Martin (La Chapelle-Blanche-Saint-Martin, 17.7 km)]] — 0247599373\n[[https://www.google.com/maps/search/d%C3%A9ch%C3%A8terie/@47.108311,1.004798,12z|Toutes les déchèteries autour du site 🗑️]]",
    "origine": "import",
    "campagne": "Espaces Verts 2026 P2-ENSIO",
    "towerco": "TOTEM",
    "ressources": "SEE ALL (ST ENSIO)",
    "nom_site": "PERRUSSON",
    "adresse": "Terrain sis",
    "departement": "37",
    "scope": "EV",
    "calque": "mp-ev-2026-p2-ensio",
    "code_fra": "FRA03700169",
    "acces_autonome": "a_confirmer",
    "acces_motif": "fiche d'accès vide",
    "_umap_options": {
     "color": "#67718A",
     "iconClass": "Ball"
    }
   }
  },
  {
   "type": "Feature",
   "geometry": {
    "type": "Point",
    "coordinates": [
     0.766201,
     47.389394
    ]
   },
   "properties": {
    "name": "FRA03700170 — LA_VILLE_AUX_DAMES",
    "description": "**Scope de maintenance** : EV\n**Verdict d'autonomie** : a_confirmer\n**Motif du verdict** : fiche d'accès vide\n**Campagne d'appartenance** : Espaces Verts 2026 P2-ENSIO\n**Donneur d'ordre de la campagne** : TOTEM\n**Colonne Ressources du périmètre** : SEE ALL (ST ENSIO)\n**Provenance du repère** : import\n**Adresse du site** : CCL La Ville aux Dames Avenue Marie Curie\n**Numéro de département** : 37\n**Nom du site** : LA_VILLE_AUX_DAMES\n**Coordonnées** : 47.389394, 0.766201\n[[https://www.google.com/maps?q=47.389394,0.766201|Google Maps 🌍]] · [[https://www.google.com/maps/@?api=1&map_action=pano&viewpoint=47.389394,0.766201|Street View]]\n**Déchèteries pro les plus proches** :\n[[https://www.google.com/maps?q=47.3917,0.799823|Déchèterie de Montlouis sur Loire (Montlouis-sur-Loire, 2.5 km)]] — 0247255550\n[[https://www.google.com/maps?q=47.4327,0.84376|Déchèterie de Vernou sur Brenne (Vernou-sur-Brenne, 7.6 km)]] — 0247255550\n[[https://www.google.com/maps?q=47.2984,0.794477|Déchèterie la Pommeraye Esvres sur Indre (Esvres, 10.3 km)]] — 0247267373\n[[https://www.google.com/maps/search/d%C3%A9ch%C3%A8terie/@47.389394,0.766201,12z|Toutes les déchèteries autour du site 🗑️]]",
    "origine": "import",
    "campagne": "Espaces Verts 2026 P2-ENSIO",
    "towerco": "TOTEM",
    "ressources": "SEE ALL (ST ENSIO)",
    "nom_site": "LA_VILLE_AUX_DAMES",
    "adresse": "CCL La Ville aux Dames Avenue Marie Curie",
    "departement": "37",
    "scope": "EV",
    "calque": "mp-ev-2026-p2-ensio",
    "code_fra": "FRA03700170",
    "acces_autonome": "a_confirmer",
    "acces_motif": "fiche d'accès vide",
    "_umap_options": {
     "color": "#67718A",
     "iconClass": "Ball"
    }
   }
  },
  {
   "type": "Feature",
   "geometry": {
    "type": "Point",
    "coordinates": [
     0.739892,
     47.395071
    ]
   },
   "properties": {
    "name": "FRA03700173 — TOURS_LES_GRILLONNIERES",
    "description": "**Scope de maintenance** : EV\n**Verdict d'autonomie** : a_confirmer\n**Motif du verdict** : fiche d'accès vide\n**Campagne d'appartenance** : Espaces Verts 2026 P2-ENSIO\n**Donneur d'ordre de la campagne** : TOTEM\n**Colonne Ressources du périmètre** : SEE ALL (ST ENSIO)\n**Provenance du repère** : import\n**Adresse du site** : Rue des Sablons\n**Numéro de département** : 37\n**Nom du site** : TOURS_LES_GRILLONNIERES\n**Coordonnées** : 47.395071, 0.739892\n[[https://www.google.com/maps?q=47.395071,0.739892|Google Maps 🌍]] · [[https://www.google.com/maps/@?api=1&map_action=pano&viewpoint=47.395071,0.739892|Street View]]\n**Déchèteries pro les plus proches** :\n[[https://www.google.com/maps?q=47.3917,0.799823|Déchèterie de Montlouis sur Loire (Montlouis-sur-Loire, 4.5 km)]] — 0247255550\n[[https://www.google.com/maps?q=47.4327,0.84376|Déchèterie de Vernou sur Brenne (Vernou-sur-Brenne, 8.9 km)]] — 0247255550\n[[https://www.google.com/maps?q=47.2984,0.794477|Déchèterie la Pommeraye Esvres sur Indre (Esvres, 11.5 km)]] — 0247267373\n[[https://www.google.com/maps/search/d%C3%A9ch%C3%A8terie/@47.395071,0.739892,12z|Toutes les déchèteries autour du site 🗑️]]",
    "origine": "import",
    "campagne": "Espaces Verts 2026 P2-ENSIO",
    "towerco": "TOTEM",
    "ressources": "SEE ALL (ST ENSIO)",
    "nom_site": "TOURS_LES_GRILLONNIERES",
    "adresse": "Rue des Sablons",
    "departement": "37",
    "scope": "EV",
    "calque": "mp-ev-2026-p2-ensio",
    "code_fra": "FRA03700173",
    "acces_autonome": "a_confirmer",
    "acces_motif": "fiche d'accès vide",
    "_umap_options": {
     "color": "#67718A",
     "iconClass": "Ball"
    }
   }
  },
  {
   "type": "Feature",
   "geometry": {
    "type": "Point",
    "coordinates": [
     0.750642,
     47.391818
    ]
   },
   "properties": {
    "name": "FRA03700174 — TOURS_LA_CARREE",
    "description": "**Scope de maintenance** : EV\n**Verdict d'autonomie** : a_confirmer\n**Motif du verdict** : fiche d'accès vide\n**Campagne d'appartenance** : Espaces Verts 2026 P2-ENSIO\n**Donneur d'ordre de la campagne** : TOTEM\n**Colonne Ressources du périmètre** : SEE ALL (ST ENSIO)\n**Provenance du repère** : import\n**Adresse du site** : 109 Rue des Epines Fortes\n**Numéro de département** : 37\n**Nom du site** : TOURS_LA_CARREE\n**Coordonnées** : 47.391818, 0.750642\n[[https://www.google.com/maps?q=47.391818,0.750642|Google Maps 🌍]] · [[https://www.google.com/maps/@?api=1&map_action=pano&viewpoint=47.391818,0.750642|Street View]]\n**Déchèteries pro les plus proches** :\n[[https://www.google.com/maps?q=47.3917,0.799823|Déchèterie de Montlouis sur Loire (Montlouis-sur-Loire, 3.7 km)]] — 0247255550\n[[https://www.google.com/maps?q=47.4327,0.84376|Déchèterie de Vernou sur Brenne (Vernou-sur-Brenne, 8.4 km)]] — 0247255550\n[[https://www.google.com/maps?q=47.2984,0.794477|Déchèterie la Pommeraye Esvres sur Indre (Esvres, 10.9 km)]] — 0247267373\n[[https://www.google.com/maps/search/d%C3%A9ch%C3%A8terie/@47.391818,0.750642,12z|Toutes les déchèteries autour du site 🗑️]]",
    "origine": "import",
    "campagne": "Espaces Verts 2026 P2-ENSIO",
    "towerco": "TOTEM",
    "ressources": "SEE ALL (ST ENSIO)",
    "nom_site": "TOURS_LA_CARREE",
    "adresse": "109 Rue des Epines Fortes",
    "departement": "37",
    "scope": "EV",
    "calque": "mp-ev-2026-p2-ensio",
    "code_fra": "FRA03700174",
    "acces_autonome": "a_confirmer",
    "acces_motif": "fiche d'accès vide",
    "_umap_options": {
     "color": "#67718A",
     "iconClass": "Ball"
    }
   }
  },
  {
   "type": "Feature",
   "geometry": {
    "type": "Point",
    "coordinates": [
     0.741158,
     47.385516
    ]
   },
   "properties": {
    "name": "FRA03700175 — TOURS_BOIS_DE_PLANTE",
    "description": "**Scope de maintenance** : EV\n**Verdict d'autonomie** : a_confirmer\n**Motif du verdict** : fiche d'accès vide\n**Campagne d'appartenance** : Espaces Verts 2026 P2-ENSIO\n**Donneur d'ordre de la campagne** : TOTEM\n**Colonne Ressources du périmètre** : SEE ALL (ST ENSIO)\n**Provenance du repère** : import\n**Adresse du site** : AVENUE YVES FARGES ZI DES YVAUDIERES NIDT 5636N1\n**Numéro de département** : 37\n**Nom du site** : TOURS_BOIS_DE_PLANTE\n**Coordonnées** : 47.385516, 0.741158\n[[https://www.google.com/maps?q=47.385516,0.741158|Google Maps 🌍]] · [[https://www.google.com/maps/@?api=1&map_action=pano&viewpoint=47.385516,0.741158|Street View]]\n**Déchèteries pro les plus proches** :\n[[https://www.google.com/maps?q=47.3917,0.799823|Déchèterie de Montlouis sur Loire (Montlouis-sur-Loire, 4.5 km)]] — 0247255550\n[[https://www.google.com/maps?q=47.4327,0.84376|Déchèterie de Vernou sur Brenne (Vernou-sur-Brenne, 9.3 km)]] — 0247255550\n[[https://www.google.com/maps?q=47.2984,0.794477|Déchèterie la Pommeraye Esvres sur Indre (Esvres, 10.5 km)]] — 0247267373\n[[https://www.google.com/maps/search/d%C3%A9ch%C3%A8terie/@47.385516,0.741158,12z|Toutes les déchèteries autour du site 🗑️]]",
    "origine": "import",
    "campagne": "Espaces Verts 2026 P2-ENSIO",
    "towerco": "TOTEM",
    "ressources": "SEE ALL (ST ENSIO)",
    "nom_site": "TOURS_BOIS_DE_PLANTE",
    "adresse": "AVENUE YVES FARGES ZI DES YVAUDIERES NIDT 5636N1",
    "departement": "37",
    "scope": "EV",
    "calque": "mp-ev-2026-p2-ensio",
    "code_fra": "FRA03700175",
    "acces_autonome": "a_confirmer",
    "acces_motif": "fiche d'accès vide",
    "_umap_options": {
     "color": "#67718A",
     "iconClass": "Ball"
    }
   }
  },
  {
   "type": "Feature",
   "geometry": {
    "type": "Point",
    "coordinates": [
     0.598611,
     47.130833
    ]
   },
   "properties": {
    "name": "FRA03700176 — ST_EPAIN_SOUVRES_TGV",
    "description": "**Scope de maintenance** : EV\n**Verdict d'autonomie** : a_confirmer\n**Motif du verdict** : fiche d'accès vide\n**Campagne d'appartenance** : Espaces Verts 2026 P2-ENSIO\n**Donneur d'ordre de la campagne** : TOTEM\n**Colonne Ressources du périmètre** : SEE ALL (ST ENSIO)\n**Provenance du repère** : import\n**Adresse du site** : Lieu-dit\n**Numéro de département** : 37\n**Nom du site** : ST_EPAIN_SOUVRES_TGV\n**Coordonnées** : 47.130833, 0.598611\n[[https://www.google.com/maps?q=47.130833,0.598611|Google Maps 🌍]] · [[https://www.google.com/maps/@?api=1&map_action=pano&viewpoint=47.130833,0.598611|Street View]]\n**Déchèteries pro les plus proches** :\n[[https://www.google.com/maps?q=47.115,0.575574|Déchèterie de Noyant de Touraine (Noyant-de-Touraine, 2.5 km)]] — 0247658827\n[[https://www.google.com/maps?q=47.1237,0.435958|Déchèterie de l'île Bouchard (L'Île-Bouchard, 12.3 km)]] — 0247970214\n[[https://www.google.com/maps?q=47.0105,0.562524|Déchèterie de Ports sur Vienne (Ports, 13.7 km)]] — 0247658827\n[[https://www.google.com/maps/search/d%C3%A9ch%C3%A8terie/@47.130833,0.598611,12z|Toutes les déchèteries autour du site 🗑️]]",
    "origine": "import",
    "campagne": "Espaces Verts 2026 P2-ENSIO",
    "towerco": "TOTEM",
    "ressources": "SEE ALL (ST ENSIO)",
    "nom_site": "ST_EPAIN_SOUVRES_TGV",
    "adresse": "Lieu-dit",
    "departement": "37",
    "scope": "EV",
    "calque": "mp-ev-2026-p2-ensio",
    "code_fra": "FRA03700176",
    "acces_autonome": "a_confirmer",
    "acces_motif": "fiche d'accès vide",
    "_umap_options": {
     "color": "#67718A",
     "iconClass": "Ball"
    }
   }
  },
  {
   "type": "Feature",
   "geometry": {
    "type": "Point",
    "coordinates": [
     0.659996,
     47.158052
    ]
   },
   "properties": {
    "name": "FRA03700177 — STE_CATHERINE_DE_FIERBOIS",
    "description": "**Scope de maintenance** : EV\n**Verdict d'autonomie** : a_confirmer\n**Motif du verdict** : fiche d'accès vide\n**Campagne d'appartenance** : Espaces Verts 2026 P2-ENSIO\n**Donneur d'ordre de la campagne** : TOTEM\n**Colonne Ressources du périmètre** : SEE ALL (ST ENSIO)\n**Provenance du repère** : import\n**Adresse du site** : Lieu-dit\n**Numéro de département** : 37\n**Nom du site** : STE_CATHERINE_DE_FIERBOIS\n**Coordonnées** : 47.158052, 0.659996\n[[https://www.google.com/maps?q=47.158052,0.659996|Google Maps 🌍]] · [[https://www.google.com/maps/@?api=1&map_action=pano&viewpoint=47.158052,0.659996|Street View]]\n**Déchèteries pro les plus proches** :\n[[https://www.google.com/maps?q=47.115,0.575574|Déchèterie de Noyant de Touraine (Noyant-de-Touraine, 8.0 km)]] — 0247658827\n[[https://www.google.com/maps?q=47.2575,0.680278|Déchèterie Ramage Sorigny (Sorigny, 11.2 km)]]\n[[https://www.google.com/maps?q=47.2351,0.759403|Déchèterie les Coquettes Saint-branchs (Saint-Branchs, 11.4 km)]] — 0247267373\n[[https://www.google.com/maps/search/d%C3%A9ch%C3%A8terie/@47.158052,0.659996,12z|Toutes les déchèteries autour du site 🗑️]]",
    "origine": "import",
    "campagne": "Espaces Verts 2026 P2-ENSIO",
    "towerco": "TOTEM",
    "ressources": "SEE ALL (ST ENSIO)",
    "nom_site": "STE_CATHERINE_DE_FIERBOIS",
    "adresse": "Lieu-dit",
    "departement": "37",
    "scope": "EV",
    "calque": "mp-ev-2026-p2-ensio",
    "code_fra": "FRA03700177",
    "acces_autonome": "a_confirmer",
    "acces_motif": "fiche d'accès vide",
    "_umap_options": {
     "color": "#67718A",
     "iconClass": "Ball"
    }
   }
  },
  {
   "type": "Feature",
   "geometry": {
    "type": "Point",
    "coordinates": [
     0.547439,
     46.965719
    ]
   },
   "properties": {
    "name": "FRA03700178 — ANTOGNY_LE_TILLAC_A10_NEW",
    "description": "**Scope de maintenance** : EV\n**Verdict d'autonomie** : a_confirmer\n**Motif du verdict** : fiche d'accès vide\n**Campagne d'appartenance** : Espaces Verts 2026 P2-ENSIO\n**Donneur d'ordre de la campagne** : TOTEM\n**Colonne Ressources du périmètre** : SEE ALL (ST ENSIO)\n**Provenance du repère** : import\n**Adresse du site** : Lieu-dit Les Chambons\n**Numéro de département** : 37\n**Nom du site** : ANTOGNY_LE_TILLAC_A10_NEW\n**Coordonnées** : 46.965719, 0.547439\n[[https://www.google.com/maps?q=46.965719,0.547439|Google Maps 🌍]] · [[https://www.google.com/maps/@?api=1&map_action=pano&viewpoint=46.965719,0.547439|Street View]]\n**Déchèteries pro les plus proches** :\n[[https://www.google.com/maps?q=47.0105,0.562524|Déchèterie de Ports sur Vienne (Ports, 5.1 km)]] — 0247658827\n[[https://www.google.com/maps?q=46.929,0.608361|Déchèterie de Dangé-saint-romain (Dangé-Saint-Romain, 6.2 km)]] — 0784394852\n[[https://www.google.com/maps?q=46.9814,0.673157|Déchèterie de Descartes (Descartes, 9.7 km)]] — 0640659685\n[[https://www.google.com/maps/search/d%C3%A9ch%C3%A8terie/@46.965719,0.547439,12z|Toutes les déchèteries autour du site 🗑️]]",
    "origine": "import",
    "campagne": "Espaces Verts 2026 P2-ENSIO",
    "towerco": "TOTEM",
    "ressources": "SEE ALL (ST ENSIO)",
    "nom_site": "ANTOGNY_LE_TILLAC_A10_NEW",
    "adresse": "Lieu-dit Les Chambons",
    "departement": "37",
    "scope": "EV",
    "calque": "mp-ev-2026-p2-ensio",
    "code_fra": "FRA03700178",
    "acces_autonome": "a_confirmer",
    "acces_motif": "fiche d'accès vide",
    "_umap_options": {
     "color": "#67718A",
     "iconClass": "Ball"
    }
   }
  },
  {
   "type": "Feature",
   "geometry": {
    "type": "Point",
    "coordinates": [
     0.571667,
     47.035556
    ]
   },
   "properties": {
    "name": "FRA03700179 — MAILLE_PEROU_LGV_LISEA10A",
    "description": "**Scope de maintenance** : EV\n**Verdict d'autonomie** : a_confirmer\n**Motif du verdict** : fiche d'accès vide\n**Campagne d'appartenance** : Espaces Verts 2026 P2-ENSIO\n**Donneur d'ordre de la campagne** : TOTEM\n**Colonne Ressources du périmètre** : SEE ALL (ST ENSIO)\n**Provenance du repère** : import\n**Adresse du site** : Lieu-dit :\n**Numéro de département** : 37\n**Nom du site** : MAILLE_PEROU_LGV_LISEA10A\n**Coordonnées** : 47.035556, 0.571667\n[[https://www.google.com/maps?q=47.035556,0.571667|Google Maps 🌍]] · [[https://www.google.com/maps/@?api=1&map_action=pano&viewpoint=47.035556,0.571667|Street View]]\n**Déchèteries pro les plus proches** :\n[[https://www.google.com/maps?q=47.0105,0.562524|Déchèterie de Ports sur Vienne (Ports, 2.9 km)]] — 0247658827\n[[https://www.google.com/maps?q=47.115,0.575574|Déchèterie de Noyant de Touraine (Noyant-de-Touraine, 8.8 km)]] — 0247658827\n[[https://www.google.com/maps?q=46.9814,0.673157|Déchèterie de Descartes (Descartes, 9.8 km)]] — 0640659685\n[[https://www.google.com/maps/search/d%C3%A9ch%C3%A8terie/@47.035556,0.571667,12z|Toutes les déchèteries autour du site 🗑️]]",
    "origine": "import",
    "campagne": "Espaces Verts 2026 P2-ENSIO",
    "towerco": "TOTEM",
    "ressources": "SEE ALL (ST ENSIO)",
    "nom_site": "MAILLE_PEROU_LGV_LISEA10A",
    "adresse": "Lieu-dit :",
    "departement": "37",
    "scope": "EV",
    "calque": "mp-ev-2026-p2-ensio",
    "code_fra": "FRA03700179",
    "acces_autonome": "a_confirmer",
    "acces_motif": "fiche d'accès vide",
    "_umap_options": {
     "color": "#67718A",
     "iconClass": "Ball"
    }
   }
  },
  {
   "type": "Feature",
   "geometry": {
    "type": "Point",
    "coordinates": [
     0.664852,
     47.103856
    ]
   },
   "properties": {
    "name": "FRA03700180 — SEPMES_LGV_LISEA08",
    "description": "**Scope de maintenance** : EV\n**Verdict d'autonomie** : a_confirmer\n**Motif du verdict** : fiche d'accès vide\n**Campagne d'appartenance** : Espaces Verts 2026 P2-ENSIO\n**Donneur d'ordre de la campagne** : TOTEM\n**Colonne Ressources du périmètre** : SEE ALL (ST ENSIO)\n**Provenance du repère** : import\n**Adresse du site** : Lieu-dit : Le Carroi des Louasses\n**Numéro de département** : 37\n**Nom du site** : SEPMES_LGV_LISEA08\n**Coordonnées** : 47.103856, 0.664852\n[[https://www.google.com/maps?q=47.103856,0.664852|Google Maps 🌍]] · [[https://www.google.com/maps/@?api=1&map_action=pano&viewpoint=47.103856,0.664852|Street View]]\n**Déchèteries pro les plus proches** :\n[[https://www.google.com/maps?q=47.115,0.575574|Déchèterie de Noyant de Touraine (Noyant-de-Touraine, 6.9 km)]] — 0247658827\n[[https://www.google.com/maps?q=47.0809,0.774274|Déchèterie de la Chapelle Blanche Saint Martin (La Chapelle-Blanche-Saint-Martin, 8.7 km)]] — 0247599373\n[[https://www.google.com/maps?q=47.0105,0.562524|Déchèterie de Ports sur Vienne (Ports, 13.0 km)]] — 0247658827\n[[https://www.google.com/maps/search/d%C3%A9ch%C3%A8terie/@47.103856,0.664852,12z|Toutes les déchèteries autour du site 🗑️]]",
    "origine": "import",
    "campagne": "Espaces Verts 2026 P2-ENSIO",
    "towerco": "TOTEM",
    "ressources": "SEE ALL (ST ENSIO)",
    "nom_site": "SEPMES_LGV_LISEA08",
    "adresse": "Lieu-dit : Le Carroi des Louasses",
    "departement": "37",
    "scope": "EV",
    "calque": "mp-ev-2026-p2-ensio",
    "code_fra": "FRA03700180",
    "acces_autonome": "a_confirmer",
    "acces_motif": "fiche d'accès vide",
    "_umap_options": {
     "color": "#67718A",
     "iconClass": "Ball"
    }
   }
  },
  {
   "type": "Feature",
   "geometry": {
    "type": "Point",
    "coordinates": [
     0.607521,
     47.059043
    ]
   },
   "properties": {
    "name": "FRA03700181 — MAILLE_MOUSS_LGV_LISEA09",
    "description": "**Scope de maintenance** : EV\n**Verdict d'autonomie** : a_confirmer\n**Motif du verdict** : fiche d'accès vide\n**Campagne d'appartenance** : Espaces Verts 2026 P2-ENSIO\n**Donneur d'ordre de la campagne** : TOTEM\n**Colonne Ressources du périmètre** : SEE ALL (ST ENSIO)\n**Provenance du repère** : import\n**Adresse du site** : Lieu-dit : Les Merdes de Chattes\n**Numéro de département** : 37\n**Nom du site** : MAILLE_MOUSS_LGV_LISEA09\n**Coordonnées** : 47.059043, 0.607521\n[[https://www.google.com/maps?q=47.059043,0.607521|Google Maps 🌍]] · [[https://www.google.com/maps/@?api=1&map_action=pano&viewpoint=47.059043,0.607521|Street View]]\n**Déchèteries pro les plus proches** :\n[[https://www.google.com/maps?q=47.0105,0.562524|Déchèterie de Ports sur Vienne (Ports, 6.4 km)]] — 0247658827\n[[https://www.google.com/maps?q=47.115,0.575574|Déchèterie de Noyant de Touraine (Noyant-de-Touraine, 6.7 km)]] — 0247658827\n[[https://www.google.com/maps?q=46.9814,0.673157|Déchèterie de Descartes (Descartes, 10.0 km)]] — 0640659685\n[[https://www.google.com/maps/search/d%C3%A9ch%C3%A8terie/@47.059043,0.607521,12z|Toutes les déchèteries autour du site 🗑️]]",
    "origine": "import",
    "campagne": "Espaces Verts 2026 P2-ENSIO",
    "towerco": "TOTEM",
    "ressources": "SEE ALL (ST ENSIO)",
    "nom_site": "MAILLE_MOUSS_LGV_LISEA09",
    "adresse": "Lieu-dit : Les Merdes de Chattes",
    "departement": "37",
    "scope": "EV",
    "calque": "mp-ev-2026-p2-ensio",
    "code_fra": "FRA03700181",
    "acces_autonome": "a_confirmer",
    "acces_motif": "fiche d'accès vide",
    "_umap_options": {
     "color": "#67718A",
     "iconClass": "Ball"
    }
   }
  },
  {
   "type": "Feature",
   "geometry": {
    "type": "Point",
    "coordinates": [
     0.640377,
     47.080689
    ]
   },
   "properties": {
    "name": "FRA03700182 — DRACHE_RANDOUX_LGV",
    "description": "**Scope de maintenance** : EV\n**Verdict d'autonomie** : a_confirmer\n**Motif du verdict** : fiche d'accès vide\n**Campagne d'appartenance** : Espaces Verts 2026 P2-ENSIO\n**Donneur d'ordre de la campagne** : TOTEM\n**Colonne Ressources du périmètre** : SEE ALL (ST ENSIO)\n**Provenance du repère** : import\n**Adresse du site** : Lieu-dit Taille de Randoux\n**Numéro de département** : 37\n**Nom du site** : DRACHE_RANDOUX_LGV\n**Coordonnées** : 47.080689, 0.640377\n[[https://www.google.com/maps?q=47.080689,0.640377|Google Maps 🌍]] · [[https://www.google.com/maps/@?api=1&map_action=pano&viewpoint=47.080689,0.640377|Street View]]\n**Déchèteries pro les plus proches** :\n[[https://www.google.com/maps?q=47.115,0.575574|Déchèterie de Noyant de Touraine (Noyant-de-Touraine, 6.2 km)]] — 0247658827\n[[https://www.google.com/maps?q=47.0105,0.562524|Déchèterie de Ports sur Vienne (Ports, 9.8 km)]] — 0247658827\n[[https://www.google.com/maps?q=47.0809,0.774274|Déchèterie de la Chapelle Blanche Saint Martin (La Chapelle-Blanche-Saint-Martin, 10.1 km)]] — 0247599373\n[[https://www.google.com/maps/search/d%C3%A9ch%C3%A8terie/@47.080689,0.640377,12z|Toutes les déchèteries autour du site 🗑️]]",
    "origine": "import",
    "campagne": "Espaces Verts 2026 P2-ENSIO",
    "towerco": "TOTEM",
    "ressources": "SEE ALL (ST ENSIO)",
    "nom_site": "DRACHE_RANDOUX_LGV",
    "adresse": "Lieu-dit Taille de Randoux",
    "departement": "37",
    "scope": "EV",
    "calque": "mp-ev-2026-p2-ensio",
    "code_fra": "FRA03700182",
    "acces_autonome": "a_confirmer",
    "acces_motif": "fiche d'accès vide",
    "_umap_options": {
     "color": "#67718A",
     "iconClass": "Ball"
    }
   }
  },
  {
   "type": "Feature",
   "geometry": {
    "type": "Point",
    "coordinates": [
     0.681045,
     47.133405
    ]
   },
   "properties": {
    "name": "FRA03700183 — ST_MAURE_TOURAINE_LGV",
    "description": "**Scope de maintenance** : EV\n**Verdict d'autonomie** : a_confirmer\n**Motif du verdict** : fiche d'accès vide\n**Campagne d'appartenance** : Espaces Verts 2026 P2-ENSIO\n**Donneur d'ordre de la campagne** : TOTEM\n**Colonne Ressources du périmètre** : SEE ALL (ST ENSIO)\n**Provenance du repère** : import\n**Adresse du site** : Lieu-dit : La Boisselière\n**Numéro de département** : 37\n**Nom du site** : ST_MAURE_TOURAINE_LGV\n**Coordonnées** : 47.133405, 0.681045\n[[https://www.google.com/maps?q=47.133405,0.681045|Google Maps 🌍]] · [[https://www.google.com/maps/@?api=1&map_action=pano&viewpoint=47.133405,0.681045|Street View]]\n**Déchèteries pro les plus proches** :\n[[https://www.google.com/maps?q=47.115,0.575574|Déchèterie de Noyant de Touraine (Noyant-de-Touraine, 8.2 km)]] — 0247658827\n[[https://www.google.com/maps?q=47.0809,0.774274|Déchèterie de la Chapelle Blanche Saint Martin (La Chapelle-Blanche-Saint-Martin, 9.2 km)]] — 0247599373\n[[https://www.google.com/maps?q=47.2351,0.759403|Déchèterie les Coquettes Saint-branchs (Saint-Branchs, 12.8 km)]] — 0247267373\n[[https://www.google.com/maps/search/d%C3%A9ch%C3%A8terie/@47.133405,0.681045,12z|Toutes les déchèteries autour du site 🗑️]]",
    "origine": "import",
    "campagne": "Espaces Verts 2026 P2-ENSIO",
    "towerco": "TOTEM",
    "ressources": "SEE ALL (ST ENSIO)",
    "nom_site": "ST_MAURE_TOURAINE_LGV",
    "adresse": "Lieu-dit : La Boisselière",
    "departement": "37",
    "scope": "EV",
    "calque": "mp-ev-2026-p2-ensio",
    "code_fra": "FRA03700183",
    "acces_autonome": "a_confirmer",
    "acces_motif": "fiche d'accès vide",
    "_umap_options": {
     "color": "#67718A",
     "iconClass": "Ball"
    }
   }
  },
  {
   "type": "Feature",
   "geometry": {
    "type": "Point",
    "coordinates": [
     0.660371,
     47.176431
    ]
   },
   "properties": {
    "name": "FRA03700184 — STE_CATHERINE_LGV",
    "description": "**Scope de maintenance** : EV\n**Verdict d'autonomie** : a_confirmer\n**Motif du verdict** : fiche d'accès vide\n**Campagne d'appartenance** : Espaces Verts 2026 P2-ENSIO\n**Donneur d'ordre de la campagne** : TOTEM\n**Colonne Ressources du périmètre** : SEE ALL (ST ENSIO)\n**Provenance du repère** : import\n**Adresse du site** : Lieu-dit La Poste\n**Numéro de département** : 37\n**Nom du site** : STE_CATHERINE_LGV\n**Coordonnées** : 47.176431, 0.660371\n[[https://www.google.com/maps?q=47.176431,0.660371|Google Maps 🌍]] · [[https://www.google.com/maps/@?api=1&map_action=pano&viewpoint=47.176431,0.660371|Street View]]\n**Déchèteries pro les plus proches** :\n[[https://www.google.com/maps?q=47.2575,0.680278|Déchèterie Ramage Sorigny (Sorigny, 9.1 km)]]\n[[https://www.google.com/maps?q=47.115,0.575574|Déchèterie de Noyant de Touraine (Noyant-de-Touraine, 9.4 km)]] — 0247658827\n[[https://www.google.com/maps?q=47.2351,0.759403|Déchèterie les Coquettes Saint-branchs (Saint-Branchs, 9.9 km)]] — 0247267373\n[[https://www.google.com/maps/search/d%C3%A9ch%C3%A8terie/@47.176431,0.660371,12z|Toutes les déchèteries autour du site 🗑️]]",
    "origine": "import",
    "campagne": "Espaces Verts 2026 P2-ENSIO",
    "towerco": "TOTEM",
    "ressources": "SEE ALL (ST ENSIO)",
    "nom_site": "STE_CATHERINE_LGV",
    "adresse": "Lieu-dit La Poste",
    "departement": "37",
    "scope": "EV",
    "calque": "mp-ev-2026-p2-ensio",
    "code_fra": "FRA03700184",
    "acces_autonome": "a_confirmer",
    "acces_motif": "fiche d'accès vide",
    "_umap_options": {
     "color": "#67718A",
     "iconClass": "Ball"
    }
   }
  },
  {
   "type": "Feature",
   "geometry": {
    "type": "Point",
    "coordinates": [
     0.133507,
     47.291074
    ]
   },
   "properties": {
    "name": "FRA03700190 — ST_NICOLAS_DE_BOURGUEIL",
    "description": "**Scope de maintenance** : EV\n**Verdict d'autonomie** : a_confirmer\n**Motif du verdict** : fiche d'accès vide\n**Campagne d'appartenance** : Espaces Verts 2026 P2-ENSIO\n**Donneur d'ordre de la campagne** : TOTEM\n**Colonne Ressources du périmètre** : SEE ALL (ST ENSIO)\n**Provenance du repère** : import\n**Adresse du site** : 2 LES FAUX G Rue de la Martellière\n**Numéro de département** : 37\n**Nom du site** : ST_NICOLAS_DE_BOURGUEIL\n**Coordonnées** : 47.291074, 0.133507\n[[https://www.google.com/maps?q=47.291074,0.133507|Google Maps 🌍]] · [[https://www.google.com/maps/@?api=1&map_action=pano&viewpoint=47.291074,0.133507|Street View]]\n**Déchèteries pro les plus proches** :\n[[https://www.google.com/maps?q=47.2736,0.160955|Déchèterie de Bourgueuil (BOURGUEIL, 2.8 km)]] — 0247978975\n[[https://www.google.com/maps?q=47.2948,0.0295244|Déchèterie d'Allonnes (Allonnes, 7.9 km)]] — 0241520155\n[[https://www.google.com/maps?q=47.33,0.232111|Déchèterie de Benais (BENAIS, 8.6 km)]]\n[[https://www.google.com/maps/search/d%C3%A9ch%C3%A8terie/@47.291074,0.133507,12z|Toutes les déchèteries autour du site 🗑️]]",
    "origine": "import",
    "campagne": "Espaces Verts 2026 P2-ENSIO",
    "towerco": "TOTEM",
    "ressources": "SEE ALL (ST ENSIO)",
    "nom_site": "ST_NICOLAS_DE_BOURGUEIL",
    "adresse": "2 LES FAUX G Rue de la Martellière",
    "departement": "37",
    "scope": "EV",
    "calque": "mp-ev-2026-p2-ensio",
    "code_fra": "FRA03700190",
    "acces_autonome": "a_confirmer",
    "acces_motif": "fiche d'accès vide",
    "_umap_options": {
     "color": "#67718A",
     "iconClass": "Ball"
    }
   }
  },
  {
   "type": "Feature",
   "geometry": {
    "type": "Point",
    "coordinates": [
     0.271798,
     47.480479
    ]
   },
   "properties": {
    "name": "FRA03700191 — CHANNAY_SUR_LATHAN",
    "description": "**Scope de maintenance** : EV\n**Verdict d'autonomie** : a_confirmer\n**Motif du verdict** : fiche d'accès vide\n**Campagne d'appartenance** : Espaces Verts 2026 P2-ENSIO\n**Donneur d'ordre de la campagne** : TOTEM\n**Colonne Ressources du périmètre** : SEE ALL (ST ENSIO)\n**Provenance du repère** : import\n**Adresse du site** : 35 Rue de Touraine\n**Numéro de département** : 37\n**Nom du site** : CHANNAY_SUR_LATHAN\n**Coordonnées** : 47.480479, 0.271798\n[[https://www.google.com/maps?q=47.480479,0.271798|Google Maps 🌍]] · [[https://www.google.com/maps/@?api=1&map_action=pano&viewpoint=47.480479,0.271798|Street View]]\n**Déchèteries pro les plus proches** :\n[[https://www.google.com/maps?q=47.5114,0.284467|Déchèterie de Saint Laurent de Lin (Saint-Laurent-de-Lin, 3.6 km)]] — 0247246543\n[[https://www.google.com/maps?q=47.4571,0.307844|Déchèterie de Savigné sur Lathan (Savigné sur lathan, 3.8 km)]]\n[[https://www.google.com/maps?q=47.5181,0.127229|Déchèterie de Noyant (Noyant*, 11.6 km)]] — 0241895114\n[[https://www.google.com/maps/search/d%C3%A9ch%C3%A8terie/@47.480479,0.271798,12z|Toutes les déchèteries autour du site 🗑️]]",
    "origine": "import",
    "campagne": "Espaces Verts 2026 P2-ENSIO",
    "towerco": "TOTEM",
    "ressources": "SEE ALL (ST ENSIO)",
    "nom_site": "CHANNAY_SUR_LATHAN",
    "adresse": "35 Rue de Touraine",
    "departement": "37",
    "scope": "EV",
    "calque": "mp-ev-2026-p2-ensio",
    "code_fra": "FRA03700191",
    "acces_autonome": "a_confirmer",
    "acces_motif": "fiche d'accès vide",
    "_umap_options": {
     "color": "#67718A",
     "iconClass": "Ball"
    }
   }
  },
  {
   "type": "Feature",
   "geometry": {
    "type": "Point",
    "coordinates": [
     0.986522,
     47.429816
    ]
   },
   "properties": {
    "name": "FRA03700200 — AMBOISE_NEW",
    "description": "**Scope de maintenance** : EV\n**Verdict d'autonomie** : a_confirmer\n**Motif du verdict** : fiche d'accès vide\n**Campagne d'appartenance** : Espaces Verts 2026 P2-ENSIO\n**Donneur d'ordre de la campagne** : TOTEM\n**Colonne Ressources du périmètre** : SEE ALL (ST ENSIO)\n**Provenance du repère** : import\n**Adresse du site** : LA VARENNE DE POCE\n**Numéro de département** : 37\n**Nom du site** : AMBOISE_NEW\n**Coordonnées** : 47.429816, 0.986522\n[[https://www.google.com/maps?q=47.429816,0.986522|Google Maps 🌍]] · [[https://www.google.com/maps/@?api=1&map_action=pano&viewpoint=47.429816,0.986522|Street View]]\n**Déchèteries pro les plus proches** :\n[[https://www.google.com/maps?q=47.4136,1.00894|Déchèterie d'Amboise (Amboise, 2.5 km)]] — 0247234744\n[[https://www.google.com/maps?q=47.4327,0.84376|Déchèterie de Vernou sur Brenne (Vernou-sur-Brenne, 10.7 km)]] — 0247255550\n[[https://www.google.com/maps?q=47.519,0.91555|Déchèterie de Neuillé le Lierre (Neuillé-le-Lierre, 11.3 km)]] — 0247296669\n[[https://www.google.com/maps/search/d%C3%A9ch%C3%A8terie/@47.429816,0.986522,12z|Toutes les déchèteries autour du site 🗑️]]",
    "origine": "import",
    "campagne": "Espaces Verts 2026 P2-ENSIO",
    "towerco": "TOTEM",
    "ressources": "SEE ALL (ST ENSIO)",
    "nom_site": "AMBOISE_NEW",
    "adresse": "LA VARENNE DE POCE",
    "departement": "37",
    "scope": "EV",
    "calque": "mp-ev-2026-p2-ensio",
    "code_fra": "FRA03700200",
    "acces_autonome": "a_confirmer",
    "acces_motif": "fiche d'accès vide",
    "_umap_options": {
     "color": "#67718A",
     "iconClass": "Ball"
    }
   }
  },
  {
   "type": "Feature",
   "geometry": {
    "type": "Point",
    "coordinates": [
     0.307183,
     47.479635
    ]
   },
   "properties": {
    "name": "FRA03700210 — ND_RS_COURCELLES_DE_TOURAINE_ORF",
    "description": "**Scope de maintenance** : EV\n**Verdict d'autonomie** : a_confirmer\n**Motif du verdict** : fiche d'accès vide\n**Campagne d'appartenance** : Espaces Verts 2026 P2-ENSIO\n**Donneur d'ordre de la campagne** : TOTEM\n**Colonne Ressources du périmètre** : SEE ALL (ST ENSIO)\n**Provenance du repère** : import\n**Adresse du site** : 11 Rue du Stade\n**Numéro de département** : 37\n**Nom du site** : ND_RS_COURCELLES_DE_TOURAINE_ORF\n**Coordonnées** : 47.479635, 0.307183\n[[https://www.google.com/maps?q=47.479635,0.307183|Google Maps 🌍]] · [[https://www.google.com/maps/@?api=1&map_action=pano&viewpoint=47.479635,0.307183|Street View]]\n**Déchèteries pro les plus proches** :\n[[https://www.google.com/maps?q=47.4571,0.307844|Déchèterie de Savigné sur Lathan (Savigné sur lathan, 2.5 km)]]\n[[https://www.google.com/maps?q=47.5114,0.284467|Déchèterie de Saint Laurent de Lin (Saint-Laurent-de-Lin, 3.9 km)]] — 0247246543\n[[https://www.google.com/maps?q=47.5181,0.127229|Déchèterie de Noyant (Noyant*, 14.2 km)]] — 0241895114\n[[https://www.google.com/maps/search/d%C3%A9ch%C3%A8terie/@47.479635,0.307183,12z|Toutes les déchèteries autour du site 🗑️]]",
    "origine": "import",
    "campagne": "Espaces Verts 2026 P2-ENSIO",
    "towerco": "TOTEM",
    "ressources": "SEE ALL (ST ENSIO)",
    "nom_site": "ND_RS_COURCELLES_DE_TOURAINE_ORF",
    "adresse": "11 Rue du Stade",
    "departement": "37",
    "scope": "EV",
    "calque": "mp-ev-2026-p2-ensio",
    "code_fra": "FRA03700210",
    "acces_autonome": "a_confirmer",
    "acces_motif": "fiche d'accès vide",
    "_umap_options": {
     "color": "#67718A",
     "iconClass": "Ball"
    }
   }
  },
  {
   "type": "Feature",
   "geometry": {
    "type": "Point",
    "coordinates": [
     0.867407,
     47.172203
    ]
   },
   "properties": {
    "name": "FRA03700216 — ND_RS_DOLUS_LE_SEC_ORF",
    "description": "**Scope de maintenance** : EV\n**Verdict d'autonomie** : a_confirmer\n**Motif du verdict** : fiche d'accès vide\n**Campagne d'appartenance** : Espaces Verts 2026 P2-ENSIO\n**Donneur d'ordre de la campagne** : TOTEM\n**Colonne Ressources du périmètre** : SEE ALL (ST ENSIO)\n**Provenance du repère** : import\n**Adresse du site** : Grange Neuve Dolus-le-Sec Grande Neuve\n**Numéro de département** : 37\n**Nom du site** : ND_RS_DOLUS_LE_SEC_ORF\n**Coordonnées** : 47.172203, 0.867407\n[[https://www.google.com/maps?q=47.172203,0.867407|Google Maps 🌍]] · [[https://www.google.com/maps/@?api=1&map_action=pano&viewpoint=47.172203,0.867407|Street View]]\n**Déchèteries pro les plus proches** :\n[[https://www.google.com/maps?q=47.2584,0.832679|Déchèterie de Tauxigny St Bauld (Tauxigny*, 9.9 km)]] — 0247431866\n[[https://www.google.com/maps?q=47.14,0.992367|Déchèterie de Loches (Loches, 10.1 km)]] — 0681934762\n[[https://www.google.com/maps?q=47.2351,0.759403|Déchèterie les Coquettes Saint-branchs (Saint-Branchs, 10.7 km)]] — 0247267373\n[[https://www.google.com/maps/search/d%C3%A9ch%C3%A8terie/@47.172203,0.867407,12z|Toutes les déchèteries autour du site 🗑️]]",
    "origine": "import",
    "campagne": "Espaces Verts 2026 P2-ENSIO",
    "towerco": "TOTEM",
    "ressources": "SEE ALL (ST ENSIO)",
    "nom_site": "ND_RS_DOLUS_LE_SEC_ORF",
    "adresse": "Grange Neuve Dolus-le-Sec Grande Neuve",
    "departement": "37",
    "scope": "EV",
    "calque": "mp-ev-2026-p2-ensio",
    "code_fra": "FRA03700216",
    "acces_autonome": "a_confirmer",
    "acces_motif": "fiche d'accès vide",
    "_umap_options": {
     "color": "#67718A",
     "iconClass": "Ball"
    }
   }
  }
 ],
 "_umap_options": {
  "name": "Espaces Verts 2026 P2-ENSIO",
  "displayOnLoad": true,
  "browsable": true,
  "popupTemplate": "Default"
 }
}
