{
 "type": "FeatureCollection",
 "features": [
  {
   "type": "Feature",
   "geometry": {
    "type": "Point",
    "coordinates": [
     3.329642,
     46.579756
    ]
   },
   "properties": {
    "name": "FRA00300002 — MOULINS_CHARTREUX",
    "description": "**Numéro de Work Order** : WO-223740 + WO-244488\n**État du WO** : Travaux planifiés\n**Scope de maintenance** : EV - Espaces Verts\n**Date de planification** : 2026-09-14\n**Nécessité d'une nacelle** : oui\n**Verdict d'autonomie** : autonome\n**Motif du verdict** : clé électronique ILOQ ou ABLOY\n**Campagne d'appartenance** : Espaces Verts 2026 P2-SEE ALL\n**Donneur d'ordre de la campagne** : TOTEM\n**Colonne Ressources du périmètre** : SEE ALL\n**Provenance du repère** : airtable\n**Adresse du site** : Rue PARMENTIER Ateliers MUNICIPAUX\n**Numéro de département** : 3\n**Nom du site** : MOULINS_CHARTREUX\n**Coordonnées** : 46.579756, 3.329642\n[[https://www.google.com/maps?q=46.579756,3.329642|Google Maps 🌍]] · [[https://www.google.com/maps/@?api=1&map_action=pano&viewpoint=46.579756,3.329642|Street View]]\n**Déchèteries pro les plus proches** :\n[[https://www.google.com/maps?q=46.3833,3.29093|Déchèterie de Monetay sur Allier (Monétay-sur-Allier, 22.0 km)]] — 0673673673\n[[https://www.google.com/maps?q=46.7454,3.17053|Déchèterie de Chantenay Saint Imbert (Chantenay-Saint-Imbert, 22.1 km)]] — 0386386256\n[[https://www.google.com/maps?q=46.423,3.07617|Déchèterie du Tronget (Tronget, 26.1 km)]] — 0473673673\n[[https://www.google.com/maps/search/d%C3%A9ch%C3%A8terie/@46.579756,3.329642,12z|Toutes les déchèteries autour du site 🗑️]]\n\n**Fiche d'accès**\nDigicode: NON Badge: Boite à clés: Non Portail / Portillon: Mécanique Délais de prévenance: Accès équipement(s): Badge: Clés: Cadenas: Accès aérien(s): Digicode: NON Badge: Clés: Clé électronique ABLOY Cadenas: Commentaire d'accès:",
    "origine": "airtable",
    "campagne": "Espaces Verts 2026 P2-SEE ALL",
    "towerco": "TOTEM",
    "ressources": "SEE ALL",
    "nom_site": "MOULINS_CHARTREUX",
    "adresse": "Rue PARMENTIER Ateliers MUNICIPAUX",
    "departement": "3",
    "etat_wo": "Travaux planifiés",
    "wo": "WO-223740 + WO-244488",
    "scope": "EV - Espaces Verts",
    "acces_detail": "Digicode: NON Badge: Boite à clés: Non Portail / Portillon: Mécanique Délais de prévenance: Accès équipement(s): Badge: Clés: Cadenas: Accès aérien(s): Digicode: NON Badge: Clés: Clé électronique ABLOY Cadenas: Commentaire d'accès:",
    "date_planification": "2026-09-14",
    "nacelle": true,
    "calque": "mp-ev-2026-p2-seeall",
    "code_fra": "FRA00300002",
    "acces_autonome": "autonome",
    "acces_motif": "clé électronique ILOQ ou ABLOY",
    "_umap_options": {
     "color": "#F59E0B",
     "iconClass": "Default"
    }
   }
  },
  {
   "type": "Feature",
   "geometry": {
    "type": "Point",
    "coordinates": [
     3.314444,
     46.59
    ]
   },
   "properties": {
    "name": "FRA00300004 — AVERMES",
    "description": "**Numéro de Work Order** : WO-225287 + WO-244489\n**État du WO** : Travaux planifiés\n**Scope de maintenance** : EV - Espaces Verts\n**Date de planification** : 2026-09-14\n**Nécessité d'une nacelle** : oui\n**Verdict d'autonomie** : autonome\n**Motif du verdict** : clé électronique ILOQ ou ABLOY\n**Campagne d'appartenance** : Espaces Verts 2026 P2-SEE ALL\n**Donneur d'ordre de la campagne** : TOTEM\n**Colonne Ressources du périmètre** : SEE ALL\n**Provenance du repère** : airtable\n**Adresse du site** : 110 Bis Route de Paris\n**Numéro de département** : 3\n**Nom du site** : AVERMES\n**Coordonnées** : 46.590000, 3.314444\n[[https://www.google.com/maps?q=46.590000,3.314444|Google Maps 🌍]] · [[https://www.google.com/maps/@?api=1&map_action=pano&viewpoint=46.590000,3.314444|Street View]]\n**Déchèteries pro les plus proches** :\n[[https://www.google.com/maps?q=46.7454,3.17053|Déchèterie de Chantenay Saint Imbert (Chantenay-Saint-Imbert, 20.5 km)]] — 0386386256\n[[https://www.google.com/maps?q=46.3833,3.29093|Déchèterie de Monetay sur Allier (Monétay-sur-Allier, 23.1 km)]] — 0673673673\n[[https://www.google.com/maps?q=46.423,3.07617|Déchèterie du Tronget (Tronget, 26.0 km)]] — 0473673673\n[[https://www.google.com/maps/search/d%C3%A9ch%C3%A8terie/@46.590000,3.314444,12z|Toutes les déchèteries autour du site 🗑️]]\n\n**Fiche d'accès**\nDigicode: NON Badge: NON Boite à clés: Non Portail / Portillon: Electronique Délais de prévenance: Accès équipement(s): Badge: Clés: Clé électronique ABLOY Cadenas: Accès aérien(s): Digicode: NON Badge: Clés: Clé électronique ABLOY Cadenas: Commentaire d'accès: sans contraintes /libre",
    "origine": "airtable",
    "campagne": "Espaces Verts 2026 P2-SEE ALL",
    "towerco": "TOTEM",
    "ressources": "SEE ALL",
    "nom_site": "AVERMES",
    "adresse": "110 Bis Route de Paris",
    "departement": "3",
    "etat_wo": "Travaux planifiés",
    "wo": "WO-225287 + WO-244489",
    "scope": "EV - Espaces Verts",
    "acces_detail": "Digicode: NON Badge: NON Boite à clés: Non Portail / Portillon: Electronique Délais de prévenance: Accès équipement(s): Badge: Clés: Clé électronique ABLOY Cadenas: Accès aérien(s): Digicode: NON Badge: Clés: Clé électronique ABLOY Cadenas: Commentaire d'accès: sans contraintes /libre",
    "date_planification": "2026-09-14",
    "nacelle": true,
    "calque": "mp-ev-2026-p2-seeall",
    "code_fra": "FRA00300004",
    "acces_autonome": "autonome",
    "acces_motif": "clé électronique ILOQ ou ABLOY",
    "_umap_options": {
     "color": "#F59E0B",
     "iconClass": "Default"
    }
   }
  },
  {
   "type": "Feature",
   "geometry": {
    "type": "Point",
    "coordinates": [
     3.303169,
     46.602621
    ]
   },
   "properties": {
    "name": "FRA00300012 — CHAVENNES",
    "description": "**Numéro de Work Order** : WO-224548 + WO-244490\n**État du WO** : Travaux planifiés\n**Scope de maintenance** : EV - Espaces Verts\n**Date de planification** : 2026-09-14\n**Nécessité d'une nacelle** : oui\n**Verdict d'autonomie** : autonome\n**Motif du verdict** : clé électronique ILOQ ou ABLOY\n**Campagne d'appartenance** : Espaces Verts 2026 P2-SEE ALL\n**Donneur d'ordre de la campagne** : TOTEM\n**Colonne Ressources du périmètre** : SEE ALL\n**Provenance du repère** : airtable\n**Adresse du site** : les Maisons Neuves\n**Numéro de département** : 3\n**Nom du site** : CHAVENNES\n**Coordonnées** : 46.602621, 3.303169\n[[https://www.google.com/maps?q=46.602621,3.303169|Google Maps 🌍]] · [[https://www.google.com/maps/@?api=1&map_action=pano&viewpoint=46.602621,3.303169|Street View]]\n**Déchèteries pro les plus proches** :\n[[https://www.google.com/maps?q=46.7454,3.17053|Déchèterie de Chantenay Saint Imbert (Chantenay-Saint-Imbert, 18.8 km)]] — 0386386256\n[[https://www.google.com/maps?q=46.3833,3.29093|Déchèterie de Monetay sur Allier (Monétay-sur-Allier, 24.4 km)]] — 0673673673\n[[https://www.google.com/maps?q=46.423,3.07617|Déchèterie du Tronget (Tronget, 26.5 km)]] — 0473673673\n[[https://www.google.com/maps/search/d%C3%A9ch%C3%A8terie/@46.602621,3.303169,12z|Toutes les déchèteries autour du site 🗑️]]\n\n**Fiche d'accès**\nDigicode: NON Badge: Boite à clés: Non Portail / Portillon: Electronique Délais de prévenance: Accès équipement(s): Badge: Clés: Clé électronique ABLOY Cadenas: Accès aérien(s): Digicode: NON Badge: Clés: Clé électronique ABLOY Cadenas: Commentaire d'accès: Commentaire moyen d'accès:abloy",
    "origine": "airtable",
    "campagne": "Espaces Verts 2026 P2-SEE ALL",
    "towerco": "TOTEM",
    "ressources": "SEE ALL",
    "nom_site": "CHAVENNES",
    "adresse": "les Maisons Neuves",
    "departement": "3",
    "etat_wo": "Travaux planifiés",
    "wo": "WO-224548 + WO-244490",
    "scope": "EV - Espaces Verts",
    "acces_detail": "Digicode: NON Badge: Boite à clés: Non Portail / Portillon: Electronique Délais de prévenance: Accès équipement(s): Badge: Clés: Clé électronique ABLOY Cadenas: Accès aérien(s): Digicode: NON Badge: Clés: Clé électronique ABLOY Cadenas: Commentaire d'accès: Commentaire moyen d'accès:abloy",
    "date_planification": "2026-09-14",
    "nacelle": true,
    "calque": "mp-ev-2026-p2-seeall",
    "code_fra": "FRA00300012",
    "acces_autonome": "autonome",
    "acces_motif": "clé électronique ILOQ ou ABLOY",
    "_umap_options": {
     "color": "#F59E0B",
     "iconClass": "Default"
    }
   }
  },
  {
   "type": "Feature",
   "geometry": {
    "type": "Point",
    "coordinates": [
     3.283571,
     46.568082
    ]
   },
   "properties": {
    "name": "FRA00300013 — NEUVY",
    "description": "**Numéro de Work Order** : WO-225501 + WO-244491\n**État du WO** : Travaux planifiés\n**Scope de maintenance** : EV - Espaces Verts\n**Date de planification** : 2026-09-14\n**Nécessité d'une nacelle** : oui\n**Verdict d'autonomie** : autonome\n**Motif du verdict** : clé électronique ILOQ ou ABLOY\n**Campagne d'appartenance** : Espaces Verts 2026 P2-SEE ALL\n**Donneur d'ordre de la campagne** : TOTEM\n**Colonne Ressources du périmètre** : SEE ALL\n**Provenance du repère** : airtable\n**Adresse du site** : 2 W la Péronne\n**Numéro de département** : 3\n**Nom du site** : NEUVY\n**Coordonnées** : 46.568082, 3.283571\n[[https://www.google.com/maps?q=46.568082,3.283571|Google Maps 🌍]] · [[https://www.google.com/maps/@?api=1&map_action=pano&viewpoint=46.568082,3.283571|Street View]]\n**Déchèteries pro les plus proches** :\n[[https://www.google.com/maps?q=46.3833,3.29093|Déchèterie de Monetay sur Allier (Monétay-sur-Allier, 20.6 km)]] — 0673673673\n[[https://www.google.com/maps?q=46.7454,3.17053|Déchèterie de Chantenay Saint Imbert (Chantenay-Saint-Imbert, 21.5 km)]] — 0386386256\n[[https://www.google.com/maps?q=46.423,3.07617|Déchèterie du Tronget (Tronget, 22.6 km)]] — 0473673673\n[[https://www.google.com/maps/search/d%C3%A9ch%C3%A8terie/@46.568082,3.283571,12z|Toutes les déchèteries autour du site 🗑️]]\n\n**Fiche d'accès**\nDigicode: NON Badge: Boite à clés: Oui Portail / Portillon: Mécanique Délais de prévenance: 15.0 Accès équipement(s): Badge: Clés: abloy pour boite a clef et mécanique pour portillion Cadenas: Accès aérien(s): Digicode: NON Badge: Clés: Cadenas: Commentaire d'accès: RA 23/6/25 Conditions d'accès : 24h/24, 7j/7 (boîte à clés) Contact : - secretariat@sivom-rga.fr jeremy.clement@sea-rga.fr Cc : mathieu.labouesse@sea-rga.fr - 04 70 46 81 80 - 04 70 28 61 61",
    "origine": "airtable",
    "campagne": "Espaces Verts 2026 P2-SEE ALL",
    "towerco": "TOTEM",
    "ressources": "SEE ALL",
    "nom_site": "NEUVY",
    "adresse": "2 W la Péronne",
    "departement": "3",
    "etat_wo": "Travaux planifiés",
    "wo": "WO-225501 + WO-244491",
    "scope": "EV - Espaces Verts",
    "acces_detail": "Digicode: NON Badge: Boite à clés: Oui Portail / Portillon: Mécanique Délais de prévenance: 15.0 Accès équipement(s): Badge: Clés: abloy pour boite a clef et mécanique pour portillion Cadenas: Accès aérien(s): Digicode: NON Badge: Clés: Cadenas: Commentaire d'accès: RA 23/6/25 Conditions d'accès : 24h/24, 7j/7 (boîte à clés) Contact : - secretariat@sivom-rga.fr jeremy.clement@sea-rga.fr Cc : mathieu.labouesse@sea-rga.fr - 04 70 46 81 80 - 04 70 28 61 61",
    "date_planification": "2026-09-14",
    "nacelle": true,
    "calque": "mp-ev-2026-p2-seeall",
    "code_fra": "FRA00300013",
    "acces_autonome": "autonome",
    "acces_motif": "clé électronique ILOQ ou ABLOY",
    "_umap_options": {
     "color": "#F59E0B",
     "iconClass": "Default"
    }
   }
  },
  {
   "type": "Feature",
   "geometry": {
    "type": "Point",
    "coordinates": [
     3.648897,
     46.227383
    ]
   },
   "properties": {
    "name": "FRA00300032 — TER_CHATELARD",
    "description": "**Numéro de Work Order** : WO-224550 + WO-244498\n**État du WO** : Travaux planifiés\n**Scope de maintenance** : EV - Espaces Verts\n**Date de planification** : 2026-09-16\n**Verdict d'autonomie** : autonome\n**Motif du verdict** : boîte à clés sur site\n**Campagne d'appartenance** : Espaces Verts 2026 P2-SEE ALL\n**Donneur d'ordre de la campagne** : TOTEM\n**Colonne Ressources du périmètre** : SEE ALL\n**Provenance du repère** : airtable\n**Adresse du site** : Lieu-dit Marmin\n**Numéro de département** : 3\n**Nom du site** : TER_CHATELARD\n**Coordonnées** : 46.227383, 3.648897\n[[https://www.google.com/maps?q=46.227383,3.648897|Google Maps 🌍]] · [[https://www.google.com/maps/@?api=1&map_action=pano&viewpoint=46.227383,3.648897|Street View]]\n**Déchèteries pro les plus proches** :\n[[https://www.google.com/maps?q=46.2374,3.64286|Déchèterie de Saint Prix (Saint-Prix, 1.2 km)]] — 0685017216\n[[https://www.google.com/maps?q=46.2541,3.52402|Déchèterie de Saint Gérand le Puy (Saint-Gérand-le-Puy, 10.1 km)]] — 0680844934\n[[https://www.google.com/maps?q=46.2126,3.44066|Déchèterie de Saint Germain des Fossés (Saint-Germain-des-Fossés, 16.1 km)]] — 0685017214\n[[https://www.google.com/maps/search/d%C3%A9ch%C3%A8terie/@46.227383,3.648897,12z|Toutes les déchèteries autour du site 🗑️]]\n\n**Fiche d'accès**\nDigicode: Badge: Boite à clés: Portail / Portillon: Mécanique Délais de prévenance: 4.0 Accès équipement(s): Badge: Clés: Clé mécanique Cadenas: Accès aérien(s): Digicode: Non Badge: Clés: Clé mécanique Cadenas: Commentaire d'accès: 28/10/2025 Na cockpit O+M: COMMUNE DE SAINT PRIX : 04 70 99 02 83 Pour toute intervention, merci d'envoyer un mail à mairie-st-prix@wanadoo.fr Délai de prévenance: 4 jours à l'avance Accès en autonomie.",
    "origine": "airtable",
    "campagne": "Espaces Verts 2026 P2-SEE ALL",
    "towerco": "TOTEM",
    "ressources": "SEE ALL",
    "nom_site": "TER_CHATELARD",
    "adresse": "Lieu-dit Marmin",
    "departement": "3",
    "etat_wo": "Travaux planifiés",
    "wo": "WO-224550 + WO-244498",
    "scope": "EV - Espaces Verts",
    "acces_detail": "Digicode: Badge: Boite à clés: Portail / Portillon: Mécanique Délais de prévenance: 4.0 Accès équipement(s): Badge: Clés: Clé mécanique Cadenas: Accès aérien(s): Digicode: Non Badge: Clés: Clé mécanique Cadenas: Commentaire d'accès: 28/10/2025 Na cockpit O+M: COMMUNE DE SAINT PRIX : 04 70 99 02 83 Pour toute intervention, merci d'envoyer un mail à mairie-st-prix@wanadoo.fr Délai de prévenance: 4 jours à l'avance Accès en autonomie.",
    "date_planification": "2026-09-16",
    "calque": "mp-ev-2026-p2-seeall",
    "code_fra": "FRA00300032",
    "acces_autonome": "autonome",
    "acces_motif": "boîte à clés sur site",
    "_umap_options": {
     "color": "#F59E0B",
     "iconClass": "Default"
    }
   }
  },
  {
   "type": "Feature",
   "geometry": {
    "type": "Point",
    "coordinates": [
     3.803054,
     46.344992
    ]
   },
   "properties": {
    "name": "FRA00300033 — LE_DONJON",
    "description": "**Numéro de Work Order** : WO-223742 + WO-244499\n**État du WO** : Travaux planifiés\n**Scope de maintenance** : EV - Espaces Verts\n**Date de planification** : 2026-09-16\n**État de consignation du site** : Consigne Particulière\n**Verdict d'autonomie** : non_autonome\n**Motif du verdict** : site DIG Orange, non autonome par prudence\n**Campagne d'appartenance** : Espaces Verts 2026 P2-SEE ALL\n**Donneur d'ordre de la campagne** : TOTEM\n**Colonne Ressources du périmètre** : SEE ALL\n**Provenance du repère** : airtable\n**Adresse du site** : Lieu-dit Les Padeliers CD15 - chemin des Padeliers - Site FT\n**Numéro de département** : 3\n**Nom du site** : LE_DONJON\n**Coordonnées** : 46.344992, 3.803054\n[[https://www.google.com/maps?q=46.344992,3.803054|Google Maps 🌍]] · [[https://www.google.com/maps/@?api=1&map_action=pano&viewpoint=46.344992,3.803054|Street View]]\n**Déchèteries pro les plus proches** :\n[[https://www.google.com/maps?q=46.359,3.79229|Déchèterie de le Donjon (Le Donjon, 1.8 km)]] — 0470318382\n[[https://www.google.com/maps?q=46.2374,3.64286|Déchèterie de Saint Prix (Saint-Prix, 17.2 km)]] — 0685017216\n[[https://www.google.com/maps?q=46.2727,4.03581|Déchèterie de Marcigny (MARCIGNY, 19.6 km)]] — 0385252209\n[[https://www.google.com/maps/search/d%C3%A9ch%C3%A8terie/@46.344992,3.803054,12z|Toutes les déchèteries autour du site 🗑️]]\n\n**Fiche d'accès**\nDigicode: Non Badge: Boite à clés: Portail / Portillon: Non - Clé Socotel dans la BAC Abloy Délais de prévenance: Accès équipement(s): Badge: Clés: Clé mécanique Cadenas: Accès aérien(s): Digicode: Non Badge: Clés: Clé mécanique Cadenas: Commentaire d'accès: 01/12/25 D cockpit O+M: DIG 2; autonome (Full TOTEM)",
    "origine": "airtable",
    "campagne": "Espaces Verts 2026 P2-SEE ALL",
    "towerco": "TOTEM",
    "ressources": "SEE ALL",
    "nom_site": "LE_DONJON",
    "adresse": "Lieu-dit Les Padeliers CD15 - chemin des Padeliers - Site FT",
    "departement": "3",
    "etat_wo": "Travaux planifiés",
    "wo": "WO-223742 + WO-244499",
    "scope": "EV - Espaces Verts",
    "consignation": "Consigne Particulière",
    "acces_detail": "Digicode: Non Badge: Boite à clés: Portail / Portillon: Non - Clé Socotel dans la BAC Abloy Délais de prévenance: Accès équipement(s): Badge: Clés: Clé mécanique Cadenas: Accès aérien(s): Digicode: Non Badge: Clés: Clé mécanique Cadenas: Commentaire d'accès: 01/12/25 D cockpit O+M: DIG 2; autonome (Full TOTEM)",
    "date_planification": "2026-09-16",
    "calque": "mp-ev-2026-p2-seeall",
    "code_fra": "FRA00300033",
    "acces_autonome": "non_autonome",
    "acces_motif": "site DIG Orange, non autonome par prudence",
    "_umap_options": {
     "color": "#F59E0B",
     "iconClass": "Default"
    }
   }
  },
  {
   "type": "Feature",
   "geometry": {
    "type": "Point",
    "coordinates": [
     3.758889,
     46.28333
    ]
   },
   "properties": {
    "name": "FRA00300034 — LODDES",
    "description": "**Numéro de Work Order** : WO-224304 + WO-244500\n**État du WO** : Travaux planifiés\n**Scope de maintenance** : EV - Espaces Verts\n**Date de planification** : 2026-09-16\n**Verdict d'autonomie** : non_autonome\n**Motif du verdict** : site DIG Orange, non autonome par prudence\n**Campagne d'appartenance** : Espaces Verts 2026 P2-SEE ALL\n**Donneur d'ordre de la campagne** : TOTEM\n**Colonne Ressources du périmètre** : SEE ALL\n**Provenance du repère** : airtable\n**Adresse du site** : Lieu-dit Mont St Joseph D127 Mont St Joseph\n**Numéro de département** : 3\n**Nom du site** : LODDES\n**Coordonnées** : 46.283330, 3.758889\n[[https://www.google.com/maps?q=46.283330,3.758889|Google Maps 🌍]] · [[https://www.google.com/maps/@?api=1&map_action=pano&viewpoint=46.283330,3.758889|Street View]]\n**Déchèteries pro les plus proches** :\n[[https://www.google.com/maps?q=46.359,3.79229|Déchèterie de le Donjon (Le Donjon, 8.8 km)]] — 0470318382\n[[https://www.google.com/maps?q=46.2374,3.64286|Déchèterie de Saint Prix (Saint-Prix, 10.3 km)]] — 0685017216\n[[https://www.google.com/maps?q=46.2541,3.52402|Déchèterie de Saint Gérand le Puy (Saint-Gérand-le-Puy, 18.3 km)]] — 0680844934\n[[https://www.google.com/maps/search/d%C3%A9ch%C3%A8terie/@46.283330,3.758889,12z|Toutes les déchèteries autour du site 🗑️]]\n\n**Fiche d'accès**\nDigicode: NON Badge: Boite à clés: Non Portail / Portillon: Non Délais de prévenance: Accès équipement(s): Badge: Clés: Clé mécanique Cadenas: Accès aérien(s): Digicode: NON Badge: Clés: Clé mécanique Cadenas: Commentaire d'accès: FRA00300034 DIG 2; autonome (Full TOTEM)",
    "origine": "airtable",
    "campagne": "Espaces Verts 2026 P2-SEE ALL",
    "towerco": "TOTEM",
    "ressources": "SEE ALL",
    "nom_site": "LODDES",
    "adresse": "Lieu-dit Mont St Joseph D127 Mont St Joseph",
    "departement": "3",
    "etat_wo": "Travaux planifiés",
    "wo": "WO-224304 + WO-244500",
    "scope": "EV - Espaces Verts",
    "acces_detail": "Digicode: NON Badge: Boite à clés: Non Portail / Portillon: Non Délais de prévenance: Accès équipement(s): Badge: Clés: Clé mécanique Cadenas: Accès aérien(s): Digicode: NON Badge: Clés: Clé mécanique Cadenas: Commentaire d'accès: FRA00300034 DIG 2; autonome (Full TOTEM)",
    "date_planification": "2026-09-16",
    "calque": "mp-ev-2026-p2-seeall",
    "code_fra": "FRA00300034",
    "acces_autonome": "non_autonome",
    "acces_motif": "site DIG Orange, non autonome par prudence",
    "_umap_options": {
     "color": "#F59E0B",
     "iconClass": "Default"
    }
   }
  },
  {
   "type": "Feature",
   "geometry": {
    "type": "Point",
    "coordinates": [
     3.905826,
     46.405546
    ]
   },
   "properties": {
    "name": "FRA00300035 — LE_PIN",
    "description": "**Numéro de Work Order** : WO-225925 + WO-244501\n**État du WO** : Travaux planifiés\n**Scope de maintenance** : EV - Espaces Verts\n**Date de planification** : 2026-09-17\n**Verdict d'autonomie** : autonome\n**Motif du verdict** : boîte à clés sur site\n**Campagne d'appartenance** : Espaces Verts 2026 P2-SEE ALL\n**Donneur d'ordre de la campagne** : TOTEM\n**Colonne Ressources du périmètre** : SEE ALL\n**Provenance du repère** : airtable\n**Adresse du site** : Lieu-dit LES EAUX\n**Numéro de département** : 3\n**Nom du site** : LE_PIN\n**Coordonnées** : 46.405546, 3.905826\n[[https://www.google.com/maps?q=46.405546,3.905826|Google Maps 🌍]] · [[https://www.google.com/maps/@?api=1&map_action=pano&viewpoint=46.405546,3.905826|Street View]]\n**Déchèteries pro les plus proches** :\n[[https://www.google.com/maps?q=46.359,3.79229|Déchèterie de le Donjon (Le Donjon, 10.1 km)]] — 0470318382\n[[https://www.google.com/maps?q=46.4811,4.01045|Déchèterie de Digoin (Digoin, 11.6 km)]] — 0648643683\n[[https://www.google.com/maps?q=46.4573,4.10688|Déchèterie de Paray-le-monial (Paray-le-Monial, 16.4 km)]] — 0385819458\n[[https://www.google.com/maps/search/d%C3%A9ch%C3%A8terie/@46.405546,3.905826,12z|Toutes les déchèteries autour du site 🗑️]]\n\n**Fiche d'accès**\nDigicode: NON Badge: Boite à clés: Portail / Portillon: Electronique Délais de prévenance: Accès équipement(s): Badge: Clés: Cadenas: Accès aérien(s): Digicode: NON Badge: Clés: Clé bailleur Cadenas: Commentaire d'accès: 03/11/2025 M cockpit O+M: *Pour les petits travaux de maintenances: pas de prévenance, accès en autonomie *Pour les gros travaux de maintenances avec des engins: merci de prévenir le propriétaire Mr Pascal COMBALUZIER soit au 06 71 78 91 56 soit par mail à pascal.combaluzier@orange.fr, 2 jours à l'avance",
    "origine": "airtable",
    "campagne": "Espaces Verts 2026 P2-SEE ALL",
    "towerco": "TOTEM",
    "ressources": "SEE ALL",
    "nom_site": "LE_PIN",
    "adresse": "Lieu-dit LES EAUX",
    "departement": "3",
    "etat_wo": "Travaux planifiés",
    "wo": "WO-225925 + WO-244501",
    "scope": "EV - Espaces Verts",
    "acces_detail": "Digicode: NON Badge: Boite à clés: Portail / Portillon: Electronique Délais de prévenance: Accès équipement(s): Badge: Clés: Cadenas: Accès aérien(s): Digicode: NON Badge: Clés: Clé bailleur Cadenas: Commentaire d'accès: 03/11/2025 M cockpit O+M: *Pour les petits travaux de maintenances: pas de prévenance, accès en autonomie *Pour les gros travaux de maintenances avec des engins: merci de prévenir le propriétaire Mr Pascal COMBALUZIER soit au 06 71 78 91 56 soit par mail à pascal.combaluzier@orange.fr, 2 jours à l'avance",
    "date_planification": "2026-09-17",
    "calque": "mp-ev-2026-p2-seeall",
    "code_fra": "FRA00300035",
    "acces_autonome": "autonome",
    "acces_motif": "boîte à clés sur site",
    "_umap_options": {
     "color": "#F59E0B",
     "iconClass": "Default"
    }
   }
  },
  {
   "type": "Feature",
   "geometry": {
    "type": "Point",
    "coordinates": [
     3.929722,
     46.357778
    ]
   },
   "properties": {
    "name": "FRA00300036 — ZB2_ML_LUNEAU",
    "description": "**Numéro de Work Order** : WO-225289 + WO-244502\n**État du WO** : Travaux planifiés\n**Scope de maintenance** : EV - Espaces Verts\n**Date de planification** : 2026-09-17\n**Verdict d'autonomie** : autonome\n**Motif du verdict** : clé électronique ILOQ ou ABLOY\n**Campagne d'appartenance** : Espaces Verts 2026 P2-SEE ALL\n**Donneur d'ordre de la campagne** : TOTEM\n**Colonne Ressources du périmètre** : SEE ALL\n**Provenance du repère** : airtable\n**Adresse du site** : Lieu-dit Les Dupuis\n**Numéro de département** : 3\n**Nom du site** : ZB2_ML_LUNEAU\n**Coordonnées** : 46.357778, 3.929722\n[[https://www.google.com/maps?q=46.357778,3.929722|Google Maps 🌍]] · [[https://www.google.com/maps/@?api=1&map_action=pano&viewpoint=46.357778,3.929722|Street View]]\n**Déchèteries pro les plus proches** :\n[[https://www.google.com/maps?q=46.359,3.79229|Déchèterie de le Donjon (Le Donjon, 10.5 km)]] — 0470318382\n[[https://www.google.com/maps?q=46.2727,4.03581|Déchèterie de Marcigny (MARCIGNY, 12.5 km)]] — 0385252209\n[[https://www.google.com/maps?q=46.4811,4.01045|Déchèterie de Digoin (Digoin, 15.0 km)]] — 0648643683\n[[https://www.google.com/maps/search/d%C3%A9ch%C3%A8terie/@46.357778,3.929722,12z|Toutes les déchèteries autour du site 🗑️]]\n\n**Fiche d'accès**\nDigicode: NON Badge: NON Boite à clés: Portail / Portillon: Mécanique Délais de prévenance: Accès équipement(s): Badge: Clés: Clé mécanique Cadenas: Accès aérien(s): Digicode: NON Badge: Clés: Clé mécanique Clé électronique ABLOY Cadenas: Commentaire d'accès: 21/05/2026 M cockpit O+M Site en accès libre sans prévenance",
    "origine": "airtable",
    "campagne": "Espaces Verts 2026 P2-SEE ALL",
    "towerco": "TOTEM",
    "ressources": "SEE ALL",
    "nom_site": "ZB2_ML_LUNEAU",
    "adresse": "Lieu-dit Les Dupuis",
    "departement": "3",
    "etat_wo": "Travaux planifiés",
    "wo": "WO-225289 + WO-244502",
    "scope": "EV - Espaces Verts",
    "acces_detail": "Digicode: NON Badge: NON Boite à clés: Portail / Portillon: Mécanique Délais de prévenance: Accès équipement(s): Badge: Clés: Clé mécanique Cadenas: Accès aérien(s): Digicode: NON Badge: Clés: Clé mécanique Clé électronique ABLOY Cadenas: Commentaire d'accès: 21/05/2026 M cockpit O+M Site en accès libre sans prévenance",
    "date_planification": "2026-09-17",
    "calque": "mp-ev-2026-p2-seeall",
    "code_fra": "FRA00300036",
    "acces_autonome": "autonome",
    "acces_motif": "clé électronique ILOQ ou ABLOY",
    "_umap_options": {
     "color": "#F59E0B",
     "iconClass": "Default"
    }
   }
  },
  {
   "type": "Feature",
   "geometry": {
    "type": "Point",
    "coordinates": [
     3.473306,
     46.275674
    ]
   },
   "properties": {
    "name": "FRA00300039 — LANGY",
    "description": "**Numéro de Work Order** : WO-224017 + WO-244505\n**État du WO** : Travaux planifiés\n**Scope de maintenance** : EV - Espaces Verts\n**Date de planification** : 2026-09-17\n**Verdict d'autonomie** : non_autonome\n**Motif du verdict** : site DIG Orange, non autonome par prudence\n**Campagne d'appartenance** : Espaces Verts 2026 P2-SEE ALL\n**Donneur d'ordre de la campagne** : TOTEM\n**Colonne Ressources du périmètre** : SEE ALL\n**Provenance du repère** : airtable\n**Adresse du site** : 0 Route du Château d'Eau\n**Numéro de département** : 3\n**Nom du site** : LANGY\n**Coordonnées** : 46.275674, 3.473306\n[[https://www.google.com/maps?q=46.275674,3.473306|Google Maps 🌍]] · [[https://www.google.com/maps/@?api=1&map_action=pano&viewpoint=46.275674,3.473306|Street View]]\n**Déchèteries pro les plus proches** :\n[[https://www.google.com/maps?q=46.2541,3.52402|Déchèterie de Saint Gérand le Puy (Saint-Gérand-le-Puy, 4.6 km)]] — 0680844934\n[[https://www.google.com/maps?q=46.3046,3.40756|Déchèterie de Varennes (Varennes-sur-Allier, 6.0 km)]] — 0685017218\n[[https://www.google.com/maps?q=46.2126,3.44066|Déchèterie de Saint Germain des Fossés (Saint-Germain-des-Fossés, 7.4 km)]] — 0685017214\n[[https://www.google.com/maps/search/d%C3%A9ch%C3%A8terie/@46.275674,3.473306,12z|Toutes les déchèteries autour du site 🗑️]]\n\n**Fiche d'accès**\nDigicode: NON Badge: Boite à clés: Non Portail / Portillon: OR/ACAUM Délais de prévenance: Accès équipement(s): Badge: Clés: Clé électronique ABLOY Cadenas: Accès aérien(s): Digicode: Badge: Clés: Clé électronique ABLOY Cadenas: Commentaire d'accès: 17/11/2025 Na cockpit O+M: Site DIG 2, Accès en Autonomie, Full TOTEM",
    "origine": "airtable",
    "campagne": "Espaces Verts 2026 P2-SEE ALL",
    "towerco": "TOTEM",
    "ressources": "SEE ALL",
    "nom_site": "LANGY",
    "adresse": "0 Route du Château d'Eau",
    "departement": "3",
    "etat_wo": "Travaux planifiés",
    "wo": "WO-224017 + WO-244505",
    "scope": "EV - Espaces Verts",
    "acces_detail": "Digicode: NON Badge: Boite à clés: Non Portail / Portillon: OR/ACAUM Délais de prévenance: Accès équipement(s): Badge: Clés: Clé électronique ABLOY Cadenas: Accès aérien(s): Digicode: Badge: Clés: Clé électronique ABLOY Cadenas: Commentaire d'accès: 17/11/2025 Na cockpit O+M: Site DIG 2, Accès en Autonomie, Full TOTEM",
    "date_planification": "2026-09-17",
    "calque": "mp-ev-2026-p2-seeall",
    "code_fra": "FRA00300039",
    "acces_autonome": "non_autonome",
    "acces_motif": "site DIG Orange, non autonome par prudence",
    "_umap_options": {
     "color": "#F59E0B",
     "iconClass": "Default"
    }
   }
  },
  {
   "type": "Feature",
   "geometry": {
    "type": "Point",
    "coordinates": [
     3.3825,
     46.336111
    ]
   },
   "properties": {
    "name": "FRA00300040 — CHAZEUIL",
    "description": "**Numéro de Work Order** : WO-224018 + WO-244506\n**État du WO** : Travaux planifiés\n**Scope de maintenance** : EV - Espaces Verts\n**Date de planification** : 2026-09-17\n**Nécessité d'une nacelle** : oui\n**Verdict d'autonomie** : autonome\n**Motif du verdict** : boîte à clés sur site\n**Campagne d'appartenance** : Espaces Verts 2026 P2-SEE ALL\n**Donneur d'ordre de la campagne** : TOTEM\n**Colonne Ressources du périmètre** : SEE ALL\n**Provenance du repère** : airtable\n**Adresse du site** : 61 Route de Moulins\n**Numéro de département** : 3\n**Nom du site** : CHAZEUIL\n**Coordonnées** : 46.336111, 3.382500\n[[https://www.google.com/maps?q=46.336111,3.382500|Google Maps 🌍]] · [[https://www.google.com/maps/@?api=1&map_action=pano&viewpoint=46.336111,3.382500|Street View]]\n**Déchèteries pro les plus proches** :\n[[https://www.google.com/maps?q=46.3046,3.40756|Déchèterie de Varennes (Varennes-sur-Allier, 4.0 km)]] — 0685017218\n[[https://www.google.com/maps?q=46.3833,3.29093|Déchèterie de Monetay sur Allier (Monétay-sur-Allier, 8.8 km)]] — 0673673673\n[[https://www.google.com/maps?q=46.2542,3.28227|Déchèterie de Bayet (Bayet, 11.9 km)]] — 0684747035\n[[https://www.google.com/maps/search/d%C3%A9ch%C3%A8terie/@46.336111,3.382500,12z|Toutes les déchèteries autour du site 🗑️]]\n\n**Fiche d'accès**\nDigicode: NON Badge: Boite à clés: Portail / Portillon: Electronique Délais de prévenance: 1.0 Accès équipement(s): Badge: Clés: Cadenas: Accès aérien(s): Digicode: NON Badge: Clés: Clé électronique Cadenas: Commentaire d'accès: 21/10/2025 Na cockpit O+M: Monsieur BOIT Roger : 33608282108 Pour toute intervention, merci de contacter Monsieur BOIT Roger au 33608282108 Délai de prévenance: 1 jour à l'avance Accès en autonomie.",
    "origine": "airtable",
    "campagne": "Espaces Verts 2026 P2-SEE ALL",
    "towerco": "TOTEM",
    "ressources": "SEE ALL",
    "nom_site": "CHAZEUIL",
    "adresse": "61 Route de Moulins",
    "departement": "3",
    "etat_wo": "Travaux planifiés",
    "wo": "WO-224018 + WO-244506",
    "scope": "EV - Espaces Verts",
    "acces_detail": "Digicode: NON Badge: Boite à clés: Portail / Portillon: Electronique Délais de prévenance: 1.0 Accès équipement(s): Badge: Clés: Cadenas: Accès aérien(s): Digicode: NON Badge: Clés: Clé électronique Cadenas: Commentaire d'accès: 21/10/2025 Na cockpit O+M: Monsieur BOIT Roger : 33608282108 Pour toute intervention, merci de contacter Monsieur BOIT Roger au 33608282108 Délai de prévenance: 1 jour à l'avance Accès en autonomie.",
    "date_planification": "2026-09-17",
    "nacelle": true,
    "calque": "mp-ev-2026-p2-seeall",
    "code_fra": "FRA00300040",
    "acces_autonome": "autonome",
    "acces_motif": "boîte à clés sur site",
    "_umap_options": {
     "color": "#F59E0B",
     "iconClass": "Default"
    }
   }
  },
  {
   "type": "Feature",
   "geometry": {
    "type": "Point",
    "coordinates": [
     2.710134,
     46.369061
    ]
   },
   "properties": {
    "name": "FRA00300047 — ST_ANGEL",
    "description": "**Numéro de Work Order** : WO-223752 + WO-244508\n**État du WO** : Travaux planifiés\n**Scope de maintenance** : EV - Espaces Verts\n**Date de planification** : 2026-09-18\n**Verdict d'autonomie** : autonome\n**Motif du verdict** : clé électronique ILOQ ou ABLOY\n**Campagne d'appartenance** : Espaces Verts 2026 P2-SEE ALL\n**Donneur d'ordre de la campagne** : TOTEM\n**Colonne Ressources du périmètre** : SEE ALL\n**Provenance du repère** : airtable\n**Adresse du site** : Lieu-dit CROCHAVENT\n**Numéro de département** : 3\n**Nom du site** : ST_ANGEL\n**Coordonnées** : 46.369061, 2.710134\n[[https://www.google.com/maps?q=46.369061,2.710134|Google Maps 🌍]] · [[https://www.google.com/maps/@?api=1&map_action=pano&viewpoint=46.369061,2.710134|Street View]]\n**Déchèteries pro les plus proches** :\n[[https://www.google.com/maps?q=46.2868,2.76052|Déchèterie de Commentry (Commentry, 9.9 km)]] — 0470641167\n[[https://www.google.com/maps?q=46.3714,2.56809|Déchèterie de Domerat (Domérat, 10.9 km)]] — 0470030760\n[[https://www.google.com/maps?q=46.3975,2.86243|Déchèterie de Villefranche-d'allier (Villefranche-d'Allier, 12.1 km)]]\n[[https://www.google.com/maps/search/d%C3%A9ch%C3%A8terie/@46.369061,2.710134,12z|Toutes les déchèteries autour du site 🗑️]]\n\n**Fiche d'accès**\nDigicode: NON Badge: Boite à clés: Oui Portail / Portillon: Mécanique - a récupére a l’agence Délais de prévenance: 10.0 Accès équipement(s): Badge: Clés: Clé électronique ABLOY Cadenas: Accès aérien(s): Digicode: NON Badge: Clés: Clé bailleur Cadenas: Commentaire d'accès: RA 23/6/25 Conditions d'accès : Accès libre, prévenir le SIVOM avant intervention Contact : - Téléphone : 04 70 07 70 52 - Email : secretariat@regionminiere.fr Commentaire moyen d'accès: - Digicode :Mécanique - Boite Cle :Boîte à clefs électronique ABLOY dans mur sur la gauche, en bas des marches escaliers entrée portillon OR/ACCGH a récupére a l’agence/dans boite a clef/Les axes des gongs du portillon sont cassés faire attention lors de l’ouverture de celui ci.",
    "origine": "airtable",
    "campagne": "Espaces Verts 2026 P2-SEE ALL",
    "towerco": "TOTEM",
    "ressources": "SEE ALL",
    "nom_site": "ST_ANGEL",
    "adresse": "Lieu-dit CROCHAVENT",
    "departement": "3",
    "etat_wo": "Travaux planifiés",
    "wo": "WO-223752 + WO-244508",
    "scope": "EV - Espaces Verts",
    "acces_detail": "Digicode: NON Badge: Boite à clés: Oui Portail / Portillon: Mécanique - a récupére a l’agence Délais de prévenance: 10.0 Accès équipement(s): Badge: Clés: Clé électronique ABLOY Cadenas: Accès aérien(s): Digicode: NON Badge: Clés: Clé bailleur Cadenas: Commentaire d'accès: RA 23/6/25 Conditions d'accès : Accès libre, prévenir le SIVOM avant intervention Contact : - Téléphone : 04 70 07 70 52 - Email : secretariat@regionminiere.fr Commentaire moyen d'accès: - Digicode :Mécanique - Boite Cle :Boîte à clefs électronique ABLOY dans mur sur la gauche, en bas des marches escaliers entrée portillon OR/ACCGH a récupére a l’agence/dans boite a clef/Les axes des gongs du portillon sont cassés faire attention lors de l’ouverture de celui ci.",
    "date_planification": "2026-09-18",
    "calque": "mp-ev-2026-p2-seeall",
    "code_fra": "FRA00300047",
    "acces_autonome": "autonome",
    "acces_motif": "clé électronique ILOQ ou ABLOY",
    "_umap_options": {
     "color": "#F59E0B",
     "iconClass": "Default"
    }
   }
  },
  {
   "type": "Feature",
   "geometry": {
    "type": "Point",
    "coordinates": [
     3.436964,
     46.109402
    ]
   },
   "properties": {
    "name": "FRA00300058 — VICHY_PRESQU_ILE",
    "description": "**Numéro de Work Order** : WO-224305 + WO-244512\n**État du WO** : Travaux planifiés\n**Scope de maintenance** : EV - Espaces Verts\n**Date de planification** : 2026-09-21\n**Nécessité d'une nacelle** : oui\n**Verdict d'autonomie** : autonome\n**Motif du verdict** : clé électronique ILOQ ou ABLOY\n**Campagne d'appartenance** : Espaces Verts 2026 P2-SEE ALL\n**Donneur d'ordre de la campagne** : TOTEM\n**Colonne Ressources du périmètre** : SEE ALL\n**Provenance du repère** : airtable\n**Adresse du site** : Chemin des Placats\n**Numéro de département** : 3\n**Nom du site** : VICHY_PRESQU_ILE\n**Coordonnées** : 46.109402, 3.436964\n[[https://www.google.com/maps?q=46.109402,3.436964|Google Maps 🌍]] · [[https://www.google.com/maps/@?api=1&map_action=pano&viewpoint=46.109402,3.436964|Street View]]\n**Déchèteries pro les plus proches** :\n[[https://www.google.com/maps?q=46.1428,3.44978|Déchèterie de Cusset (Cusset, 3.8 km)]] — 0470962261\n[[https://www.google.com/maps?q=46.0756,3.46009|Déchèterie de Saint Yorre (Saint-Yorre, 4.2 km)]] — 0685017215\n[[https://www.google.com/maps?q=46.1524,3.38485|Déchèterie de Charmeil (Charmeil, 6.2 km)]] — 0684839604\n[[https://www.google.com/maps/search/d%C3%A9ch%C3%A8terie/@46.109402,3.436964,12z|Toutes les déchèteries autour du site 🗑️]]\n\n**Fiche d'accès**\nDigicode: NON Badge: Boite à clés: Non Portail / Portillon: Electronique - A demander à la mairie d’Abrest Délais de prévenance: Accès équipement(s): Badge: Clés: Clé électronique ABLOY Cadenas: Accès aérien(s): Digicode: NON Badge: Clés: Clé électronique ABLOY Cadenas: Commentaire d'accès:",
    "origine": "airtable",
    "campagne": "Espaces Verts 2026 P2-SEE ALL",
    "towerco": "TOTEM",
    "ressources": "SEE ALL",
    "nom_site": "VICHY_PRESQU_ILE",
    "adresse": "Chemin des Placats",
    "departement": "3",
    "etat_wo": "Travaux planifiés",
    "wo": "WO-224305 + WO-244512",
    "scope": "EV - Espaces Verts",
    "acces_detail": "Digicode: NON Badge: Boite à clés: Non Portail / Portillon: Electronique - A demander à la mairie d’Abrest Délais de prévenance: Accès équipement(s): Badge: Clés: Clé électronique ABLOY Cadenas: Accès aérien(s): Digicode: NON Badge: Clés: Clé électronique ABLOY Cadenas: Commentaire d'accès:",
    "date_planification": "2026-09-21",
    "nacelle": true,
    "calque": "mp-ev-2026-p2-seeall",
    "code_fra": "FRA00300058",
    "acces_autonome": "autonome",
    "acces_motif": "clé électronique ILOQ ou ABLOY",
    "_umap_options": {
     "color": "#F59E0B",
     "iconClass": "Default"
    }
   }
  },
  {
   "type": "Feature",
   "geometry": {
    "type": "Point",
    "coordinates": [
     3.430908,
     46.128077
    ]
   },
   "properties": {
    "name": "FRA00300059 — VICHY_GRAMONT",
    "description": "**Numéro de Work Order** : WO-225926 + WO-244513\n**État du WO** : Travaux planifiés\n**Scope de maintenance** : EV - Espaces Verts\n**Date de planification** : 2026-09-21\n**Nécessité d'une nacelle** : oui\n**Verdict d'autonomie** : non_autonome\n**Motif du verdict** : intervention accompagnée\n**Campagne d'appartenance** : Espaces Verts 2026 P2-SEE ALL\n**Donneur d'ordre de la campagne** : TOTEM\n**Colonne Ressources du périmètre** : SEE ALL\n**Provenance du repère** : airtable\n**Adresse du site** : Place de la Gare\n**Numéro de département** : 3\n**Nom du site** : VICHY_GRAMONT\n**Coordonnées** : 46.128077, 3.430908\n[[https://www.google.com/maps?q=46.128077,3.430908|Google Maps 🌍]] · [[https://www.google.com/maps/@?api=1&map_action=pano&viewpoint=46.128077,3.430908|Street View]]\n**Déchèteries pro les plus proches** :\n[[https://www.google.com/maps?q=46.1428,3.44978|Déchèterie de Cusset (Cusset, 2.2 km)]] — 0470962261\n[[https://www.google.com/maps?q=46.1524,3.38485|Déchèterie de Charmeil (Charmeil, 4.5 km)]] — 0684839604\n[[https://www.google.com/maps?q=46.0756,3.46009|Déchèterie de Saint Yorre (Saint-Yorre, 6.3 km)]] — 0685017215\n[[https://www.google.com/maps/search/d%C3%A9ch%C3%A8terie/@46.128077,3.430908,12z|Toutes les déchèteries autour du site 🗑️]]\n\n**Fiche d'accès**\nDigicode: NON Badge: Boite à clés: Oui Portail / Portillon: Electronique Délais de prévenance: Accès équipement(s): Badge: Clés: Clé électronique ABLOY Cadenas: Accès aérien(s): Digicode: NON Badge: Clés: Cadenas: Commentaire d'accès: 22/05/2026 Na cockpit O+M : 🏢 Site SNCF RÉSEAU 📧 Demandes d’accès / maintenance / travaux : Toute demande concernant les stations radioélectriques situées en emprise SNCF RÉSEAU doit faire l’objet d’une expression de besoin via le portail partenaire : 👉 https://rmp.telecom.reseau.sncf.fr/demande 📎 Validation obligatoire : Au moment de la DAS, TOTEM doit disposer d’un mail de validation (à joindre) confirmant que le demandeur a bien rempli le formulaire SNCF via le portail partenaire. *Maintenance autonome : 5 jours ouvrés *Maintenance autonome urgente : 2 jours ouvrés avec la possibilité de traiter les demandes les plus urgentes sous 24h. *Maintenance avec accompagnement (présence d’un portail, d’une barrière etc) : 15 jours ouvrés à compter de la réception de la commande TOTEM *Maintenance particulière (utilisation d’un engin, cordes / poulies) : 15 jours ouvrés à compter de la réception de la commande TOTEM.",
    "origine": "airtable",
    "campagne": "Espaces Verts 2026 P2-SEE ALL",
    "towerco": "TOTEM",
    "ressources": "SEE ALL",
    "nom_site": "VICHY_GRAMONT",
    "adresse": "Place de la Gare",
    "departement": "3",
    "etat_wo": "Travaux planifiés",
    "wo": "WO-225926 + WO-244513",
    "scope": "EV - Espaces Verts",
    "acces_detail": "Digicode: NON Badge: Boite à clés: Oui Portail / Portillon: Electronique Délais de prévenance: Accès équipement(s): Badge: Clés: Clé électronique ABLOY Cadenas: Accès aérien(s): Digicode: NON Badge: Clés: Cadenas: Commentaire d'accès: 22/05/2026 Na cockpit O+M : 🏢 Site SNCF RÉSEAU 📧 Demandes d’accès / maintenance / travaux : Toute demande concernant les stations radioélectriques situées en emprise SNCF RÉSEAU doit faire l’objet d’une expression de besoin via le portail partenaire : 👉 https://rmp.telecom.reseau.sncf.fr/demande 📎 Validation obligatoire : Au moment de la DAS, TOTEM doit disposer d’un mail de validation (à joindre) confirmant que le demandeur a bien rempli le formulaire SNCF via le portail partenaire. *Maintenance autonome : 5 jours ouvrés *Maintenance autonome urgente : 2 jours ouvrés avec la possibilité de traiter les demandes les plus urgentes sous 24h. *Maintenance avec accompagnement (présence d’un portail, d’une barrière etc) : 15 jours ouvrés à compter de la réception de la commande TOTEM *Maintenance particulière (utilisation d’un engin, cordes / poulies) : 15 jours ouvrés à compter de la réception de la commande TOTEM.",
    "date_planification": "2026-09-21",
    "nacelle": true,
    "calque": "mp-ev-2026-p2-seeall",
    "code_fra": "FRA00300059",
    "acces_autonome": "non_autonome",
    "acces_motif": "intervention accompagnée",
    "_umap_options": {
     "color": "#F59E0B",
     "iconClass": "Default"
    }
   }
  },
  {
   "type": "Feature",
   "geometry": {
    "type": "Point",
    "coordinates": [
     3.432783,
     46.122165
    ]
   },
   "properties": {
    "name": "FRA00300060 — VICHY_HOPITAL",
    "description": "**Numéro de Work Order** : WO-225097 + WO-244514\n**État du WO** : Travaux planifiés\n**Scope de maintenance** : EV - Espaces Verts\n**Date de planification** : 2026-09-21\n**Nécessité d'une nacelle** : oui\n**Verdict d'autonomie** : non_autonome\n**Motif du verdict** : intervention accompagnée\n**Campagne d'appartenance** : Espaces Verts 2026 P2-SEE ALL\n**Donneur d'ordre de la campagne** : TOTEM\n**Colonne Ressources du périmètre** : SEE ALL\n**Provenance du repère** : airtable\n**Adresse du site** : Emprise SNCF Rue de la Gare EDF : Face au 40 bld de l Hôpital\n**Numéro de département** : 3\n**Nom du site** : VICHY_HOPITAL\n**Coordonnées** : 46.122165, 3.432783\n[[https://www.google.com/maps?q=46.122165,3.432783|Google Maps 🌍]] · [[https://www.google.com/maps/@?api=1&map_action=pano&viewpoint=46.122165,3.432783|Street View]]\n**Déchèteries pro les plus proches** :\n[[https://www.google.com/maps?q=46.1428,3.44978|Déchèterie de Cusset (Cusset, 2.6 km)]] — 0470962261\n[[https://www.google.com/maps?q=46.1524,3.38485|Déchèterie de Charmeil (Charmeil, 5.0 km)]] — 0684839604\n[[https://www.google.com/maps?q=46.0756,3.46009|Déchèterie de Saint Yorre (Saint-Yorre, 5.6 km)]] — 0685017215\n[[https://www.google.com/maps/search/d%C3%A9ch%C3%A8terie/@46.122165,3.432783,12z|Toutes les déchèteries autour du site 🗑️]]\n\n**Fiche d'accès**\nDigicode: NON Badge: Boite à clés: Non Portail / Portillon: Non - ? PORTAIL SNCF (Normalement toujours ouvert en HO) Délais de prévenance: Accès équipement(s): Badge: Non Clés: Clé électronique ABLOY Cadenas: Accès aérien(s): Digicode: NON Badge: Non Clés: Clé électronique ABLOY Cadenas: Commentaire d'accès: 22/05/2026 D cockpit O+M 🏢 Site SNCF RÉSEAU 📧 Demandes d’accès / maintenance / travaux : Toute demande concernant les stations radioélectriques situées en emprise SNCF RÉSEAU doit faire l’objet d’une expression de besoin via le portail partenaire : 👉 https://rmp.telecom.reseau.sncf.fr/demande 📎 Validation obligatoire : Au moment de la DAS, TOTEM doit disposer d’un mail de validation (à joindre) confirmant que le demandeur a bien rempli le formulaire SNCF via le portail partenaire. *Maintenance autonome : 5 jours ouvrés *Maintenance autonome urgente : 2 jours ouvrés avec la possibilité de traiter les demandes les plus urgentes sous 24h. *Maintenance avec accompagnement (présence d’un portail, d’une barrière etc) : 15 jours ouvrés à compter de la réception de la commande TOTEM *Maintenance particulière (utilisation d’un engin, cordes / poulies) : 15 jours ouvrés à compter de la réception de la commande TOTEM.",
    "origine": "airtable",
    "campagne": "Espaces Verts 2026 P2-SEE ALL",
    "towerco": "TOTEM",
    "ressources": "SEE ALL",
    "nom_site": "VICHY_HOPITAL",
    "adresse": "Emprise SNCF Rue de la Gare EDF : Face au 40 bld de l Hôpital",
    "departement": "3",
    "etat_wo": "Travaux planifiés",
    "wo": "WO-225097 + WO-244514",
    "scope": "EV - Espaces Verts",
    "acces_detail": "Digicode: NON Badge: Boite à clés: Non Portail / Portillon: Non - ? PORTAIL SNCF (Normalement toujours ouvert en HO) Délais de prévenance: Accès équipement(s): Badge: Non Clés: Clé électronique ABLOY Cadenas: Accès aérien(s): Digicode: NON Badge: Non Clés: Clé électronique ABLOY Cadenas: Commentaire d'accès: 22/05/2026 D cockpit O+M 🏢 Site SNCF RÉSEAU 📧 Demandes d’accès / maintenance / travaux : Toute demande concernant les stations radioélectriques situées en emprise SNCF RÉSEAU doit faire l’objet d’une expression de besoin via le portail partenaire : 👉 https://rmp.telecom.reseau.sncf.fr/demande 📎 Validation obligatoire : Au moment de la DAS, TOTEM doit disposer d’un mail de validation (à joindre) confirmant que le demandeur a bien rempli le formulaire SNCF via le portail partenaire. *Maintenance autonome : 5 jours ouvrés *Maintenance autonome urgente : 2 jours ouvrés avec la possibilité de traiter les demandes les plus urgentes sous 24h. *Maintenance avec accompagnement (présence d’un portail, d’une barrière etc) : 15 jours ouvrés à compter de la réception de la commande TOTEM *Maintenance particulière (utilisation d’un engin, cordes / poulies) : 15 jours ouvrés à compter de la réception de la commande TOTEM.",
    "date_planification": "2026-09-21",
    "nacelle": true,
    "calque": "mp-ev-2026-p2-seeall",
    "code_fra": "FRA00300060",
    "acces_autonome": "non_autonome",
    "acces_motif": "intervention accompagnée",
    "_umap_options": {
     "color": "#F59E0B",
     "iconClass": "Default"
    }
   }
  },
  {
   "type": "Feature",
   "geometry": {
    "type": "Point",
    "coordinates": [
     3.125278,
     46.596111
    ]
   },
   "properties": {
    "name": "FRA00300062 — AGONGES",
    "description": "**Numéro de Work Order** : WO-224021 + WO-244515\n**État du WO** : Travaux planifiés\n**Scope de maintenance** : EV - Espaces Verts\n**Date de planification** : 2026-09-21\n**Nécessité d'une nacelle** : oui\n**Verdict d'autonomie** : autonome\n**Motif du verdict** : boîte à clés sur site\n**Campagne d'appartenance** : Espaces Verts 2026 P2-SEE ALL\n**Donneur d'ordre de la campagne** : TOTEM\n**Colonne Ressources du périmètre** : SEE ALL\n**Provenance du repère** : airtable\n**Adresse du site** : Lieu-dit L OME\n**Numéro de département** : 3\n**Nom du site** : AGONGES\n**Coordonnées** : 46.596111, 3.125278\n[[https://www.google.com/maps?q=46.596111,3.125278|Google Maps 🌍]] · [[https://www.google.com/maps/@?api=1&map_action=pano&viewpoint=46.596111,3.125278|Street View]]\n**Déchèteries pro les plus proches** :\n[[https://www.google.com/maps?q=46.7454,3.17053|Déchèterie de Chantenay Saint Imbert (Chantenay-Saint-Imbert, 17.0 km)]] — 0386386256\n[[https://www.google.com/maps?q=46.423,3.07617|Déchèterie du Tronget (Tronget, 19.6 km)]] — 0473673673\n[[https://www.google.com/maps?q=46.6109,2.83162|Déchèterie de Cérilly (Cérilly, 22.5 km)]]\n[[https://www.google.com/maps/search/d%C3%A9ch%C3%A8terie/@46.596111,3.125278,12z|Toutes les déchèteries autour du site 🗑️]]\n\n**Fiche d'accès**\nDigicode: NON Badge: Boite à clés: Non Portail / Portillon: - CLEF TELIC AUVERGNE (serrure hs) cadenas code 0330 (provisoire) Délais de prévenance: Accès équipement(s): Badge: Clés: Clé mécanique Cadenas: Accès aérien(s): Digicode: nON Badge: Clés: Clé mécanique Cadenas: Commentaire d'accès: 15/07/26 D cockpit O+M: Site en accès libre",
    "origine": "airtable",
    "campagne": "Espaces Verts 2026 P2-SEE ALL",
    "towerco": "TOTEM",
    "ressources": "SEE ALL",
    "nom_site": "AGONGES",
    "adresse": "Lieu-dit L OME",
    "departement": "3",
    "etat_wo": "Travaux planifiés",
    "wo": "WO-224021 + WO-244515",
    "scope": "EV - Espaces Verts",
    "acces_detail": "Digicode: NON Badge: Boite à clés: Non Portail / Portillon: - CLEF TELIC AUVERGNE (serrure hs) cadenas code 0330 (provisoire) Délais de prévenance: Accès équipement(s): Badge: Clés: Clé mécanique Cadenas: Accès aérien(s): Digicode: nON Badge: Clés: Clé mécanique Cadenas: Commentaire d'accès: 15/07/26 D cockpit O+M: Site en accès libre",
    "date_planification": "2026-09-21",
    "nacelle": true,
    "calque": "mp-ev-2026-p2-seeall",
    "code_fra": "FRA00300062",
    "acces_autonome": "autonome",
    "acces_motif": "boîte à clés sur site",
    "_umap_options": {
     "color": "#F59E0B",
     "iconClass": "Default"
    }
   }
  },
  {
   "type": "Feature",
   "geometry": {
    "type": "Point",
    "coordinates": [
     3.218324,
     46.575831
    ]
   },
   "properties": {
    "name": "FRA00300063 — MARIGNY",
    "description": "**Numéro de Work Order** : WO-225500 + WO-244516\n**État du WO** : Travaux planifiés\n**Scope de maintenance** : EV - Espaces Verts\n**Date de planification** : 2026-09-22\n**Verdict d'autonomie** : autonome\n**Motif du verdict** : clé électronique ILOQ ou ABLOY\n**Campagne d'appartenance** : Espaces Verts 2026 P2-SEE ALL\n**Donneur d'ordre de la campagne** : TOTEM\n**Colonne Ressources du périmètre** : SEE ALL\n**Provenance du repère** : airtable\n**Adresse du site** : Lieu-dit Les Sillets\n**Numéro de département** : 3\n**Nom du site** : MARIGNY\n**Coordonnées** : 46.575831, 3.218324\n[[https://www.google.com/maps?q=46.575831,3.218324|Google Maps 🌍]] · [[https://www.google.com/maps/@?api=1&map_action=pano&viewpoint=46.575831,3.218324|Street View]]\n**Déchèteries pro les plus proches** :\n[[https://www.google.com/maps?q=46.7454,3.17053|Déchèterie de Chantenay Saint Imbert (Chantenay-Saint-Imbert, 19.2 km)]] — 0386386256\n[[https://www.google.com/maps?q=46.423,3.07617|Déchèterie du Tronget (Tronget, 20.2 km)]] — 0473673673\n[[https://www.google.com/maps?q=46.3833,3.29093|Déchèterie de Monetay sur Allier (Monétay-sur-Allier, 22.1 km)]] — 0673673673\n[[https://www.google.com/maps/search/d%C3%A9ch%C3%A8terie/@46.575831,3.218324,12z|Toutes les déchèteries autour du site 🗑️]]\n\n**Fiche d'accès**\nDigicode: NON Badge: Boite à clés: Oui Portail / Portillon: Mécanique Délais de prévenance: 0.0 Accès équipement(s): Badge: Clés: Cadenas: Accès aérien(s): Digicode: NON Badge: Clés: Cadenas: Commentaire d'accès: 23/02/26 EXPERIS MG Conditions d'accès : Accès en autonomie - ABLOY Digicode : NON Boite à clés : A gauche du portillon d’entrée du site 1 Clé SOCOTEL 17 pour ouverture du portillon Portail / Portillon : Mécanique Commentaire équipement : Accès aérien : Utilisation de la nacelle Digicode : NON Commentaire aérien : ABLOY_Pylône Réf : OR/ACAZZ/Abloy Anti-intrusion Autre : Non Digicode : NON / SO Commentaire moyen d'accès : Digicode : Non Boite Cle : A gauche du portillon d’entrée du site BAC Abloy Réf : OR/ACAVP Pass SOCOTEL 17/SO 1 Clé SOCOTEL 17 pour ouverture du portillon/SO",
    "origine": "airtable",
    "campagne": "Espaces Verts 2026 P2-SEE ALL",
    "towerco": "TOTEM",
    "ressources": "SEE ALL",
    "nom_site": "MARIGNY",
    "adresse": "Lieu-dit Les Sillets",
    "departement": "3",
    "etat_wo": "Travaux planifiés",
    "wo": "WO-225500 + WO-244516",
    "scope": "EV - Espaces Verts",
    "acces_detail": "Digicode: NON Badge: Boite à clés: Oui Portail / Portillon: Mécanique Délais de prévenance: 0.0 Accès équipement(s): Badge: Clés: Cadenas: Accès aérien(s): Digicode: NON Badge: Clés: Cadenas: Commentaire d'accès: 23/02/26 EXPERIS MG Conditions d'accès : Accès en autonomie - ABLOY Digicode : NON Boite à clés : A gauche du portillon d’entrée du site 1 Clé SOCOTEL 17 pour ouverture du portillon Portail / Portillon : Mécanique Commentaire équipement : Accès aérien : Utilisation de la nacelle Digicode : NON Commentaire aérien : ABLOY_Pylône Réf : OR/ACAZZ/Abloy Anti-intrusion Autre : Non Digicode : NON / SO Commentaire moyen d'accès : Digicode : Non Boite Cle : A gauche du portillon d’entrée du site BAC Abloy Réf : OR/ACAVP Pass SOCOTEL 17/SO 1 Clé SOCOTEL 17 pour ouverture du portillon/SO",
    "date_planification": "2026-09-22",
    "calque": "mp-ev-2026-p2-seeall",
    "code_fra": "FRA00300063",
    "acces_autonome": "autonome",
    "acces_motif": "clé électronique ILOQ ou ABLOY",
    "_umap_options": {
     "color": "#F59E0B",
     "iconClass": "Default"
    }
   }
  },
  {
   "type": "Feature",
   "geometry": {
    "type": "Point",
    "coordinates": [
     3.1336,
     46.482217
    ]
   },
   "properties": {
    "name": "FRA00300064 — ZB2_ML_CHATILLON_D_ALLIER",
    "description": "**Numéro de Work Order** : WO-224820 + WO-244517\n**État du WO** : Travaux planifiés\n**Scope de maintenance** : EV - Espaces Verts\n**Date de planification** : 2026-09-22\n**Verdict d'autonomie** : non_autonome\n**Motif du verdict** : la fiche déclare l'accès non autonome\n**Campagne d'appartenance** : Espaces Verts 2026 P2-SEE ALL\n**Donneur d'ordre de la campagne** : TOTEM\n**Colonne Ressources du périmètre** : SEE ALL\n**Provenance du repère** : airtable\n**Adresse du site** : Lieu-dit La Butte 20, Rue de la Mine\n**Numéro de département** : 3\n**Nom du site** : ZB2_ML_CHATILLON_D_ALLIER\n**Coordonnées** : 46.482217, 3.133600\n[[https://www.google.com/maps?q=46.482217,3.133600|Google Maps 🌍]] · [[https://www.google.com/maps/@?api=1&map_action=pano&viewpoint=46.482217,3.133600|Street View]]\n**Déchèteries pro les plus proches** :\n[[https://www.google.com/maps?q=46.423,3.07617|Déchèterie du Tronget (Tronget, 7.9 km)]] — 0473673673\n[[https://www.google.com/maps?q=46.3833,3.29093|Déchèterie de Monetay sur Allier (Monétay-sur-Allier, 16.3 km)]] — 0673673673\n[[https://www.google.com/maps?q=46.3975,2.86243|Déchèterie de Villefranche-d'allier (Villefranche-d'Allier, 22.8 km)]]\n[[https://www.google.com/maps/search/d%C3%A9ch%C3%A8terie/@46.482217,3.133600,12z|Toutes les déchèteries autour du site 🗑️]]\n\n**Fiche d'accès**\nDigicode: NON Badge: Boite à clés: Non Portail / Portillon: Electronique - pas de clef sur le portail du stade, portail fermé par une caine avec mousqueton visé Délais de prévenance: 5.0 Accès équipement(s): Badge: Clés: Clé électronique ABLOY Cadenas: Accès aérien(s): Digicode: NON Badge: Clés: Clé électronique ABLOY Cadenas: Commentaire d'accès: 22/01/2026 Na cockpit O+M : COMMUNE DE NOYANT D'ALLIER: 04 70 47 21 14 Pour toute intervention, merci d'envoyer un mail à mairie@noyantdallier.fr Délai de prévenance: 5 jours ouvrés à l'avance Accès non autonome.",
    "origine": "airtable",
    "campagne": "Espaces Verts 2026 P2-SEE ALL",
    "towerco": "TOTEM",
    "ressources": "SEE ALL",
    "nom_site": "ZB2_ML_CHATILLON_D_ALLIER",
    "adresse": "Lieu-dit La Butte 20, Rue de la Mine",
    "departement": "3",
    "etat_wo": "Travaux planifiés",
    "wo": "WO-224820 + WO-244517",
    "scope": "EV - Espaces Verts",
    "acces_detail": "Digicode: NON Badge: Boite à clés: Non Portail / Portillon: Electronique - pas de clef sur le portail du stade, portail fermé par une caine avec mousqueton visé Délais de prévenance: 5.0 Accès équipement(s): Badge: Clés: Clé électronique ABLOY Cadenas: Accès aérien(s): Digicode: NON Badge: Clés: Clé électronique ABLOY Cadenas: Commentaire d'accès: 22/01/2026 Na cockpit O+M : COMMUNE DE NOYANT D'ALLIER: 04 70 47 21 14 Pour toute intervention, merci d'envoyer un mail à mairie@noyantdallier.fr Délai de prévenance: 5 jours ouvrés à l'avance Accès non autonome.",
    "date_planification": "2026-09-22",
    "calque": "mp-ev-2026-p2-seeall",
    "code_fra": "FRA00300064",
    "acces_autonome": "non_autonome",
    "acces_motif": "la fiche déclare l'accès non autonome",
    "_umap_options": {
     "color": "#F59E0B",
     "iconClass": "Default"
    }
   }
  },
  {
   "type": "Feature",
   "geometry": {
    "type": "Point",
    "coordinates": [
     3.610685,
     46.384351
    ]
   },
   "properties": {
    "name": "FRA00300065 — JALIGNY",
    "description": "**Numéro de Work Order** : WO-225290 + WO-244518\n**État du WO** : Travaux planifiés\n**Scope de maintenance** : EV - Espaces Verts\n**Date de planification** : 2026-09-22\n**Nécessité d'une nacelle** : oui\n**Verdict d'autonomie** : autonome\n**Motif du verdict** : clé électronique ILOQ ou ABLOY\n**Campagne d'appartenance** : Espaces Verts 2026 P2-SEE ALL\n**Donneur d'ordre de la campagne** : TOTEM\n**Colonne Ressources du périmètre** : SEE ALL\n**Provenance du repère** : airtable\n**Adresse du site** : Lieu-dit LES POULARDS\n**Numéro de département** : 3\n**Nom du site** : JALIGNY\n**Coordonnées** : 46.384351, 3.610685\n[[https://www.google.com/maps?q=46.384351,3.610685|Google Maps 🌍]] · [[https://www.google.com/maps/@?api=1&map_action=pano&viewpoint=46.384351,3.610685|Street View]]\n**Déchèteries pro les plus proches** :\n[[https://www.google.com/maps?q=46.359,3.79229|Déchèterie de le Donjon (Le Donjon, 14.2 km)]] — 0470318382\n[[https://www.google.com/maps?q=46.2541,3.52402|Déchèterie de Saint Gérand le Puy (Saint-Gérand-le-Puy, 15.9 km)]] — 0680844934\n[[https://www.google.com/maps?q=46.2374,3.64286|Déchèterie de Saint Prix (Saint-Prix, 16.5 km)]] — 0685017216\n[[https://www.google.com/maps/search/d%C3%A9ch%C3%A8terie/@46.384351,3.610685,12z|Toutes les déchèteries autour du site 🗑️]]\n\n**Fiche d'accès**\nDigicode: NON Badge: Boite à clés: Non Portail / Portillon: Electronique Délais de prévenance: Accès équipement(s): Badge: Clés: Clé électronique ABLOY Cadenas: Accès aérien(s): Digicode: NON Badge: Clés: Clé électronique ABLOY Cadenas: Commentaire d'accès: 03/06/26 D cockpit O+M: Site en accès libre",
    "origine": "airtable",
    "campagne": "Espaces Verts 2026 P2-SEE ALL",
    "towerco": "TOTEM",
    "ressources": "SEE ALL",
    "nom_site": "JALIGNY",
    "adresse": "Lieu-dit LES POULARDS",
    "departement": "3",
    "etat_wo": "Travaux planifiés",
    "wo": "WO-225290 + WO-244518",
    "scope": "EV - Espaces Verts",
    "acces_detail": "Digicode: NON Badge: Boite à clés: Non Portail / Portillon: Electronique Délais de prévenance: Accès équipement(s): Badge: Clés: Clé électronique ABLOY Cadenas: Accès aérien(s): Digicode: NON Badge: Clés: Clé électronique ABLOY Cadenas: Commentaire d'accès: 03/06/26 D cockpit O+M: Site en accès libre",
    "date_planification": "2026-09-22",
    "nacelle": true,
    "calque": "mp-ev-2026-p2-seeall",
    "code_fra": "FRA00300065",
    "acces_autonome": "autonome",
    "acces_motif": "clé électronique ILOQ ou ABLOY",
    "_umap_options": {
     "color": "#F59E0B",
     "iconClass": "Default"
    }
   }
  },
  {
   "type": "Feature",
   "geometry": {
    "type": "Point",
    "coordinates": [
     3.614168,
     46.339996
    ]
   },
   "properties": {
    "name": "FRA00300066 — ZB2_TREZELLES",
    "description": "**Numéro de Work Order** : WO-224821 + WO-244519\n**État du WO** : Travaux planifiés\n**Scope de maintenance** : EV - Espaces Verts\n**Date de planification** : 2026-09-22\n**Verdict d'autonomie** : autonome\n**Motif du verdict** : clé électronique ILOQ ou ABLOY\n**Campagne d'appartenance** : Espaces Verts 2026 P2-SEE ALL\n**Donneur d'ordre de la campagne** : TOTEM\n**Colonne Ressources du périmètre** : SEE ALL\n**Provenance du repère** : airtable\n**Adresse du site** : Lieu-dit La Décampe Chem de Trezelles\n**Numéro de département** : 3\n**Nom du site** : ZB2_TREZELLES\n**Coordonnées** : 46.339996, 3.614168\n[[https://www.google.com/maps?q=46.339996,3.614168|Google Maps 🌍]] · [[https://www.google.com/maps/@?api=1&map_action=pano&viewpoint=46.339996,3.614168|Street View]]\n**Déchèteries pro les plus proches** :\n[[https://www.google.com/maps?q=46.2374,3.64286|Déchèterie de Saint Prix (Saint-Prix, 11.6 km)]] — 0685017216\n[[https://www.google.com/maps?q=46.2541,3.52402|Déchèterie de Saint Gérand le Puy (Saint-Gérand-le-Puy, 11.8 km)]] — 0680844934\n[[https://www.google.com/maps?q=46.359,3.79229|Déchèterie de le Donjon (Le Donjon, 13.8 km)]] — 0470318382\n[[https://www.google.com/maps/search/d%C3%A9ch%C3%A8terie/@46.339996,3.614168,12z|Toutes les déchèteries autour du site 🗑️]]\n\n**Fiche d'accès**\nDigicode: NON Badge: Boite à clés: Portail / Portillon: Electronique Délais de prévenance: Accès équipement(s): Badge: Clés: Clé électronique ABLOY Clé mécanique Cadenas: Accès aérien(s): Digicode: Badge: Clés: Clé bailleur Cadenas: Commentaire d'accès:",
    "origine": "airtable",
    "campagne": "Espaces Verts 2026 P2-SEE ALL",
    "towerco": "TOTEM",
    "ressources": "SEE ALL",
    "nom_site": "ZB2_TREZELLES",
    "adresse": "Lieu-dit La Décampe Chem de Trezelles",
    "departement": "3",
    "etat_wo": "Travaux planifiés",
    "wo": "WO-224821 + WO-244519",
    "scope": "EV - Espaces Verts",
    "acces_detail": "Digicode: NON Badge: Boite à clés: Portail / Portillon: Electronique Délais de prévenance: Accès équipement(s): Badge: Clés: Clé électronique ABLOY Clé mécanique Cadenas: Accès aérien(s): Digicode: Badge: Clés: Clé bailleur Cadenas: Commentaire d'accès:",
    "date_planification": "2026-09-22",
    "calque": "mp-ev-2026-p2-seeall",
    "code_fra": "FRA00300066",
    "acces_autonome": "autonome",
    "acces_motif": "clé électronique ILOQ ou ABLOY",
    "_umap_options": {
     "color": "#F59E0B",
     "iconClass": "Default"
    }
   }
  },
  {
   "type": "Feature",
   "geometry": {
    "type": "Point",
    "coordinates": [
     3.544715,
     46.409159
    ]
   },
   "properties": {
    "name": "FRA00300067 — ZB2_THIONNE",
    "description": "**Numéro de Work Order** : WO-225095 + WO-244520\n**État du WO** : Travaux planifiés\n**Scope de maintenance** : EV - Espaces Verts\n**Date de planification** : 2026-09-23\n**Verdict d'autonomie** : autonome\n**Motif du verdict** : boîte à clés sur site\n**Campagne d'appartenance** : Espaces Verts 2026 P2-SEE ALL\n**Donneur d'ordre de la campagne** : TOTEM\n**Colonne Ressources du périmètre** : SEE ALL\n**Provenance du repère** : airtable\n**Adresse du site** : Le Château d'eau RD 102 EDF : ST VOIR\n**Numéro de département** : 3\n**Nom du site** : ZB2_THIONNE\n**Coordonnées** : 46.409159, 3.544715\n[[https://www.google.com/maps?q=46.409159,3.544715|Google Maps 🌍]] · [[https://www.google.com/maps/@?api=1&map_action=pano&viewpoint=46.409159,3.544715|Street View]]\n**Déchèteries pro les plus proches** :\n[[https://www.google.com/maps?q=46.3046,3.40756|Déchèterie de Varennes (Varennes-sur-Allier, 15.7 km)]] — 0685017218\n[[https://www.google.com/maps?q=46.2541,3.52402|Déchèterie de Saint Gérand le Puy (Saint-Gérand-le-Puy, 17.3 km)]] — 0680844934\n[[https://www.google.com/maps?q=46.3833,3.29093|Déchèterie de Monetay sur Allier (Monétay-sur-Allier, 19.7 km)]] — 0673673673\n[[https://www.google.com/maps/search/d%C3%A9ch%C3%A8terie/@46.409159,3.544715,12z|Toutes les déchèteries autour du site 🗑️]]\n\n**Fiche d'accès**\nDigicode: NON Badge: Boite à clés: Portail / Portillon: Mécanique Délais de prévenance: 1.0 Accès équipement(s): Badge: Clés: Clé mécanique Cadenas: Accès aérien(s): Digicode: NON Badge: Clés: Clé bailleur Cadenas: Commentaire d'accès:",
    "origine": "airtable",
    "campagne": "Espaces Verts 2026 P2-SEE ALL",
    "towerco": "TOTEM",
    "ressources": "SEE ALL",
    "nom_site": "ZB2_THIONNE",
    "adresse": "Le Château d'eau RD 102 EDF : ST VOIR",
    "departement": "3",
    "etat_wo": "Travaux planifiés",
    "wo": "WO-225095 + WO-244520",
    "scope": "EV - Espaces Verts",
    "acces_detail": "Digicode: NON Badge: Boite à clés: Portail / Portillon: Mécanique Délais de prévenance: 1.0 Accès équipement(s): Badge: Clés: Clé mécanique Cadenas: Accès aérien(s): Digicode: NON Badge: Clés: Clé bailleur Cadenas: Commentaire d'accès:",
    "date_planification": "2026-09-23",
    "calque": "mp-ev-2026-p2-seeall",
    "code_fra": "FRA00300067",
    "acces_autonome": "autonome",
    "acces_motif": "boîte à clés sur site",
    "_umap_options": {
     "color": "#F59E0B",
     "iconClass": "Default"
    }
   }
  },
  {
   "type": "Feature",
   "geometry": {
    "type": "Point",
    "coordinates": [
     3.654717,
     46.604157
    ]
   },
   "properties": {
    "name": "FRA00300068 — BEAULON",
    "description": "**Numéro de Work Order** : WO-224822 + WO-244521\n**État du WO** : Travaux planifiés\n**Scope de maintenance** : EV - Espaces Verts\n**Date de planification** : 2026-09-23\n**Verdict d'autonomie** : non_autonome\n**Motif du verdict** : site DIG Orange, non autonome par prudence\n**Campagne d'appartenance** : Espaces Verts 2026 P2-SEE ALL\n**Donneur d'ordre de la campagne** : TOTEM\n**Colonne Ressources du périmètre** : SEE ALL\n**Provenance du repère** : airtable\n**Adresse du site** : Lieu dit la Curesse\n**Numéro de département** : 3\n**Nom du site** : BEAULON\n**Coordonnées** : 46.604157, 3.654717\n[[https://www.google.com/maps?q=46.604157,3.654717|Google Maps 🌍]] · [[https://www.google.com/maps/@?api=1&map_action=pano&viewpoint=46.604157,3.654717|Street View]]\n**Déchèteries pro les plus proches** :\n[[https://www.google.com/maps?q=46.6242,3.73687|Déchèterie de Bourbon-lancy (nouvelle) (Bourbon-Lancy, 6.7 km)]] — 0385893018\n[[https://www.google.com/maps?q=46.7021,3.96189|Déchèterie d'Issy l'Eveque (Issy-l'Évêque, 25.9 km)]] — 0385249608\n[[https://www.google.com/maps?q=46.8523,3.63817|Déchèterie de Cercy la Tour (CERCY-LA-TOUR, 27.6 km)]] — 0386500337\n[[https://www.google.com/maps/search/d%C3%A9ch%C3%A8terie/@46.604157,3.654717,12z|Toutes les déchèteries autour du site 🗑️]]\n\n**Fiche d'accès**\nDigicode: Badge: Boite à clés: Oui Portail / Portillon: Délais de prévenance: Accès équipement(s): Badge: Non Clés: Cadenas: Accès aérien(s): Digicode: Badge: Clés: Clé mécanique Cadenas: Commentaire d'accès: 28/10/2025 Na cockpit O+M: Site DIG 2, accès en autonomie, Full TOTEM",
    "origine": "airtable",
    "campagne": "Espaces Verts 2026 P2-SEE ALL",
    "towerco": "TOTEM",
    "ressources": "SEE ALL",
    "nom_site": "BEAULON",
    "adresse": "Lieu dit la Curesse",
    "departement": "3",
    "etat_wo": "Travaux planifiés",
    "wo": "WO-224822 + WO-244521",
    "scope": "EV - Espaces Verts",
    "acces_detail": "Digicode: Badge: Boite à clés: Oui Portail / Portillon: Délais de prévenance: Accès équipement(s): Badge: Non Clés: Cadenas: Accès aérien(s): Digicode: Badge: Clés: Clé mécanique Cadenas: Commentaire d'accès: 28/10/2025 Na cockpit O+M: Site DIG 2, accès en autonomie, Full TOTEM",
    "date_planification": "2026-09-23",
    "calque": "mp-ev-2026-p2-seeall",
    "code_fra": "FRA00300068",
    "acces_autonome": "non_autonome",
    "acces_motif": "site DIG Orange, non autonome par prudence",
    "_umap_options": {
     "color": "#F59E0B",
     "iconClass": "Default"
    }
   }
  },
  {
   "type": "Feature",
   "geometry": {
    "type": "Point",
    "coordinates": [
     3.487151,
     46.599726
    ]
   },
   "properties": {
    "name": "FRA00300069 — LUSIGNY",
    "description": "**Numéro de Work Order** : WO-224306 + WO-244522\n**État du WO** : Travaux planifiés\n**Scope de maintenance** : EV - Espaces Verts\n**Date de planification** : 2026-09-23\n**Verdict d'autonomie** : autonome\n**Motif du verdict** : clé électronique ILOQ ou ABLOY\n**Campagne d'appartenance** : Espaces Verts 2026 P2-SEE ALL\n**Donneur d'ordre de la campagne** : TOTEM\n**Colonne Ressources du périmètre** : SEE ALL\n**Provenance du repère** : airtable\n**Adresse du site** : Lieu-dit\n**Numéro de département** : 3\n**Nom du site** : LUSIGNY\n**Coordonnées** : 46.599726, 3.487151\n[[https://www.google.com/maps?q=46.599726,3.487151|Google Maps 🌍]] · [[https://www.google.com/maps/@?api=1&map_action=pano&viewpoint=46.599726,3.487151|Street View]]\n**Déchèteries pro les plus proches** :\n[[https://www.google.com/maps?q=46.6242,3.73687|Déchèterie de Bourbon-lancy (nouvelle) (Bourbon-Lancy, 19.3 km)]] — 0385893018\n[[https://www.google.com/maps?q=46.8432,3.48863|Déchèterie de Champvert (CHAMPVERT, 27.1 km)]] — 0386251218\n[[https://www.google.com/maps?q=46.3833,3.29093|Déchèterie de Monetay sur Allier (Monétay-sur-Allier, 28.4 km)]] — 0673673673\n[[https://www.google.com/maps/search/d%C3%A9ch%C3%A8terie/@46.599726,3.487151,12z|Toutes les déchèteries autour du site 🗑️]]\n\n**Fiche d'accès**\nDigicode: NON Badge: Boite à clés: Portail / Portillon: Electronique Délais de prévenance: 3.0 Accès équipement(s): Badge: Clés: Cadenas: Accès aérien(s): Digicode: NON Badge: Clés: Cadenas: Commentaire d'accès: 27/03/2026 Cockpit O+M / A Cadenas ILOQ 16929067 sur le portillon Cadenas ILOQ 19091232 sur la porte coutier 09/04/2026 M cockpit O+M *Pour toute intervention, merci d'envoyer un mail à f.munet@orange.fr *Délai de prévenance: 3 jours à l'avance *Accès en autonomie. *Si besoin le contact de Mr Frederic MUNET : 06 29 51 75 61",
    "origine": "airtable",
    "campagne": "Espaces Verts 2026 P2-SEE ALL",
    "towerco": "TOTEM",
    "ressources": "SEE ALL",
    "nom_site": "LUSIGNY",
    "adresse": "Lieu-dit",
    "departement": "3",
    "etat_wo": "Travaux planifiés",
    "wo": "WO-224306 + WO-244522",
    "scope": "EV - Espaces Verts",
    "acces_detail": "Digicode: NON Badge: Boite à clés: Portail / Portillon: Electronique Délais de prévenance: 3.0 Accès équipement(s): Badge: Clés: Cadenas: Accès aérien(s): Digicode: NON Badge: Clés: Cadenas: Commentaire d'accès: 27/03/2026 Cockpit O+M / A Cadenas ILOQ 16929067 sur le portillon Cadenas ILOQ 19091232 sur la porte coutier 09/04/2026 M cockpit O+M *Pour toute intervention, merci d'envoyer un mail à f.munet@orange.fr *Délai de prévenance: 3 jours à l'avance *Accès en autonomie. *Si besoin le contact de Mr Frederic MUNET : 06 29 51 75 61",
    "date_planification": "2026-09-23",
    "calque": "mp-ev-2026-p2-seeall",
    "code_fra": "FRA00300069",
    "acces_autonome": "autonome",
    "acces_motif": "clé électronique ILOQ ou ABLOY",
    "_umap_options": {
     "color": "#F59E0B",
     "iconClass": "Default"
    }
   }
  },
  {
   "type": "Feature",
   "geometry": {
    "type": "Point",
    "coordinates": [
     3.538602,
     46.535824
    ]
   },
   "properties": {
    "name": "FRA00300070 — THIEL_SUR_ACOLIN_N79",
    "description": "**Verdict d'autonomie** : a_confirmer\n**Motif du verdict** : fiche d'accès vide\n**Campagne d'appartenance** : Espaces Verts 2026 P2-SEE ALL\n**Donneur d'ordre de la campagne** : TOTEM\n**Colonne Ressources du périmètre** : SEE ALL\n**Provenance du repère** : import\n**Adresse du site** : BOIS LA FORTE TERRE Les Gendelins\n**Numéro de département** : 03\n**Nom du site** : THIEL_SUR_ACOLIN_N79\n**Coordonnées** : 46.535824, 3.538602\n[[https://www.google.com/maps?q=46.535824,3.538602|Google Maps 🌍]] · [[https://www.google.com/maps/@?api=1&map_action=pano&viewpoint=46.535824,3.538602|Street View]]\n**Déchèteries pro les plus proches** :\n[[https://www.google.com/maps?q=46.6242,3.73687|Déchèterie de Bourbon-lancy (nouvelle) (Bourbon-Lancy, 18.1 km)]] — 0385893018\n[[https://www.google.com/maps?q=46.3833,3.29093|Déchèterie de Monetay sur Allier (Monétay-sur-Allier, 25.4 km)]] — 0673673673\n[[https://www.google.com/maps?q=46.3046,3.40756|Déchèterie de Varennes (Varennes-sur-Allier, 27.6 km)]] — 0685017218\n[[https://www.google.com/maps/search/d%C3%A9ch%C3%A8terie/@46.535824,3.538602,12z|Toutes les déchèteries autour du site 🗑️]]",
    "origine": "import",
    "campagne": "Espaces Verts 2026 P2-SEE ALL",
    "towerco": "TOTEM",
    "ressources": "SEE ALL",
    "nom_site": "THIEL_SUR_ACOLIN_N79",
    "adresse": "BOIS LA FORTE TERRE Les Gendelins",
    "departement": "03",
    "calque": "mp-ev-2026-p2-seeall",
    "code_fra": "FRA00300070",
    "acces_autonome": "a_confirmer",
    "acces_motif": "fiche d'accès vide",
    "_umap_options": {
     "color": "#67718A",
     "iconClass": "Default"
    }
   }
  },
  {
   "type": "Feature",
   "geometry": {
    "type": "Point",
    "coordinates": [
     3.65105,
     46.06162
    ]
   },
   "properties": {
    "name": "FRA00300072 — LE_MAYET_DE_MONTAGNE",
    "description": "**Numéro de Work Order** : WO-224307 + WO-244524\n**État du WO** : Travaux planifiés\n**Scope de maintenance** : EV - Espaces Verts\n**Date de planification** : 2026-09-24\n**Verdict d'autonomie** : autonome\n**Motif du verdict** : boîte à clés sur site\n**Campagne d'appartenance** : Espaces Verts 2026 P2-SEE ALL\n**Donneur d'ordre de la campagne** : TOTEM\n**Colonne Ressources du périmètre** : SEE ALL\n**Provenance du repère** : airtable\n**Adresse du site** : Lieu-dit la Roche\n**Numéro de département** : 3\n**Nom du site** : LE_MAYET_DE_MONTAGNE\n**Coordonnées** : 46.061620, 3.651050\n[[https://www.google.com/maps?q=46.061620,3.651050|Google Maps 🌍]] · [[https://www.google.com/maps/@?api=1&map_action=pano&viewpoint=46.061620,3.651050|Street View]]\n**Déchèteries pro les plus proches** :\n[[https://www.google.com/maps?q=46.0582,3.65774|Déchèterie de Mayet de Montagne (Le Mayet-de-Montagne, 0.6 km)]] — 0685017217\n[[https://www.google.com/maps?q=46.0756,3.46009|Déchèterie de Saint Yorre (Saint-Yorre, 14.8 km)]] — 0685017215\n[[https://www.google.com/maps?q=46.1428,3.44978|Déchèterie de Cusset (Cusset, 18.0 km)]] — 0470962261\n[[https://www.google.com/maps/search/d%C3%A9ch%C3%A8terie/@46.061620,3.651050,12z|Toutes les déchèteries autour du site 🗑️]]\n\n**Fiche d'accès**\nDigicode: NON Badge: Boite à clés: Oui Portail / Portillon: Mécanique Délais de prévenance: Accès équipement(s): Badge: Clés: Cadenas: Accès aérien(s): Digicode: NON Badge: Clés: Clé mécanique Cadenas: Commentaire d'accès: 02/06/2026 Na cockpit O+M : Site en accès libre",
    "origine": "airtable",
    "campagne": "Espaces Verts 2026 P2-SEE ALL",
    "towerco": "TOTEM",
    "ressources": "SEE ALL",
    "nom_site": "LE_MAYET_DE_MONTAGNE",
    "adresse": "Lieu-dit la Roche",
    "departement": "3",
    "etat_wo": "Travaux planifiés",
    "wo": "WO-224307 + WO-244524",
    "scope": "EV - Espaces Verts",
    "acces_detail": "Digicode: NON Badge: Boite à clés: Oui Portail / Portillon: Mécanique Délais de prévenance: Accès équipement(s): Badge: Clés: Cadenas: Accès aérien(s): Digicode: NON Badge: Clés: Clé mécanique Cadenas: Commentaire d'accès: 02/06/2026 Na cockpit O+M : Site en accès libre",
    "date_planification": "2026-09-24",
    "calque": "mp-ev-2026-p2-seeall",
    "code_fra": "FRA00300072",
    "acces_autonome": "autonome",
    "acces_motif": "boîte à clés sur site",
    "_umap_options": {
     "color": "#F59E0B",
     "iconClass": "Default"
    }
   }
  },
  {
   "type": "Feature",
   "geometry": {
    "type": "Point",
    "coordinates": [
     3.67902,
     45.978777
    ]
   },
   "properties": {
    "name": "FRA00300073 — ND_RS_BOIS_DE_VIALLE_ORF",
    "description": "**Numéro de Work Order** : WO-224308 + WO-244525\n**État du WO** : Travaux planifiés\n**Scope de maintenance** : EV - Espaces Verts\n**Date de planification** : 2026-09-24\n**Verdict d'autonomie** : autonome\n**Motif du verdict** : boîte à clés sur site\n**Campagne d'appartenance** : Espaces Verts 2026 P2-SEE ALL\n**Donneur d'ordre de la campagne** : TOTEM\n**Colonne Ressources du périmètre** : SEE ALL\n**Provenance du repère** : airtable\n**Adresse du site** : Lieu-dit La Font Carrée\n**Numéro de département** : 3\n**Nom du site** : ND_RS_BOIS_DE_VIALLE_ORF\n**Coordonnées** : 45.978777, 3.679020\n[[https://www.google.com/maps?q=45.978777,3.679020|Google Maps 🌍]] · [[https://www.google.com/maps/@?api=1&map_action=pano&viewpoint=45.978777,3.679020|Street View]]\n**Déchèteries pro les plus proches** :\n[[https://www.google.com/maps?q=46.0582,3.65774|Déchèterie de Mayet de Montagne (Le Mayet-de-Montagne, 9.0 km)]] — 0685017217\n[[https://www.google.com/maps?q=45.8819,3.59646|Déchèterie de Saint Rémy sur Durolle (Saint-Rémy-sur-Durolle, 12.5 km)]] — 0473801211\n[[https://www.google.com/maps?q=45.9147,3.83665|Déchèterie Saint-just-en-chevalet (Saint-Just-en-Chevalet, 14.1 km)]] — 0477651224\n[[https://www.google.com/maps/search/d%C3%A9ch%C3%A8terie/@45.978777,3.679020,12z|Toutes les déchèteries autour du site 🗑️]]\n\n**Fiche d'accès**\nDigicode: NON Badge: NON Boite à clés: Portail / Portillon: Mécanique Délais de prévenance: 1.0 Accès équipement(s): Badge: Clés: Clé mécanique Cadenas: Accès aérien(s): Digicode: NON Badge: Clés: Clé mécanique Cadenas: Commentaire d'accès: 30/10/2025 M cockpit O+M: *Pour toute intervention, merci d'envoyer un mail à mairie.lavoine@wanadoo.fr *Délai de prévenance: 24H à l'avance *Accès en autonomie. *En cas de besoin, le contact du Maire Mr Pierre GERARD: 06.60.72.76.76",
    "origine": "airtable",
    "campagne": "Espaces Verts 2026 P2-SEE ALL",
    "towerco": "TOTEM",
    "ressources": "SEE ALL",
    "nom_site": "ND_RS_BOIS_DE_VIALLE_ORF",
    "adresse": "Lieu-dit La Font Carrée",
    "departement": "3",
    "etat_wo": "Travaux planifiés",
    "wo": "WO-224308 + WO-244525",
    "scope": "EV - Espaces Verts",
    "acces_detail": "Digicode: NON Badge: NON Boite à clés: Portail / Portillon: Mécanique Délais de prévenance: 1.0 Accès équipement(s): Badge: Clés: Clé mécanique Cadenas: Accès aérien(s): Digicode: NON Badge: Clés: Clé mécanique Cadenas: Commentaire d'accès: 30/10/2025 M cockpit O+M: *Pour toute intervention, merci d'envoyer un mail à mairie.lavoine@wanadoo.fr *Délai de prévenance: 24H à l'avance *Accès en autonomie. *En cas de besoin, le contact du Maire Mr Pierre GERARD: 06.60.72.76.76",
    "date_planification": "2026-09-24",
    "calque": "mp-ev-2026-p2-seeall",
    "code_fra": "FRA00300073",
    "acces_autonome": "autonome",
    "acces_motif": "boîte à clés sur site",
    "_umap_options": {
     "color": "#F59E0B",
     "iconClass": "Default"
    }
   }
  },
  {
   "type": "Feature",
   "geometry": {
    "type": "Point",
    "coordinates": [
     3.441797,
     46.219209
    ]
   },
   "properties": {
    "name": "FRA00300077 — BILLY",
    "description": "**Numéro de Work Order** : WO-225098 + WO-244526\n**État du WO** : Travaux planifiés\n**Scope de maintenance** : EV - Espaces Verts\n**Date de planification** : 2026-09-24\n**Verdict d'autonomie** : autonome\n**Motif du verdict** : clé électronique ILOQ ou ABLOY\n**Campagne d'appartenance** : Espaces Verts 2026 P2-SEE ALL\n**Donneur d'ordre de la campagne** : TOTEM\n**Colonne Ressources du périmètre** : SEE ALL\n**Provenance du repère** : airtable\n**Adresse du site** : LDT LA CHASSAIGNE CD 173\n**Numéro de département** : 3\n**Nom du site** : BILLY\n**Coordonnées** : 46.219209, 3.441797\n[[https://www.google.com/maps?q=46.219209,3.441797|Google Maps 🌍]] · [[https://www.google.com/maps/@?api=1&map_action=pano&viewpoint=46.219209,3.441797|Street View]]\n**Déchèteries pro les plus proches** :\n[[https://www.google.com/maps?q=46.2126,3.44066|Déchèterie de Saint Germain des Fossés (Saint-Germain-des-Fossés, 0.7 km)]] — 0685017214\n[[https://www.google.com/maps?q=46.2541,3.52402|Déchèterie de Saint Gérand le Puy (Saint-Gérand-le-Puy, 7.4 km)]] — 0680844934\n[[https://www.google.com/maps?q=46.1428,3.44978|Déchèterie de Cusset (Cusset, 8.5 km)]] — 0470962261\n[[https://www.google.com/maps/search/d%C3%A9ch%C3%A8terie/@46.219209,3.441797,12z|Toutes les déchèteries autour du site 🗑️]]\n\n**Fiche d'accès**\nDigicode: Badge: Boite à clés: Non Portail / Portillon: Délais de prévenance: 0.0 Accès équipement(s): Badge: Clés: Cadenas: Accès aérien(s): Digicode: Badge: Clés: Cadenas: Commentaire d'accès: 30/07/2026 Cockpit O+M / A Serrure ILOQ 19068112 Cadenas ILOQ 16927662 sur le pylône",
    "origine": "airtable",
    "campagne": "Espaces Verts 2026 P2-SEE ALL",
    "towerco": "TOTEM",
    "ressources": "SEE ALL",
    "nom_site": "BILLY",
    "adresse": "LDT LA CHASSAIGNE CD 173",
    "departement": "3",
    "etat_wo": "Travaux planifiés",
    "wo": "WO-225098 + WO-244526",
    "scope": "EV - Espaces Verts",
    "acces_detail": "Digicode: Badge: Boite à clés: Non Portail / Portillon: Délais de prévenance: 0.0 Accès équipement(s): Badge: Clés: Cadenas: Accès aérien(s): Digicode: Badge: Clés: Cadenas: Commentaire d'accès: 30/07/2026 Cockpit O+M / A Serrure ILOQ 19068112 Cadenas ILOQ 16927662 sur le pylône",
    "date_planification": "2026-09-24",
    "calque": "mp-ev-2026-p2-seeall",
    "code_fra": "FRA00300077",
    "acces_autonome": "autonome",
    "acces_motif": "clé électronique ILOQ ou ABLOY",
    "_umap_options": {
     "color": "#F59E0B",
     "iconClass": "Default"
    }
   }
  },
  {
   "type": "Feature",
   "geometry": {
    "type": "Point",
    "coordinates": [
     3.696289,
     46.503313
    ]
   },
   "properties": {
    "name": "FRA00300079 — DOMPIERRE_SUR_BESBRE",
    "description": "**Numéro de Work Order** : WO-224309 + WO-244527\n**État du WO** : Travaux planifiés\n**Scope de maintenance** : EV - Espaces Verts\n**Date de planification** : 2026-09-24\n**État de consignation du site** : Consigne Particulière\n**Verdict d'autonomie** : non_autonome\n**Motif du verdict** : site DIG Orange, non autonome par prudence\n**Campagne d'appartenance** : Espaces Verts 2026 P2-SEE ALL\n**Donneur d'ordre de la campagne** : TOTEM\n**Colonne Ressources du périmètre** : SEE ALL\n**Provenance du repère** : airtable\n**Adresse du site** : CHEMIN VICINAL ORDINAIRE N 4 D\n**Numéro de département** : 3\n**Nom du site** : DOMPIERRE_SUR_BESBRE\n**Coordonnées** : 46.503313, 3.696289\n[[https://www.google.com/maps?q=46.503313,3.696289|Google Maps 🌍]] · [[https://www.google.com/maps/@?api=1&map_action=pano&viewpoint=46.503313,3.696289|Street View]]\n**Déchèteries pro les plus proches** :\n[[https://www.google.com/maps?q=46.6242,3.73687|Déchèterie de Bourbon-lancy (nouvelle) (Bourbon-Lancy, 13.8 km)]] — 0385893018\n[[https://www.google.com/maps?q=46.359,3.79229|Déchèterie de le Donjon (Le Donjon, 17.7 km)]] — 0470318382\n[[https://www.google.com/maps?q=46.4811,4.01045|Déchèterie de Digoin (Digoin, 24.2 km)]] — 0648643683\n[[https://www.google.com/maps/search/d%C3%A9ch%C3%A8terie/@46.503313,3.696289,12z|Toutes les déchèteries autour du site 🗑️]]\n\n**Fiche d'accès**\nDigicode: Non Badge: Boite à clés: Portail / Portillon: Non - Socotel Auvergne Délais de prévenance: Accès équipement(s): Badge: Clés: Clé électronique ABLOY Cadenas: Accès aérien(s): Digicode: NON Badge: Clés: Clé mécanique Cadenas: Commentaire d'accès: 22/01/2026 Na cockpit O+M : DIG 2, Full TOTEM",
    "origine": "airtable",
    "campagne": "Espaces Verts 2026 P2-SEE ALL",
    "towerco": "TOTEM",
    "ressources": "SEE ALL",
    "nom_site": "DOMPIERRE_SUR_BESBRE",
    "adresse": "CHEMIN VICINAL ORDINAIRE N 4 D",
    "departement": "3",
    "etat_wo": "Travaux planifiés",
    "wo": "WO-224309 + WO-244527",
    "scope": "EV - Espaces Verts",
    "consignation": "Consigne Particulière",
    "acces_detail": "Digicode: Non Badge: Boite à clés: Portail / Portillon: Non - Socotel Auvergne Délais de prévenance: Accès équipement(s): Badge: Clés: Clé électronique ABLOY Cadenas: Accès aérien(s): Digicode: NON Badge: Clés: Clé mécanique Cadenas: Commentaire d'accès: 22/01/2026 Na cockpit O+M : DIG 2, Full TOTEM",
    "date_planification": "2026-09-24",
    "calque": "mp-ev-2026-p2-seeall",
    "code_fra": "FRA00300079",
    "acces_autonome": "non_autonome",
    "acces_motif": "site DIG Orange, non autonome par prudence",
    "_umap_options": {
     "color": "#F59E0B",
     "iconClass": "Default"
    }
   }
  },
  {
   "type": "Feature",
   "geometry": {
    "type": "Point",
    "coordinates": [
     3.412592,
     46.162705
    ]
   },
   "properties": {
    "name": "FRA00300082 — CREUZIER_LE_VIEUX",
    "description": "**Numéro de Work Order** : WO-224310 + WO-244528\n**État du WO** : Travaux planifiés\n**Scope de maintenance** : EV - Espaces Verts\n**Date de planification** : 2026-09-24\n**Nécessité d'une nacelle** : oui\n**Verdict d'autonomie** : autonome\n**Motif du verdict** : clé électronique ILOQ ou ABLOY\n**Campagne d'appartenance** : Espaces Verts 2026 P2-SEE ALL\n**Donneur d'ordre de la campagne** : TOTEM\n**Colonne Ressources du périmètre** : SEE ALL\n**Provenance du repère** : airtable\n**Adresse du site** : 2 W Rue du Commandant Aubrey\n**Numéro de département** : 3\n**Nom du site** : CREUZIER_LE_VIEUX\n**Coordonnées** : 46.162705, 3.412592\n[[https://www.google.com/maps?q=46.162705,3.412592|Google Maps 🌍]] · [[https://www.google.com/maps/@?api=1&map_action=pano&viewpoint=46.162705,3.412592|Street View]]\n**Déchèteries pro les plus proches** :\n[[https://www.google.com/maps?q=46.1524,3.38485|Déchèterie de Charmeil (Charmeil, 2.4 km)]] — 0684839604\n[[https://www.google.com/maps?q=46.1428,3.44978|Déchèterie de Cusset (Cusset, 3.6 km)]] — 0470962261\n[[https://www.google.com/maps?q=46.2126,3.44066|Déchèterie de Saint Germain des Fossés (Saint-Germain-des-Fossés, 6.0 km)]] — 0685017214\n[[https://www.google.com/maps/search/d%C3%A9ch%C3%A8terie/@46.162705,3.412592,12z|Toutes les déchèteries autour du site 🗑️]]\n\n**Fiche d'accès**\nDigicode: NON Badge: Boite à clés: Non Portail / Portillon: Non - ABLOY_portail OR/ACBCK (en stock sous CWB !) Délais de prévenance: 1.0 Accès équipement(s): Badge: Clés: Clé électronique ABLOY Cadenas: Accès aérien(s): Digicode: NON Badge: Clés: Clé électronique ABLOY Cadenas: Commentaire d'accès:",
    "origine": "airtable",
    "campagne": "Espaces Verts 2026 P2-SEE ALL",
    "towerco": "TOTEM",
    "ressources": "SEE ALL",
    "nom_site": "CREUZIER_LE_VIEUX",
    "adresse": "2 W Rue du Commandant Aubrey",
    "departement": "3",
    "etat_wo": "Travaux planifiés",
    "wo": "WO-224310 + WO-244528",
    "scope": "EV - Espaces Verts",
    "acces_detail": "Digicode: NON Badge: Boite à clés: Non Portail / Portillon: Non - ABLOY_portail OR/ACBCK (en stock sous CWB !) Délais de prévenance: 1.0 Accès équipement(s): Badge: Clés: Clé électronique ABLOY Cadenas: Accès aérien(s): Digicode: NON Badge: Clés: Clé électronique ABLOY Cadenas: Commentaire d'accès:",
    "date_planification": "2026-09-24",
    "nacelle": true,
    "calque": "mp-ev-2026-p2-seeall",
    "code_fra": "FRA00300082",
    "acces_autonome": "autonome",
    "acces_motif": "clé électronique ILOQ ou ABLOY",
    "_umap_options": {
     "color": "#F59E0B",
     "iconClass": "Default"
    }
   }
  },
  {
   "type": "Feature",
   "geometry": {
    "type": "Point",
    "coordinates": [
     3.4398,
     46.140965
    ]
   },
   "properties": {
    "name": "FRA00300083 — VICHY_ZI",
    "description": "**Numéro de Work Order** : WO-223744 + WO-244529\n**État du WO** : Travaux planifiés\n**Scope de maintenance** : EV - Espaces Verts\n**Date de planification** : 2026-09-25\n**Verdict d'autonomie** : autonome\n**Motif du verdict** : boîte à clés sur site\n**Campagne d'appartenance** : Espaces Verts 2026 P2-SEE ALL\n**Donneur d'ordre de la campagne** : TOTEM\n**Colonne Ressources du périmètre** : SEE ALL\n**Provenance du repère** : airtable\n**Adresse du site** : 36, Rue AMPERE ZI\n**Numéro de département** : 3\n**Nom du site** : VICHY_ZI\n**Coordonnées** : 46.140965, 3.439800\n[[https://www.google.com/maps?q=46.140965,3.439800|Google Maps 🌍]] · [[https://www.google.com/maps/@?api=1&map_action=pano&viewpoint=46.140965,3.439800|Street View]]\n**Déchèteries pro les plus proches** :\n[[https://www.google.com/maps?q=46.1428,3.44978|Déchèterie de Cusset (Cusset, 0.8 km)]] — 0470962261\n[[https://www.google.com/maps?q=46.1524,3.38485|Déchèterie de Charmeil (Charmeil, 4.4 km)]] — 0684839604\n[[https://www.google.com/maps?q=46.0756,3.46009|Déchèterie de Saint Yorre (Saint-Yorre, 7.4 km)]] — 0685017215\n[[https://www.google.com/maps/search/d%C3%A9ch%C3%A8terie/@46.140965,3.439800,12z|Toutes les déchèteries autour du site 🗑️]]\n\n**Fiche d'accès**\nDigicode: NON Badge: Boite à clés: Non Portail / Portillon: Electronique Délais de prévenance: Accès équipement(s): Badge: Clés: Cadenas: Accès aérien(s): Digicode: NON Badge: Clés: Clé mécanique Cadenas: Commentaire d'accès:",
    "origine": "airtable",
    "campagne": "Espaces Verts 2026 P2-SEE ALL",
    "towerco": "TOTEM",
    "ressources": "SEE ALL",
    "nom_site": "VICHY_ZI",
    "adresse": "36, Rue AMPERE ZI",
    "departement": "3",
    "etat_wo": "Travaux planifiés",
    "wo": "WO-223744 + WO-244529",
    "scope": "EV - Espaces Verts",
    "acces_detail": "Digicode: NON Badge: Boite à clés: Non Portail / Portillon: Electronique Délais de prévenance: Accès équipement(s): Badge: Clés: Cadenas: Accès aérien(s): Digicode: NON Badge: Clés: Clé mécanique Cadenas: Commentaire d'accès:",
    "date_planification": "2026-09-25",
    "calque": "mp-ev-2026-p2-seeall",
    "code_fra": "FRA00300083",
    "acces_autonome": "autonome",
    "acces_motif": "boîte à clés sur site",
    "_umap_options": {
     "color": "#F59E0B",
     "iconClass": "Default"
    }
   }
  },
  {
   "type": "Feature",
   "geometry": {
    "type": "Point",
    "coordinates": [
     3.423325,
     46.155431
    ]
   },
   "properties": {
    "name": "FRA00300084 — CREUZIER_CHARMES",
    "description": "**Numéro de Work Order** : WO-223745 + WO-244530\n**État du WO** : Travaux planifiés\n**Scope de maintenance** : EV - Espaces Verts\n**Date de planification** : 2026-09-25\n**Verdict d'autonomie** : autonome\n**Motif du verdict** : clé électronique ILOQ ou ABLOY\n**Campagne d'appartenance** : Espaces Verts 2026 P2-SEE ALL\n**Donneur d'ordre de la campagne** : TOTEM\n**Colonne Ressources du périmètre** : SEE ALL\n**Provenance du repère** : airtable\n**Adresse du site** : Les Varennes EDF : Rue des Vergnes\n**Numéro de département** : 3\n**Nom du site** : CREUZIER_CHARMES\n**Coordonnées** : 46.155431, 3.423325\n[[https://www.google.com/maps?q=46.155431,3.423325|Google Maps 🌍]] · [[https://www.google.com/maps/@?api=1&map_action=pano&viewpoint=46.155431,3.423325|Street View]]\n**Déchèteries pro les plus proches** :\n[[https://www.google.com/maps?q=46.1428,3.44978|Déchèterie de Cusset (Cusset, 2.5 km)]] — 0470962261\n[[https://www.google.com/maps?q=46.1524,3.38485|Déchèterie de Charmeil (Charmeil, 3.0 km)]] — 0684839604\n[[https://www.google.com/maps?q=46.2126,3.44066|Déchèterie de Saint Germain des Fossés (Saint-Germain-des-Fossés, 6.5 km)]] — 0685017214\n[[https://www.google.com/maps/search/d%C3%A9ch%C3%A8terie/@46.155431,3.423325,12z|Toutes les déchèteries autour du site 🗑️]]\n\n**Fiche d'accès**\nDigicode: NON Badge: Boite à clés: Non Portail / Portillon: Electronique Délais de prévenance: Accès équipement(s): Badge: Clés: Clé électronique ABLOY Cadenas: Accès aérien(s): Digicode: NON Badge: Clés: Clé mécanique Cadenas: Commentaire d'accès:",
    "origine": "airtable",
    "campagne": "Espaces Verts 2026 P2-SEE ALL",
    "towerco": "TOTEM",
    "ressources": "SEE ALL",
    "nom_site": "CREUZIER_CHARMES",
    "adresse": "Les Varennes EDF : Rue des Vergnes",
    "departement": "3",
    "etat_wo": "Travaux planifiés",
    "wo": "WO-223745 + WO-244530",
    "scope": "EV - Espaces Verts",
    "acces_detail": "Digicode: NON Badge: Boite à clés: Non Portail / Portillon: Electronique Délais de prévenance: Accès équipement(s): Badge: Clés: Clé électronique ABLOY Cadenas: Accès aérien(s): Digicode: NON Badge: Clés: Clé mécanique Cadenas: Commentaire d'accès:",
    "date_planification": "2026-09-25",
    "calque": "mp-ev-2026-p2-seeall",
    "code_fra": "FRA00300084",
    "acces_autonome": "autonome",
    "acces_motif": "clé électronique ILOQ ou ABLOY",
    "_umap_options": {
     "color": "#F59E0B",
     "iconClass": "Default"
    }
   }
  },
  {
   "type": "Feature",
   "geometry": {
    "type": "Point",
    "coordinates": [
     3.456695,
     46.142977
    ]
   },
   "properties": {
    "name": "FRA00300085 — VICHY_RTE_DE_PARIS",
    "description": "**Numéro de Work Order** : WO-224830 + WO-244531\n**État du WO** : Travaux planifiés\n**Scope de maintenance** : EV - Espaces Verts\n**Date de planification** : 2026-09-25\n**Nécessité d'une nacelle** : oui\n**Verdict d'autonomie** : autonome\n**Motif du verdict** : boîte à clés sur site\n**Campagne d'appartenance** : Espaces Verts 2026 P2-SEE ALL\n**Donneur d'ordre de la campagne** : TOTEM\n**Colonne Ressources du périmètre** : SEE ALL\n**Provenance du repère** : airtable\n**Adresse du site** : 53 Route de Paris\n**Numéro de département** : 3\n**Nom du site** : VICHY_RTE_DE_PARIS\n**Coordonnées** : 46.142977, 3.456695\n[[https://www.google.com/maps?q=46.142977,3.456695|Google Maps 🌍]] · [[https://www.google.com/maps/@?api=1&map_action=pano&viewpoint=46.142977,3.456695|Street View]]\n**Déchèteries pro les plus proches** :\n[[https://www.google.com/maps?q=46.1428,3.44978|Déchèterie de Cusset (Cusset, 0.5 km)]] — 0470962261\n[[https://www.google.com/maps?q=46.1524,3.38485|Déchèterie de Charmeil (Charmeil, 5.6 km)]] — 0684839604\n[[https://www.google.com/maps?q=46.0756,3.46009|Déchèterie de Saint Yorre (Saint-Yorre, 7.5 km)]] — 0685017215\n[[https://www.google.com/maps/search/d%C3%A9ch%C3%A8terie/@46.142977,3.456695,12z|Toutes les déchèteries autour du site 🗑️]]\n\n**Fiche d'accès**\nDigicode: NON Badge: NON Boite à clés: Portail / Portillon: Mécanique - 1 clé BERN pour le portail d’accès au site Délais de prévenance: 15.0 Accès équipement(s): Badge: Clés: Cadenas: Accès aérien(s): Digicode: NON Badge: Clés: Clé mécanique Cadenas: Commentaire d'accès: 09/02/26 D cockpit O+M: APW FRANCE: 01 78 90 14 00 Prévenance obligatoire par mail: patrimoine@apwfrance.fr Délai de prévenance: 2 semaines à l'avance Les informations d’accès seront communiquées dans leur message. Pensez à les solliciter dans le courriel de prévenance",
    "origine": "airtable",
    "campagne": "Espaces Verts 2026 P2-SEE ALL",
    "towerco": "TOTEM",
    "ressources": "SEE ALL",
    "nom_site": "VICHY_RTE_DE_PARIS",
    "adresse": "53 Route de Paris",
    "departement": "3",
    "etat_wo": "Travaux planifiés",
    "wo": "WO-224830 + WO-244531",
    "scope": "EV - Espaces Verts",
    "acces_detail": "Digicode: NON Badge: NON Boite à clés: Portail / Portillon: Mécanique - 1 clé BERN pour le portail d’accès au site Délais de prévenance: 15.0 Accès équipement(s): Badge: Clés: Cadenas: Accès aérien(s): Digicode: NON Badge: Clés: Clé mécanique Cadenas: Commentaire d'accès: 09/02/26 D cockpit O+M: APW FRANCE: 01 78 90 14 00 Prévenance obligatoire par mail: patrimoine@apwfrance.fr Délai de prévenance: 2 semaines à l'avance Les informations d’accès seront communiquées dans leur message. Pensez à les solliciter dans le courriel de prévenance",
    "date_planification": "2026-09-25",
    "nacelle": true,
    "calque": "mp-ev-2026-p2-seeall",
    "code_fra": "FRA00300085",
    "acces_autonome": "autonome",
    "acces_motif": "boîte à clés sur site",
    "_umap_options": {
     "color": "#F59E0B",
     "iconClass": "Default"
    }
   }
  },
  {
   "type": "Feature",
   "geometry": {
    "type": "Point",
    "coordinates": [
     3.428839,
     46.137842
    ]
   },
   "properties": {
    "name": "FRA00300086 — VICHY_GRAVES",
    "description": "**Numéro de Work Order** : WO-224311 + WO-244532\n**État du WO** : Travaux planifiés\n**Scope de maintenance** : EV - Espaces Verts\n**Date de planification** : 2026-09-25\n**Nécessité d'une nacelle** : oui\n**Verdict d'autonomie** : autonome\n**Motif du verdict** : clé électronique ILOQ ou ABLOY\n**Campagne d'appartenance** : Espaces Verts 2026 P2-SEE ALL\n**Donneur d'ordre de la campagne** : TOTEM\n**Colonne Ressources du périmètre** : SEE ALL\n**Provenance du repère** : airtable\n**Adresse du site** : 24 Chemin des Bartins\n**Numéro de département** : 3\n**Nom du site** : VICHY_GRAVES\n**Coordonnées** : 46.137842, 3.428839\n[[https://www.google.com/maps?q=46.137842,3.428839|Google Maps 🌍]] · [[https://www.google.com/maps/@?api=1&map_action=pano&viewpoint=46.137842,3.428839|Street View]]\n**Déchèteries pro les plus proches** :\n[[https://www.google.com/maps?q=46.1428,3.44978|Déchèterie de Cusset (Cusset, 1.7 km)]] — 0470962261\n[[https://www.google.com/maps?q=46.1524,3.38485|Déchèterie de Charmeil (Charmeil, 3.8 km)]] — 0684839604\n[[https://www.google.com/maps?q=46.0756,3.46009|Déchèterie de Saint Yorre (Saint-Yorre, 7.3 km)]] — 0685017215\n[[https://www.google.com/maps/search/d%C3%A9ch%C3%A8terie/@46.137842,3.428839,12z|Toutes les déchèteries autour du site 🗑️]]\n\n**Fiche d'accès**\nDigicode: NON Badge: NON Boite à clés: Non Portail / Portillon: Electronique Délais de prévenance: Accès équipement(s): Badge: Non Clés: Clé électronique ABLOY Cadenas: Accès aérien(s): Digicode: NON Badge: Non Clés: Clé bailleur Cadenas: Commentaire d'accès: Accès24hl24h,7jl7j par le Chemin des Bartins",
    "origine": "airtable",
    "campagne": "Espaces Verts 2026 P2-SEE ALL",
    "towerco": "TOTEM",
    "ressources": "SEE ALL",
    "nom_site": "VICHY_GRAVES",
    "adresse": "24 Chemin des Bartins",
    "departement": "3",
    "etat_wo": "Travaux planifiés",
    "wo": "WO-224311 + WO-244532",
    "scope": "EV - Espaces Verts",
    "acces_detail": "Digicode: NON Badge: NON Boite à clés: Non Portail / Portillon: Electronique Délais de prévenance: Accès équipement(s): Badge: Non Clés: Clé électronique ABLOY Cadenas: Accès aérien(s): Digicode: NON Badge: Non Clés: Clé bailleur Cadenas: Commentaire d'accès: Accès24hl24h,7jl7j par le Chemin des Bartins",
    "date_planification": "2026-09-25",
    "nacelle": true,
    "calque": "mp-ev-2026-p2-seeall",
    "code_fra": "FRA00300086",
    "acces_autonome": "autonome",
    "acces_motif": "clé électronique ILOQ ou ABLOY",
    "_umap_options": {
     "color": "#F59E0B",
     "iconClass": "Default"
    }
   }
  },
  {
   "type": "Feature",
   "geometry": {
    "type": "Point",
    "coordinates": [
     3.493889,
     46.525823
    ]
   },
   "properties": {
    "name": "FRA00300091 — MONTBEUGNY",
    "description": "**Numéro de Work Order** : WO-224022 + WO-244536\n**État du WO** : Travaux planifiés\n**Scope de maintenance** : EV - Espaces Verts\n**Date de planification** : 2026-09-28\n**Verdict d'autonomie** : autonome\n**Motif du verdict** : clé électronique ILOQ ou ABLOY\n**Campagne d'appartenance** : Espaces Verts 2026 P2-SEE ALL\n**Donneur d'ordre de la campagne** : TOTEM\n**Colonne Ressources du périmètre** : SEE ALL\n**Provenance du repère** : airtable\n**Adresse du site** : Route du Chapeau (EDF) Stade municipal de Montbeugny\n**Numéro de département** : 3\n**Nom du site** : MONTBEUGNY\n**Coordonnées** : 46.525823, 3.493889\n[[https://www.google.com/maps?q=46.525823,3.493889|Google Maps 🌍]] · [[https://www.google.com/maps/@?api=1&map_action=pano&viewpoint=46.525823,3.493889|Street View]]\n**Déchèteries pro les plus proches** :\n[[https://www.google.com/maps?q=46.6242,3.73687|Déchèterie de Bourbon-lancy (nouvelle) (Bourbon-Lancy, 21.6 km)]] — 0385893018\n[[https://www.google.com/maps?q=46.3833,3.29093|Déchèterie de Monetay sur Allier (Monétay-sur-Allier, 22.2 km)]] — 0673673673\n[[https://www.google.com/maps?q=46.3046,3.40756|Déchèterie de Varennes (Varennes-sur-Allier, 25.5 km)]] — 0685017218\n[[https://www.google.com/maps/search/d%C3%A9ch%C3%A8terie/@46.525823,3.493889,12z|Toutes les déchèteries autour du site 🗑️]]\n\n**Fiche d'accès**\nDigicode: NON Badge: Boite à clés: Oui Portail / Portillon: Mécanique - Clé dans BAC ABLOY ORANGE Délais de prévenance: Accès équipement(s): Badge: Clés: Clé mécanique Cadenas: Accès aérien(s): Digicode: NON Badge: Clés: Clé électronique ABLOY Cadenas: Commentaire d'accès:",
    "origine": "airtable",
    "campagne": "Espaces Verts 2026 P2-SEE ALL",
    "towerco": "TOTEM",
    "ressources": "SEE ALL",
    "nom_site": "MONTBEUGNY",
    "adresse": "Route du Chapeau (EDF) Stade municipal de Montbeugny",
    "departement": "3",
    "etat_wo": "Travaux planifiés",
    "wo": "WO-224022 + WO-244536",
    "scope": "EV - Espaces Verts",
    "acces_detail": "Digicode: NON Badge: Boite à clés: Oui Portail / Portillon: Mécanique - Clé dans BAC ABLOY ORANGE Délais de prévenance: Accès équipement(s): Badge: Clés: Clé mécanique Cadenas: Accès aérien(s): Digicode: NON Badge: Clés: Clé électronique ABLOY Cadenas: Commentaire d'accès:",
    "date_planification": "2026-09-28",
    "calque": "mp-ev-2026-p2-seeall",
    "code_fra": "FRA00300091",
    "acces_autonome": "autonome",
    "acces_motif": "clé électronique ILOQ ou ABLOY",
    "_umap_options": {
     "color": "#F59E0B",
     "iconClass": "Default"
    }
   }
  },
  {
   "type": "Feature",
   "geometry": {
    "type": "Point",
    "coordinates": [
     3.439087,
     46.494514
    ]
   },
   "properties": {
    "name": "FRA00300092 — NEUILLY",
    "description": "**Numéro de Work Order** : WO-225716 + WO-244537\n**État du WO** : Travaux planifiés\n**Scope de maintenance** : EV - Espaces Verts\n**Date de planification** : 2026-09-28\n**Verdict d'autonomie** : autonome\n**Motif du verdict** : clé électronique ILOQ ou ABLOY\n**Campagne d'appartenance** : Espaces Verts 2026 P2-SEE ALL\n**Donneur d'ordre de la campagne** : TOTEM\n**Colonne Ressources du périmètre** : SEE ALL\n**Provenance du repère** : airtable\n**Adresse du site** : Lieu dit la Garenne\n**Numéro de département** : 3\n**Nom du site** : NEUILLY\n**Coordonnées** : 46.494514, 3.439087\n[[https://www.google.com/maps?q=46.494514,3.439087|Google Maps 🌍]] · [[https://www.google.com/maps/@?api=1&map_action=pano&viewpoint=46.494514,3.439087|Street View]]\n**Déchèteries pro les plus proches** :\n[[https://www.google.com/maps?q=46.3833,3.29093|Déchèterie de Monetay sur Allier (Monétay-sur-Allier, 16.8 km)]] — 0673673673\n[[https://www.google.com/maps?q=46.3046,3.40756|Déchèterie de Varennes (Varennes-sur-Allier, 21.3 km)]] — 0685017218\n[[https://www.google.com/maps?q=46.6242,3.73687|Déchèterie de Bourbon-lancy (nouvelle) (Bourbon-Lancy, 27.0 km)]] — 0385893018\n[[https://www.google.com/maps/search/d%C3%A9ch%C3%A8terie/@46.494514,3.439087,12z|Toutes les déchèteries autour du site 🗑️]]\n\n**Fiche d'accès**\nDigicode: NON Badge: NON Boite à clés: Non Portail / Portillon: Electronique Délais de prévenance: Accès équipement(s): Badge: Clés: Clé électronique ABLOY Cadenas: Accès aérien(s): Digicode: NON Badge: Clés: Clé électronique ABLOY Cadenas: Commentaire d'accès: 10/06/26 D cockpit O+M: Site en accès libre",
    "origine": "airtable",
    "campagne": "Espaces Verts 2026 P2-SEE ALL",
    "towerco": "TOTEM",
    "ressources": "SEE ALL",
    "nom_site": "NEUILLY",
    "adresse": "Lieu dit la Garenne",
    "departement": "3",
    "etat_wo": "Travaux planifiés",
    "wo": "WO-225716 + WO-244537",
    "scope": "EV - Espaces Verts",
    "acces_detail": "Digicode: NON Badge: NON Boite à clés: Non Portail / Portillon: Electronique Délais de prévenance: Accès équipement(s): Badge: Clés: Clé électronique ABLOY Cadenas: Accès aérien(s): Digicode: NON Badge: Clés: Clé électronique ABLOY Cadenas: Commentaire d'accès: 10/06/26 D cockpit O+M: Site en accès libre",
    "date_planification": "2026-09-28",
    "calque": "mp-ev-2026-p2-seeall",
    "code_fra": "FRA00300092",
    "acces_autonome": "autonome",
    "acces_motif": "clé électronique ILOQ ou ABLOY",
    "_umap_options": {
     "color": "#F59E0B",
     "iconClass": "Default"
    }
   }
  },
  {
   "type": "Feature",
   "geometry": {
    "type": "Point",
    "coordinates": [
     3.392907,
     46.371557
    ]
   },
   "properties": {
    "name": "FRA00300093 — ND_MP_SAINT_GERAND_DE_VAUX_ORF",
    "description": "**Numéro de Work Order** : WO-244538\n**État du WO** : Travaux planifiés\n**Scope de maintenance** : EV - Espaces Verts\n**Date de planification** : 2026-09-29\n**Verdict d'autonomie** : autonome\n**Motif du verdict** : clé électronique ILOQ ou ABLOY\n**Campagne d'appartenance** : Espaces Verts 2026 P2-SEE ALL\n**Donneur d'ordre de la campagne** : TOTEM\n**Colonne Ressources du périmètre** : SEE ALL\n**Provenance du repère** : airtable\n**Adresse du site** : Les Tours\n**Numéro de département** : 3\n**Nom du site** : ND_MP_SAINT_GERAND_DE_VAUX_ORF\n**Coordonnées** : 46.371557, 3.392907\n[[https://www.google.com/maps?q=46.371557,3.392907|Google Maps 🌍]] · [[https://www.google.com/maps/@?api=1&map_action=pano&viewpoint=46.371557,3.392907|Street View]]\n**Déchèteries pro les plus proches** :\n[[https://www.google.com/maps?q=46.3046,3.40756|Déchèterie de Varennes (Varennes-sur-Allier, 7.5 km)]] — 0685017218\n[[https://www.google.com/maps?q=46.3833,3.29093|Déchèterie de Monetay sur Allier (Monétay-sur-Allier, 7.9 km)]] — 0673673673\n[[https://www.google.com/maps?q=46.2542,3.28227|Déchèterie de Bayet (Bayet, 15.6 km)]] — 0684747035\n[[https://www.google.com/maps/search/d%C3%A9ch%C3%A8terie/@46.371557,3.392907,12z|Toutes les déchèteries autour du site 🗑️]]\n\n**Fiche d'accès**\nDigicode: Badge: Boite à clés: Non Portail / Portillon: Electronique Délais de prévenance: Accès équipement(s): Badge: Clés: Clé électronique ILOQ Cadenas: Accès aérien(s): Digicode: Badge: Clés: Clé électronique ILOQ Cadenas: Commentaire d'accès: 03/09/26 D cockpit O+M: Site en accès libre",
    "origine": "airtable",
    "campagne": "Espaces Verts 2026 P2-SEE ALL",
    "towerco": "TOTEM",
    "ressources": "SEE ALL",
    "nom_site": "ND_MP_SAINT_GERAND_DE_VAUX_ORF",
    "adresse": "Les Tours",
    "departement": "3",
    "etat_wo": "Travaux planifiés",
    "wo": "WO-244538",
    "scope": "EV - Espaces Verts",
    "acces_detail": "Digicode: Badge: Boite à clés: Non Portail / Portillon: Electronique Délais de prévenance: Accès équipement(s): Badge: Clés: Clé électronique ILOQ Cadenas: Accès aérien(s): Digicode: Badge: Clés: Clé électronique ILOQ Cadenas: Commentaire d'accès: 03/09/26 D cockpit O+M: Site en accès libre",
    "date_planification": "2026-09-29",
    "calque": "mp-ev-2026-p2-seeall",
    "code_fra": "FRA00300093",
    "acces_autonome": "autonome",
    "acces_motif": "clé électronique ILOQ ou ABLOY",
    "_umap_options": {
     "color": "#F59E0B",
     "iconClass": "Default"
    }
   }
  },
  {
   "type": "Feature",
   "geometry": {
    "type": "Point",
    "coordinates": [
     3.378983,
     46.507281
    ]
   },
   "properties": {
    "name": "FRA00300101 — TOULON_SUR_ALLIER",
    "description": "**Numéro de Work Order** : WO-225291 + WO-244541\n**État du WO** : Travaux planifiés\n**Scope de maintenance** : EV - Espaces Verts\n**Date de planification** : 2026-09-29\n**Verdict d'autonomie** : autonome\n**Motif du verdict** : clé électronique ILOQ ou ABLOY\n**Campagne d'appartenance** : Espaces Verts 2026 P2-SEE ALL\n**Donneur d'ordre de la campagne** : TOTEM\n**Colonne Ressources du périmètre** : SEE ALL\n**Provenance du repère** : airtable\n**Adresse du site** : les Avenelles\n**Numéro de département** : 3\n**Nom du site** : TOULON_SUR_ALLIER\n**Coordonnées** : 46.507281, 3.378983\n[[https://www.google.com/maps?q=46.507281,3.378983|Google Maps 🌍]] · [[https://www.google.com/maps/@?api=1&map_action=pano&viewpoint=46.507281,3.378983|Street View]]\n**Déchèteries pro les plus proches** :\n[[https://www.google.com/maps?q=46.3833,3.29093|Déchèterie de Monetay sur Allier (Monétay-sur-Allier, 15.3 km)]] — 0673673673\n[[https://www.google.com/maps?q=46.3046,3.40756|Déchèterie de Varennes (Varennes-sur-Allier, 22.6 km)]] — 0685017218\n[[https://www.google.com/maps?q=46.423,3.07617|Déchèterie du Tronget (Tronget, 25.0 km)]] — 0473673673\n[[https://www.google.com/maps/search/d%C3%A9ch%C3%A8terie/@46.507281,3.378983,12z|Toutes les déchèteries autour du site 🗑️]]\n\n**Fiche d'accès**\nDigicode: NON Badge: NON Boite à clés: Non Portail / Portillon: Electronique Délais de prévenance: Accès équipement(s): Badge: Clés: Clé électronique ABLOY Cadenas: Accès aérien(s): Digicode: NON Badge: Clés: Clé électronique ABLOY Cadenas: Commentaire d'accès: 24/07/26 D cockpit O+M: Site en accès libre",
    "origine": "airtable",
    "campagne": "Espaces Verts 2026 P2-SEE ALL",
    "towerco": "TOTEM",
    "ressources": "SEE ALL",
    "nom_site": "TOULON_SUR_ALLIER",
    "adresse": "les Avenelles",
    "departement": "3",
    "etat_wo": "Travaux planifiés",
    "wo": "WO-225291 + WO-244541",
    "scope": "EV - Espaces Verts",
    "acces_detail": "Digicode: NON Badge: NON Boite à clés: Non Portail / Portillon: Electronique Délais de prévenance: Accès équipement(s): Badge: Clés: Clé électronique ABLOY Cadenas: Accès aérien(s): Digicode: NON Badge: Clés: Clé électronique ABLOY Cadenas: Commentaire d'accès: 24/07/26 D cockpit O+M: Site en accès libre",
    "date_planification": "2026-09-29",
    "calque": "mp-ev-2026-p2-seeall",
    "code_fra": "FRA00300101",
    "acces_autonome": "autonome",
    "acces_motif": "clé électronique ILOQ ou ABLOY",
    "_umap_options": {
     "color": "#F59E0B",
     "iconClass": "Default"
    }
   }
  },
  {
   "type": "Feature",
   "geometry": {
    "type": "Point",
    "coordinates": [
     3.35817,
     46.563291
    ]
   },
   "properties": {
    "name": "FRA00300102 — YZEURE_STE_CATHERINE",
    "description": "**Numéro de Work Order** : WO-225292 + WO-244542\n**État du WO** : Travaux planifiés\n**Scope de maintenance** : EV - Espaces Verts\n**Date de planification** : 2026-09-30\n**Nécessité d'une nacelle** : oui\n**Verdict d'autonomie** : autonome\n**Motif du verdict** : clé électronique ILOQ ou ABLOY\n**Campagne d'appartenance** : Espaces Verts 2026 P2-SEE ALL\n**Donneur d'ordre de la campagne** : TOTEM\n**Colonne Ressources du périmètre** : SEE ALL\n**Provenance du repère** : airtable\n**Adresse du site** : 35 Rue des Tuileries\n**Numéro de département** : 3\n**Nom du site** : YZEURE_STE_CATHERINE\n**Coordonnées** : 46.563291, 3.358170\n[[https://www.google.com/maps?q=46.563291,3.358170|Google Maps 🌍]] · [[https://www.google.com/maps/@?api=1&map_action=pano&viewpoint=46.563291,3.358170|Street View]]\n**Déchèteries pro les plus proches** :\n[[https://www.google.com/maps?q=46.3833,3.29093|Déchèterie de Monetay sur Allier (Monétay-sur-Allier, 20.7 km)]] — 0673673673\n[[https://www.google.com/maps?q=46.7454,3.17053|Déchèterie de Chantenay Saint Imbert (Chantenay-Saint-Imbert, 24.8 km)]] — 0386386256\n[[https://www.google.com/maps?q=46.423,3.07617|Déchèterie du Tronget (Tronget, 26.6 km)]] — 0473673673\n[[https://www.google.com/maps/search/d%C3%A9ch%C3%A8terie/@46.563291,3.358170,12z|Toutes les déchèteries autour du site 🗑️]]\n\n**Fiche d'accès**\nDigicode: NON Badge: NON Boite à clés: Portail / Portillon: Electronique Délais de prévenance: Accès équipement(s): Badge: Non Clés: Clé électronique ABLOY Cadenas: Accès aérien(s): Digicode: NON Badge: Non Clés: Clé électronique ABLOY Cadenas: Commentaire d'accès:",
    "origine": "airtable",
    "campagne": "Espaces Verts 2026 P2-SEE ALL",
    "towerco": "TOTEM",
    "ressources": "SEE ALL",
    "nom_site": "YZEURE_STE_CATHERINE",
    "adresse": "35 Rue des Tuileries",
    "departement": "3",
    "etat_wo": "Travaux planifiés",
    "wo": "WO-225292 + WO-244542",
    "scope": "EV - Espaces Verts",
    "acces_detail": "Digicode: NON Badge: NON Boite à clés: Portail / Portillon: Electronique Délais de prévenance: Accès équipement(s): Badge: Non Clés: Clé électronique ABLOY Cadenas: Accès aérien(s): Digicode: NON Badge: Non Clés: Clé électronique ABLOY Cadenas: Commentaire d'accès:",
    "date_planification": "2026-09-30",
    "nacelle": true,
    "calque": "mp-ev-2026-p2-seeall",
    "code_fra": "FRA00300102",
    "acces_autonome": "autonome",
    "acces_motif": "clé électronique ILOQ ou ABLOY",
    "_umap_options": {
     "color": "#F59E0B",
     "iconClass": "Default"
    }
   }
  },
  {
   "type": "Feature",
   "geometry": {
    "type": "Point",
    "coordinates": [
     3.35019,
     46.560663
    ]
   },
   "properties": {
    "name": "FRA00300103 — MOULINS_BELLEVUE",
    "description": "**Numéro de Work Order** : WO-223747 + WO-244543\n**État du WO** : Travaux planifiés\n**Scope de maintenance** : EV - Espaces Verts\n**Date de planification** : 2026-09-30\n**Nécessité d'une nacelle** : oui\n**Verdict d'autonomie** : non_autonome\n**Motif du verdict** : intervention accompagnée\n**Campagne d'appartenance** : Espaces Verts 2026 P2-SEE ALL\n**Donneur d'ordre de la campagne** : TOTEM\n**Colonne Ressources du périmètre** : SEE ALL\n**Provenance du repère** : airtable\n**Adresse du site** : Rue Jean Vidal\n**Numéro de département** : 3\n**Nom du site** : MOULINS_BELLEVUE\n**Coordonnées** : 46.560663, 3.350190\n[[https://www.google.com/maps?q=46.560663,3.350190|Google Maps 🌍]] · [[https://www.google.com/maps/@?api=1&map_action=pano&viewpoint=46.560663,3.350190|Street View]]\n**Déchèteries pro les plus proches** :\n[[https://www.google.com/maps?q=46.3833,3.29093|Déchèterie de Monetay sur Allier (Monétay-sur-Allier, 20.2 km)]] — 0673673673\n[[https://www.google.com/maps?q=46.7454,3.17053|Déchèterie de Chantenay Saint Imbert (Chantenay-Saint-Imbert, 24.7 km)]] — 0386386256\n[[https://www.google.com/maps?q=46.423,3.07617|Déchèterie du Tronget (Tronget, 26.0 km)]] — 0473673673\n[[https://www.google.com/maps/search/d%C3%A9ch%C3%A8terie/@46.560663,3.350190,12z|Toutes les déchèteries autour du site 🗑️]]\n\n**Fiche d'accès**\nDigicode: NON Badge: SO Boite à clés: Portail / Portillon: Mécanique clef a prendre au centre technique Délais de prévenance: 15.0 Accès équipement(s): Badge: Clés: Clé mécanique Cadenas: Accès aérien(s): Digicode: Badge: Clés: Clé mécanique Cadenas: Commentaire d'accès: 15/10/2025 Na cockpit O+M: Commune d'Yzeure: +33 4 70 48 54 10 Pour toute intervention, merci d'envoyer un mail au service technique de la commune à st@ville-yzeure.com Pour les petits travaux de maintenances: 15 jours à l'avance Pour les gros travaux avec les engins : 15 jours à l'avance, accompagnée d’une demande de voirie à soumettre au service technique Accès en autonomie, en cas de soucis d'accès, veuillez contacter la Commune d'Yzeure: +33 4 70 48 54 10",
    "origine": "airtable",
    "campagne": "Espaces Verts 2026 P2-SEE ALL",
    "towerco": "TOTEM",
    "ressources": "SEE ALL",
    "nom_site": "MOULINS_BELLEVUE",
    "adresse": "Rue Jean Vidal",
    "departement": "3",
    "etat_wo": "Travaux planifiés",
    "wo": "WO-223747 + WO-244543",
    "scope": "EV - Espaces Verts",
    "acces_detail": "Digicode: NON Badge: SO Boite à clés: Portail / Portillon: Mécanique clef a prendre au centre technique Délais de prévenance: 15.0 Accès équipement(s): Badge: Clés: Clé mécanique Cadenas: Accès aérien(s): Digicode: Badge: Clés: Clé mécanique Cadenas: Commentaire d'accès: 15/10/2025 Na cockpit O+M: Commune d'Yzeure: +33 4 70 48 54 10 Pour toute intervention, merci d'envoyer un mail au service technique de la commune à st@ville-yzeure.com Pour les petits travaux de maintenances: 15 jours à l'avance Pour les gros travaux avec les engins : 15 jours à l'avance, accompagnée d’une demande de voirie à soumettre au service technique Accès en autonomie, en cas de soucis d'accès, veuillez contacter la Commune d'Yzeure: +33 4 70 48 54 10",
    "date_planification": "2026-09-30",
    "nacelle": true,
    "calque": "mp-ev-2026-p2-seeall",
    "code_fra": "FRA00300103",
    "acces_autonome": "non_autonome",
    "acces_motif": "intervention accompagnée",
    "_umap_options": {
     "color": "#F59E0B",
     "iconClass": "Default"
    }
   }
  },
  {
   "type": "Feature",
   "geometry": {
    "type": "Point",
    "coordinates": [
     3.349676,
     46.549924
    ]
   },
   "properties": {
    "name": "FRA00300104 — YZEURE_AMPERE",
    "description": "**Numéro de Work Order** : WO-223748 + WO-244544\n**État du WO** : Travaux planifiés\n**Scope de maintenance** : EV - Espaces Verts\n**Date de planification** : 2026-09-30\n**Verdict d'autonomie** : autonome\n**Motif du verdict** : clé électronique ILOQ ou ABLOY\n**Campagne d'appartenance** : Espaces Verts 2026 P2-SEE ALL\n**Donneur d'ordre de la campagne** : TOTEM\n**Colonne Ressources du périmètre** : SEE ALL\n**Provenance du repère** : airtable\n**Adresse du site** : Rue des Cheminots\n**Numéro de département** : 3\n**Nom du site** : YZEURE_AMPERE\n**Coordonnées** : 46.549924, 3.349676\n[[https://www.google.com/maps?q=46.549924,3.349676|Google Maps 🌍]] · [[https://www.google.com/maps/@?api=1&map_action=pano&viewpoint=46.549924,3.349676|Street View]]\n**Déchèteries pro les plus proches** :\n[[https://www.google.com/maps?q=46.3833,3.29093|Déchèterie de Monetay sur Allier (Monétay-sur-Allier, 19.1 km)]] — 0673673673\n[[https://www.google.com/maps?q=46.423,3.07617|Déchèterie du Tronget (Tronget, 25.3 km)]] — 0473673673\n[[https://www.google.com/maps?q=46.7454,3.17053|Déchèterie de Chantenay Saint Imbert (Chantenay-Saint-Imbert, 25.7 km)]] — 0386386256\n[[https://www.google.com/maps/search/d%C3%A9ch%C3%A8terie/@46.549924,3.349676,12z|Toutes les déchèteries autour du site 🗑️]]\n\n**Fiche d'accès**\nDigicode: NON Badge: Boite à clés: Portail / Portillon: Electronique - SANS OBJET Délais de prévenance: Accès équipement(s): Badge: Clés: Clé électronique ABLOY Cadenas: Accès aérien(s): Digicode: NON Badge: Clés: Clé électronique ABLOY Cadenas: Commentaire d'accès:",
    "origine": "airtable",
    "campagne": "Espaces Verts 2026 P2-SEE ALL",
    "towerco": "TOTEM",
    "ressources": "SEE ALL",
    "nom_site": "YZEURE_AMPERE",
    "adresse": "Rue des Cheminots",
    "departement": "3",
    "etat_wo": "Travaux planifiés",
    "wo": "WO-223748 + WO-244544",
    "scope": "EV - Espaces Verts",
    "acces_detail": "Digicode: NON Badge: Boite à clés: Portail / Portillon: Electronique - SANS OBJET Délais de prévenance: Accès équipement(s): Badge: Clés: Clé électronique ABLOY Cadenas: Accès aérien(s): Digicode: NON Badge: Clés: Clé électronique ABLOY Cadenas: Commentaire d'accès:",
    "date_planification": "2026-09-30",
    "calque": "mp-ev-2026-p2-seeall",
    "code_fra": "FRA00300104",
    "acces_autonome": "autonome",
    "acces_motif": "clé électronique ILOQ ou ABLOY",
    "_umap_options": {
     "color": "#F59E0B",
     "iconClass": "Default"
    }
   }
  },
  {
   "type": "Feature",
   "geometry": {
    "type": "Point",
    "coordinates": [
     3.263884,
     46.664156
    ]
   },
   "properties": {
    "name": "FRA00300112 — VILLENEUVE_SUR_ALLIER",
    "description": "**Numéro de Work Order** : WO-224552 + WO-244550\n**État du WO** : Travaux planifiés\n**Scope de maintenance** : EV - Espaces Verts\n**Date de planification** : 2026-10-01\n**Verdict d'autonomie** : autonome\n**Motif du verdict** : clé électronique ILOQ ou ABLOY\n**Numéro de DAS** : DAS-N0230161\n**Statut de la DAS** : Acceptée\n**Début de validité** : 2026-09-14\n**Fin de validité** : 2026-09-15\n**Origine de la DAS** : airtable\n**Équipe affectée** : Manu\n**Campagne d'appartenance** : Espaces Verts 2026 P2-SEE ALL\n**Donneur d'ordre de la campagne** : TOTEM\n**Colonne Ressources du périmètre** : SEE ALL\n**Provenance du repère** : airtable\n**Adresse du site** : Chemin de la BERGERIE AUX MONTRueS\n**Numéro de département** : 3\n**Nom du site** : VILLENEUVE_SUR_ALLIER\n**Coordonnées** : 46.664156, 3.263884\n[[https://www.google.com/maps?q=46.664156,3.263884|Google Maps 🌍]] · [[https://www.google.com/maps/@?api=1&map_action=pano&viewpoint=46.664156,3.263884|Street View]]\n**Déchèteries pro les plus proches** :\n[[https://www.google.com/maps?q=46.7454,3.17053|Déchèterie de Chantenay Saint Imbert (Chantenay-Saint-Imbert, 11.5 km)]] — 0386386256\n[[https://www.google.com/maps?q=46.8772,3.17673|Déchèterie de Magny Cours (Magny-Cours, 24.6 km)]] — 0386212740\n[[https://www.google.com/maps?q=46.8432,3.48863|Déchèterie de Champvert (CHAMPVERT, 26.3 km)]] — 0386251218\n[[https://www.google.com/maps/search/d%C3%A9ch%C3%A8terie/@46.664156,3.263884,12z|Toutes les déchèteries autour du site 🗑️]]\n\n**Fiche d'accès**\nDigicode: NON\nBadge:\nBoite à clés:\nPortail / Portillon: Non - ABLOY_PORTAIL OR/ACBDY\nDélais de prévenance:\n\nAccès équipement(s):\nBadge:\nClés: Clé électronique ABLOY\nCadenas:\n\nAccès aérien(s):\nDigicode: NON\nBadge:\nClés: Clé électronique ABLOY\nCadenas:\n\nCommentaire d'accès: 23/06/2026 Na cockpit O+M :\nSite en accès libre",
    "origine": "airtable",
    "campagne": "Espaces Verts 2026 P2-SEE ALL",
    "towerco": "TOTEM",
    "ressources": "SEE ALL",
    "nom_site": "VILLENEUVE_SUR_ALLIER",
    "adresse": "Chemin de la BERGERIE AUX MONTRueS",
    "departement": "3",
    "etat_wo": "Travaux planifiés",
    "wo": "WO-224552 + WO-244550",
    "scope": "EV - Espaces Verts",
    "acces_detail": "Digicode: NON\nBadge:\nBoite à clés:\nPortail / Portillon: Non - ABLOY_PORTAIL OR/ACBDY\nDélais de prévenance:\n\nAccès équipement(s):\nBadge:\nClés: Clé électronique ABLOY\nCadenas:\n\nAccès aérien(s):\nDigicode: NON\nBadge:\nClés: Clé électronique ABLOY\nCadenas:\n\nCommentaire d'accès: 23/06/2026 Na cockpit O+M :\nSite en accès libre",
    "date_planification": "2026-10-01",
    "das_numero": "DAS-N0230161",
    "das_statut": "Acceptée",
    "das_debut": "2026-09-14",
    "das_fin": "2026-09-15",
    "das_provenance": "airtable",
    "equipe": "Manu",
    "calque": "mp-ev-2026-p2-seeall",
    "code_fra": "FRA00300112",
    "acces_autonome": "autonome",
    "acces_motif": "clé électronique ILOQ ou ABLOY",
    "_umap_options": {
     "color": "#F59E0B",
     "iconClass": "Default",
     "iconUrl": "M"
    }
   }
  },
  {
   "type": "Feature",
   "geometry": {
    "type": "Point",
    "coordinates": [
     3.301106,
     46.637774
    ]
   },
   "properties": {
    "name": "FRA00300113 — TREVOL_N7",
    "description": "**Numéro de Work Order** : WO-224827 + WO-244551\n**État du WO** : Travaux planifiés\n**Scope de maintenance** : EV - Espaces Verts\n**Date de planification** : 2026-10-02\n**Verdict d'autonomie** : non_autonome\n**Motif du verdict** : la fiche déclare l'accès non autonome\n**Campagne d'appartenance** : Espaces Verts 2026 P2-SEE ALL\n**Donneur d'ordre de la campagne** : TOTEM\n**Colonne Ressources du périmètre** : SEE ALL\n**Provenance du repère** : airtable\n**Adresse du site** : Stade municipal\n**Numéro de département** : 3\n**Nom du site** : TREVOL_N7\n**Coordonnées** : 46.637774, 3.301106\n[[https://www.google.com/maps?q=46.637774,3.301106|Google Maps 🌍]] · [[https://www.google.com/maps/@?api=1&map_action=pano&viewpoint=46.637774,3.301106|Street View]]\n**Déchèteries pro les plus proches** :\n[[https://www.google.com/maps?q=46.7454,3.17053|Déchèterie de Chantenay Saint Imbert (Chantenay-Saint-Imbert, 15.6 km)]] — 0386386256\n[[https://www.google.com/maps?q=46.8432,3.48863|Déchèterie de Champvert (CHAMPVERT, 26.9 km)]] — 0386251218\n[[https://www.google.com/maps?q=46.3833,3.29093|Déchèterie de Monetay sur Allier (Monétay-sur-Allier, 28.3 km)]] — 0673673673\n[[https://www.google.com/maps/search/d%C3%A9ch%C3%A8terie/@46.637774,3.301106,12z|Toutes les déchèteries autour du site 🗑️]]\n\n**Fiche d'accès**\nDigicode: NON Badge: Boite à clés: Non Portail / Portillon: Electronique - clef portail du stade a prendre a la mairie de Trevol ou un employé communal vient ouvrir sur demande préalable. Délais de prévenance: 10.0 Accès équipement(s): Badge: Clés: Clé électronique ABLOY Cadenas: Accès aérien(s): Digicode: NON Badge: Clés: Clé mécanique Cadenas: Commentaire d'accès: 01/12/25 D cockpit O+M: COMMUNE DE TREVOL: 04 70 42 61 44 Prévenance obligatoire par mail: mairie@trevol.fr/ 10j à l'avance Créneaux d'intervention: Lundi, Mercredi, Jeudi et vendredi: 08-12h30 Mardi: 08h-12h30 et 13.30- 17h Accès: non autonome; les clés sont à retirer directement à la mairie",
    "origine": "airtable",
    "campagne": "Espaces Verts 2026 P2-SEE ALL",
    "towerco": "TOTEM",
    "ressources": "SEE ALL",
    "nom_site": "TREVOL_N7",
    "adresse": "Stade municipal",
    "departement": "3",
    "etat_wo": "Travaux planifiés",
    "wo": "WO-224827 + WO-244551",
    "scope": "EV - Espaces Verts",
    "acces_detail": "Digicode: NON Badge: Boite à clés: Non Portail / Portillon: Electronique - clef portail du stade a prendre a la mairie de Trevol ou un employé communal vient ouvrir sur demande préalable. Délais de prévenance: 10.0 Accès équipement(s): Badge: Clés: Clé électronique ABLOY Cadenas: Accès aérien(s): Digicode: NON Badge: Clés: Clé mécanique Cadenas: Commentaire d'accès: 01/12/25 D cockpit O+M: COMMUNE DE TREVOL: 04 70 42 61 44 Prévenance obligatoire par mail: mairie@trevol.fr/ 10j à l'avance Créneaux d'intervention: Lundi, Mercredi, Jeudi et vendredi: 08-12h30 Mardi: 08h-12h30 et 13.30- 17h Accès: non autonome; les clés sont à retirer directement à la mairie",
    "date_planification": "2026-10-02",
    "calque": "mp-ev-2026-p2-seeall",
    "code_fra": "FRA00300113",
    "acces_autonome": "non_autonome",
    "acces_motif": "la fiche déclare l'accès non autonome",
    "_umap_options": {
     "color": "#F59E0B",
     "iconClass": "Default"
    }
   }
  },
  {
   "type": "Feature",
   "geometry": {
    "type": "Point",
    "coordinates": [
     3.821744,
     46.488103
    ]
   },
   "properties": {
    "name": "FRA00300114 — PIERREFITTE",
    "description": "**Numéro de Work Order** : WO-224553 + WO-244552\n**État du WO** : Travaux planifiés\n**Scope de maintenance** : EV - Espaces Verts\n**Date de planification** : 2026-10-02\n**Verdict d'autonomie** : autonome\n**Motif du verdict** : clé électronique ILOQ ou ABLOY\n**Campagne d'appartenance** : Espaces Verts 2026 P2-SEE ALL\n**Donneur d'ordre de la campagne** : TOTEM\n**Colonne Ressources du périmètre** : SEE ALL\n**Provenance du repère** : airtable\n**Adresse du site** : le Bois Longeot\n**Numéro de département** : 3\n**Nom du site** : PIERREFITTE\n**Coordonnées** : 46.488103, 3.821744\n[[https://www.google.com/maps?q=46.488103,3.821744|Google Maps 🌍]] · [[https://www.google.com/maps/@?api=1&map_action=pano&viewpoint=46.488103,3.821744|Street View]]\n**Déchèteries pro les plus proches** :\n[[https://www.google.com/maps?q=46.359,3.79229|Déchèterie de le Donjon (Le Donjon, 14.5 km)]] — 0470318382\n[[https://www.google.com/maps?q=46.4811,4.01045|Déchèterie de Digoin (Digoin, 14.5 km)]] — 0648643683\n[[https://www.google.com/maps?q=46.6242,3.73687|Déchèterie de Bourbon-lancy (nouvelle) (Bourbon-Lancy, 16.5 km)]] — 0385893018\n[[https://www.google.com/maps/search/d%C3%A9ch%C3%A8terie/@46.488103,3.821744,12z|Toutes les déchèteries autour du site 🗑️]]\n\n**Fiche d'accès**\nDigicode: NON Badge: Boite à clés: Non Portail / Portillon: Electronique Délais de prévenance: Accès équipement(s): Badge: Clés: Clé électronique ABLOY Cadenas: Accès aérien(s): Digicode: NON Badge: Clés: Clé mécanique Cadenas: Commentaire d'accès: 16/09/2026 Na cockpit O+M : Site en accès libre",
    "origine": "airtable",
    "campagne": "Espaces Verts 2026 P2-SEE ALL",
    "towerco": "TOTEM",
    "ressources": "SEE ALL",
    "nom_site": "PIERREFITTE",
    "adresse": "le Bois Longeot",
    "departement": "3",
    "etat_wo": "Travaux planifiés",
    "wo": "WO-224553 + WO-244552",
    "scope": "EV - Espaces Verts",
    "acces_detail": "Digicode: NON Badge: Boite à clés: Non Portail / Portillon: Electronique Délais de prévenance: Accès équipement(s): Badge: Clés: Clé électronique ABLOY Cadenas: Accès aérien(s): Digicode: NON Badge: Clés: Clé mécanique Cadenas: Commentaire d'accès: 16/09/2026 Na cockpit O+M : Site en accès libre",
    "date_planification": "2026-10-02",
    "calque": "mp-ev-2026-p2-seeall",
    "code_fra": "FRA00300114",
    "acces_autonome": "autonome",
    "acces_motif": "clé électronique ILOQ ou ABLOY",
    "_umap_options": {
     "color": "#F59E0B",
     "iconClass": "Default"
    }
   }
  },
  {
   "type": "Feature",
   "geometry": {
    "type": "Point",
    "coordinates": [
     3.308044,
     46.41499
    ]
   },
   "properties": {
    "name": "FRA00300117 — CHATEL_DE_NEUVRE_FT",
    "description": "**Numéro de Work Order** : WO-225100 + WO-244554\n**État du WO** : Travaux planifiés\n**Scope de maintenance** : EV - Espaces Verts\n**Date de planification** : 2026-10-02\n**Verdict d'autonomie** : non_autonome\n**Motif du verdict** : site DIG Orange, non autonome par prudence\n**Campagne d'appartenance** : Espaces Verts 2026 P2-SEE ALL\n**Donneur d'ordre de la campagne** : TOTEM\n**Colonne Ressources du périmètre** : SEE ALL\n**Provenance du repère** : airtable\n**Adresse du site** : Lieu dit les Rebourses\n**Numéro de département** : 3\n**Nom du site** : CHATEL_DE_NEUVRE_FT\n**Coordonnées** : 46.414990, 3.308044\n[[https://www.google.com/maps?q=46.414990,3.308044|Google Maps 🌍]] · [[https://www.google.com/maps/@?api=1&map_action=pano&viewpoint=46.414990,3.308044|Street View]]\n**Déchèteries pro les plus proches** :\n[[https://www.google.com/maps?q=46.3833,3.29093|Déchèterie de Monetay sur Allier (Monétay-sur-Allier, 3.8 km)]] — 0673673673\n[[https://www.google.com/maps?q=46.3046,3.40756|Déchèterie de Varennes (Varennes-sur-Allier, 14.5 km)]] — 0685017218\n[[https://www.google.com/maps?q=46.423,3.07617|Déchèterie du Tronget (Tronget, 17.8 km)]] — 0473673673\n[[https://www.google.com/maps/search/d%C3%A9ch%C3%A8terie/@46.414990,3.308044,12z|Toutes les déchèteries autour du site 🗑️]]\n\n**Fiche d'accès**\nDigicode: NON Badge: NON Boite à clés: Oui Portail / Portillon: Non - Passe Auvergne Socotel 17 dans boite a clef Délais de prévenance: Accès équipement(s): Badge: Clés: Clé mécanique Cadenas: Accès aérien(s): Digicode: NON Badge: Clés: Clé mécanique Cadenas: Commentaire d'accès: 03/12/25 D cockpit O+M: DIG 2; autonome (Full TOTEM)",
    "origine": "airtable",
    "campagne": "Espaces Verts 2026 P2-SEE ALL",
    "towerco": "TOTEM",
    "ressources": "SEE ALL",
    "nom_site": "CHATEL_DE_NEUVRE_FT",
    "adresse": "Lieu dit les Rebourses",
    "departement": "3",
    "etat_wo": "Travaux planifiés",
    "wo": "WO-225100 + WO-244554",
    "scope": "EV - Espaces Verts",
    "acces_detail": "Digicode: NON Badge: NON Boite à clés: Oui Portail / Portillon: Non - Passe Auvergne Socotel 17 dans boite a clef Délais de prévenance: Accès équipement(s): Badge: Clés: Clé mécanique Cadenas: Accès aérien(s): Digicode: NON Badge: Clés: Clé mécanique Cadenas: Commentaire d'accès: 03/12/25 D cockpit O+M: DIG 2; autonome (Full TOTEM)",
    "date_planification": "2026-10-02",
    "calque": "mp-ev-2026-p2-seeall",
    "code_fra": "FRA00300117",
    "acces_autonome": "non_autonome",
    "acces_motif": "site DIG Orange, non autonome par prudence",
    "_umap_options": {
     "color": "#F59E0B",
     "iconClass": "Default"
    }
   }
  },
  {
   "type": "Feature",
   "geometry": {
    "type": "Point",
    "coordinates": [
     3.290803,
     46.383645
    ]
   },
   "properties": {
    "name": "FRA00300118 — MONETAY_SUR_ALLIER_N9",
    "description": "**Numéro de Work Order** : WO-225101 + WO-244555\n**État du WO** : Travaux planifiés\n**Scope de maintenance** : EV - Espaces Verts\n**Date de planification** : 2026-10-05\n**État de consignation du site** : Consigne Particulière\n**Nécessité d'une nacelle** : oui\n**Verdict d'autonomie** : autonome\n**Motif du verdict** : clé électronique ILOQ ou ABLOY\n**Campagne d'appartenance** : Espaces Verts 2026 P2-SEE ALL\n**Donneur d'ordre de la campagne** : TOTEM\n**Colonne Ressources du périmètre** : SEE ALL\n**Provenance du repère** : airtable\n**Adresse du site** : Chemin communal de Monetay Quartier Les Maisons Neuves - Stade communal\n**Numéro de département** : 3\n**Nom du site** : MONETAY_SUR_ALLIER_N9\n**Coordonnées** : 46.383645, 3.290803\n[[https://www.google.com/maps?q=46.383645,3.290803|Google Maps 🌍]] · [[https://www.google.com/maps/@?api=1&map_action=pano&viewpoint=46.383645,3.290803|Street View]]\n**Déchèteries pro les plus proches** :\n[[https://www.google.com/maps?q=46.3833,3.29093|Déchèterie de Monetay sur Allier (Monétay-sur-Allier, 0.0 km)]] — 0673673673\n[[https://www.google.com/maps?q=46.3046,3.40756|Déchèterie de Varennes (Varennes-sur-Allier, 12.6 km)]] — 0685017218\n[[https://www.google.com/maps?q=46.2542,3.28227|Déchèterie de Bayet (Bayet, 14.4 km)]] — 0684747035\n[[https://www.google.com/maps/search/d%C3%A9ch%C3%A8terie/@46.383645,3.290803,12z|Toutes les déchèteries autour du site 🗑️]]\n\n**Fiche d'accès**\nDigicode: NON Badge: Boite à clés: Portail / Portillon: Mécanique Délais de prévenance: 7.0 Accès équipement(s): Badge: Clés: Clé électronique ABLOY Cadenas: Accès aérien(s): Digicode: NON Badge: Clés: Clé électronique ABLOY Clé mécanique Cadenas: Commentaire d'accès: 24/03/26 D cockpit O+M: COMMUNE DE MONETAY SUR ALLIER: 04 70 42 07 59 Prévenance à faire par mail: mairie@monetaysurallier.fr/ 1 semaine à l'avance Autonome",
    "origine": "airtable",
    "campagne": "Espaces Verts 2026 P2-SEE ALL",
    "towerco": "TOTEM",
    "ressources": "SEE ALL",
    "nom_site": "MONETAY_SUR_ALLIER_N9",
    "adresse": "Chemin communal de Monetay Quartier Les Maisons Neuves - Stade communal",
    "departement": "3",
    "etat_wo": "Travaux planifiés",
    "wo": "WO-225101 + WO-244555",
    "scope": "EV - Espaces Verts",
    "consignation": "Consigne Particulière",
    "acces_detail": "Digicode: NON Badge: Boite à clés: Portail / Portillon: Mécanique Délais de prévenance: 7.0 Accès équipement(s): Badge: Clés: Clé électronique ABLOY Cadenas: Accès aérien(s): Digicode: NON Badge: Clés: Clé électronique ABLOY Clé mécanique Cadenas: Commentaire d'accès: 24/03/26 D cockpit O+M: COMMUNE DE MONETAY SUR ALLIER: 04 70 42 07 59 Prévenance à faire par mail: mairie@monetaysurallier.fr/ 1 semaine à l'avance Autonome",
    "date_planification": "2026-10-05",
    "nacelle": true,
    "calque": "mp-ev-2026-p2-seeall",
    "code_fra": "FRA00300118",
    "acces_autonome": "autonome",
    "acces_motif": "clé électronique ILOQ ou ABLOY",
    "_umap_options": {
     "color": "#F59E0B",
     "iconClass": "Default"
    }
   }
  },
  {
   "type": "Feature",
   "geometry": {
    "type": "Point",
    "coordinates": [
     3.283921,
     46.304209
    ]
   },
   "properties": {
    "name": "FRA00300119 — ST_POURCAIN_BEAUBREUIL",
    "description": "**Numéro de Work Order** : WO-224313 + WO-244556\n**État du WO** : Travaux planifiés\n**Scope de maintenance** : EV - Espaces Verts\n**Date de planification** : 2026-10-05\n**Nécessité d'une nacelle** : oui\n**Verdict d'autonomie** : autonome\n**Motif du verdict** : clé électronique ILOQ ou ABLOY\n**Campagne d'appartenance** : Espaces Verts 2026 P2-SEE ALL\n**Donneur d'ordre de la campagne** : TOTEM\n**Colonne Ressources du périmètre** : SEE ALL\n**Provenance du repère** : airtable\n**Adresse du site** : 31 b RUE CHAMPS FEUILLET\n**Numéro de département** : 3\n**Nom du site** : ST_POURCAIN_BEAUBREUIL\n**Coordonnées** : 46.304209, 3.283921\n[[https://www.google.com/maps?q=46.304209,3.283921|Google Maps 🌍]] · [[https://www.google.com/maps/@?api=1&map_action=pano&viewpoint=46.304209,3.283921|Street View]]\n**Déchèteries pro les plus proches** :\n[[https://www.google.com/maps?q=46.2542,3.28227|Déchèterie de Bayet (Bayet, 5.6 km)]] — 0684747035\n[[https://www.google.com/maps?q=46.3833,3.29093|Déchèterie de Monetay sur Allier (Monétay-sur-Allier, 8.8 km)]] — 0673673673\n[[https://www.google.com/maps?q=46.3046,3.40756|Déchèterie de Varennes (Varennes-sur-Allier, 9.5 km)]] — 0685017218\n[[https://www.google.com/maps/search/d%C3%A9ch%C3%A8terie/@46.304209,3.283921,12z|Toutes les déchèteries autour du site 🗑️]]\n\n**Fiche d'accès**\nDigicode: NON Badge: Boite à clés: Portail / Portillon: Electronique - JPM G00293DF21 NON DISPONIBLE DANS LA BAC ABLOY ORANGE Délais de prévenance: Accès équipement(s): Badge: Clés: Clé électronique ILOQ Cadenas: Accès aérien(s): Digicode: NON Badge: Clés: Cadenas: Commentaire d'accès:",
    "origine": "airtable",
    "campagne": "Espaces Verts 2026 P2-SEE ALL",
    "towerco": "TOTEM",
    "ressources": "SEE ALL",
    "nom_site": "ST_POURCAIN_BEAUBREUIL",
    "adresse": "31 b RUE CHAMPS FEUILLET",
    "departement": "3",
    "etat_wo": "Travaux planifiés",
    "wo": "WO-224313 + WO-244556",
    "scope": "EV - Espaces Verts",
    "acces_detail": "Digicode: NON Badge: Boite à clés: Portail / Portillon: Electronique - JPM G00293DF21 NON DISPONIBLE DANS LA BAC ABLOY ORANGE Délais de prévenance: Accès équipement(s): Badge: Clés: Clé électronique ILOQ Cadenas: Accès aérien(s): Digicode: NON Badge: Clés: Cadenas: Commentaire d'accès:",
    "date_planification": "2026-10-05",
    "nacelle": true,
    "calque": "mp-ev-2026-p2-seeall",
    "code_fra": "FRA00300119",
    "acces_autonome": "autonome",
    "acces_motif": "clé électronique ILOQ ou ABLOY",
    "_umap_options": {
     "color": "#F59E0B",
     "iconClass": "Default"
    }
   }
  },
  {
   "type": "Feature",
   "geometry": {
    "type": "Point",
    "coordinates": [
     3.900002,
     46.456379
    ]
   },
   "properties": {
    "name": "FRA00300122 — MOLINET_N79",
    "description": "**Numéro de Work Order** : WO-226101 + WO-244558\n**État du WO** : Travaux planifiés\n**Scope de maintenance** : EV - Espaces Verts\n**Date de planification** : 2026-10-05\n**Verdict d'autonomie** : autonome\n**Motif du verdict** : clé électronique ILOQ ou ABLOY\n**Campagne d'appartenance** : Espaces Verts 2026 P2-SEE ALL\n**Donneur d'ordre de la campagne** : TOTEM\n**Colonne Ressources du périmètre** : SEE ALL\n**Provenance du repère** : airtable\n**Adresse du site** : Lieu - dit Chem rural\n**Numéro de département** : 3\n**Nom du site** : MOLINET_N79\n**Coordonnées** : 46.456379, 3.900002\n[[https://www.google.com/maps?q=46.456379,3.900002|Google Maps 🌍]] · [[https://www.google.com/maps/@?api=1&map_action=pano&viewpoint=46.456379,3.900002|Street View]]\n**Déchèteries pro les plus proches** :\n[[https://www.google.com/maps?q=46.4811,4.01045|Déchèterie de Digoin (Digoin, 8.9 km)]] — 0648643683\n[[https://www.google.com/maps?q=46.359,3.79229|Déchèterie de le Donjon (Le Donjon, 13.6 km)]] — 0470318382\n[[https://www.google.com/maps?q=46.4573,4.10688|Déchèterie de Paray-le-monial (Paray-le-Monial, 15.8 km)]] — 0385819458\n[[https://www.google.com/maps/search/d%C3%A9ch%C3%A8terie/@46.456379,3.900002,12z|Toutes les déchèteries autour du site 🗑️]]\n\n**Fiche d'accès**\nDigicode: Badge: Boite à clés: Non Portail / Portillon: Electronique Délais de prévenance: Accès équipement(s): Badge: Clés: Clé électronique ABLOY Cadenas: Accès aérien(s): Digicode: Badge: Clés: Clé électronique ABLOY Cadenas: Commentaire d'accès: 17/04/2026 Na cockpit O+M : Après confirmation auprès du bailleur: sans prévenance Accès en Autonomie Contact: - M. MARMILLOT : 03 85 88 51 17",
    "origine": "airtable",
    "campagne": "Espaces Verts 2026 P2-SEE ALL",
    "towerco": "TOTEM",
    "ressources": "SEE ALL",
    "nom_site": "MOLINET_N79",
    "adresse": "Lieu - dit Chem rural",
    "departement": "3",
    "etat_wo": "Travaux planifiés",
    "wo": "WO-226101 + WO-244558",
    "scope": "EV - Espaces Verts",
    "acces_detail": "Digicode: Badge: Boite à clés: Non Portail / Portillon: Electronique Délais de prévenance: Accès équipement(s): Badge: Clés: Clé électronique ABLOY Cadenas: Accès aérien(s): Digicode: Badge: Clés: Clé électronique ABLOY Cadenas: Commentaire d'accès: 17/04/2026 Na cockpit O+M : Après confirmation auprès du bailleur: sans prévenance Accès en Autonomie Contact: - M. MARMILLOT : 03 85 88 51 17",
    "date_planification": "2026-10-05",
    "calque": "mp-ev-2026-p2-seeall",
    "code_fra": "FRA00300122",
    "acces_autonome": "autonome",
    "acces_motif": "clé électronique ILOQ ou ABLOY",
    "_umap_options": {
     "color": "#F59E0B",
     "iconClass": "Default"
    }
   }
  },
  {
   "type": "Feature",
   "geometry": {
    "type": "Point",
    "coordinates": [
     3.379183,
     46.069702
    ]
   },
   "properties": {
    "name": "FRA00300126 — BRUGHEAS",
    "description": "**Numéro de Work Order** : WO-225102 + WO-244561\n**État du WO** : Travaux planifiés\n**Scope de maintenance** : EV - Espaces Verts\n**Date de planification** : 2026-10-06\n**Verdict d'autonomie** : autonome\n**Motif du verdict** : clé électronique ILOQ ou ABLOY\n**Campagne d'appartenance** : Espaces Verts 2026 P2-SEE ALL\n**Donneur d'ordre de la campagne** : TOTEM\n**Colonne Ressources du périmètre** : SEE ALL\n**Provenance du repère** : airtable\n**Adresse du site** : Rond-point de la BOUCHARDE\n**Numéro de département** : 3\n**Nom du site** : BRUGHEAS\n**Coordonnées** : 46.069702, 3.379183\n[[https://www.google.com/maps?q=46.069702,3.379183|Google Maps 🌍]] · [[https://www.google.com/maps/@?api=1&map_action=pano&viewpoint=46.069702,3.379183|Street View]]\n**Déchèteries pro les plus proches** :\n[[https://www.google.com/maps?q=46.0756,3.46009|Déchèterie de Saint Yorre (Saint-Yorre, 6.3 km)]] — 0685017215\n[[https://www.google.com/maps?q=46.1524,3.38485|Déchèterie de Charmeil (Charmeil, 9.2 km)]] — 0684839604\n[[https://www.google.com/maps?q=46.1428,3.44978|Déchèterie de Cusset (Cusset, 9.8 km)]] — 0470962261\n[[https://www.google.com/maps/search/d%C3%A9ch%C3%A8terie/@46.069702,3.379183,12z|Toutes les déchèteries autour du site 🗑️]]\n\n**Fiche d'accès**\nDigicode: NON Badge: Boite à clés: Non Portail / Portillon: Electronique Délais de prévenance: Accès équipement(s): Badge: Clés: Clé électronique ABLOY Cadenas: Accès aérien(s): Digicode: NON Badge: Clés: Clé mécanique Cadenas: Commentaire d'accès:",
    "origine": "airtable",
    "campagne": "Espaces Verts 2026 P2-SEE ALL",
    "towerco": "TOTEM",
    "ressources": "SEE ALL",
    "nom_site": "BRUGHEAS",
    "adresse": "Rond-point de la BOUCHARDE",
    "departement": "3",
    "etat_wo": "Travaux planifiés",
    "wo": "WO-225102 + WO-244561",
    "scope": "EV - Espaces Verts",
    "acces_detail": "Digicode: NON Badge: Boite à clés: Non Portail / Portillon: Electronique Délais de prévenance: Accès équipement(s): Badge: Clés: Clé électronique ABLOY Cadenas: Accès aérien(s): Digicode: NON Badge: Clés: Clé mécanique Cadenas: Commentaire d'accès:",
    "date_planification": "2026-10-06",
    "calque": "mp-ev-2026-p2-seeall",
    "code_fra": "FRA00300126",
    "acces_autonome": "autonome",
    "acces_motif": "clé électronique ILOQ ou ABLOY",
    "_umap_options": {
     "color": "#F59E0B",
     "iconClass": "Default"
    }
   }
  },
  {
   "type": "Feature",
   "geometry": {
    "type": "Point",
    "coordinates": [
     3.625,
     46.51
    ]
   },
   "properties": {
    "name": "FRA00300147 — LE_PAL",
    "description": "**Numéro de Work Order** : WO-224023 + WO-244563\n**État du WO** : Travaux planifiés\n**Scope de maintenance** : EV - Espaces Verts\n**Date de planification** : 2026-10-06\n**Verdict d'autonomie** : autonome\n**Motif du verdict** : boîte à clés sur site\n**Campagne d'appartenance** : Espaces Verts 2026 P2-SEE ALL\n**Donneur d'ordre de la campagne** : TOTEM\n**Colonne Ressources du périmètre** : SEE ALL\n**Provenance du repère** : airtable\n**Adresse du site** : Lieu-dit La Tuilerie Parc d attractions D181\n**Numéro de département** : 3\n**Nom du site** : LE_PAL\n**Coordonnées** : 46.510000, 3.625000\n[[https://www.google.com/maps?q=46.510000,3.625000|Google Maps 🌍]] · [[https://www.google.com/maps/@?api=1&map_action=pano&viewpoint=46.510000,3.625000|Street View]]\n**Déchèteries pro les plus proches** :\n[[https://www.google.com/maps?q=46.6242,3.73687|Déchèterie de Bourbon-lancy (nouvelle) (Bourbon-Lancy, 15.3 km)]] — 0385893018\n[[https://www.google.com/maps?q=46.359,3.79229|Déchèterie de le Donjon (Le Donjon, 21.1 km)]] — 0470318382\n[[https://www.google.com/maps?q=46.3046,3.40756|Déchèterie de Varennes (Varennes-sur-Allier, 28.3 km)]] — 0685017218\n[[https://www.google.com/maps/search/d%C3%A9ch%C3%A8terie/@46.510000,3.625000,12z|Toutes les déchèteries autour du site 🗑️]]\n\n**Fiche d'accès**\nDigicode: A DEMANDER A MR CAMBON Badge: Boite à clés: Portail / Portillon: Bailleur Délais de prévenance: 2.0 Accès équipement(s): Badge: Clés: Clé mécanique Clé bailleur Cadenas: Accès aérien(s): Digicode: Badge: Clés: Cadenas: Commentaire d'accès: 27/07/2026 Na cockpit O+M : À titre informatif, merci d'envoyer un mail à brunocambon@lepal.com , 48 heures à l'avance Accès en autonomie : boîte à clés présente sur site. Contact: - CAMBON Bruno: 📧brunocambon@lepal.com 📞0681582781",
    "origine": "airtable",
    "campagne": "Espaces Verts 2026 P2-SEE ALL",
    "towerco": "TOTEM",
    "ressources": "SEE ALL",
    "nom_site": "LE_PAL",
    "adresse": "Lieu-dit La Tuilerie Parc d attractions D181",
    "departement": "3",
    "etat_wo": "Travaux planifiés",
    "wo": "WO-224023 + WO-244563",
    "scope": "EV - Espaces Verts",
    "acces_detail": "Digicode: A DEMANDER A MR CAMBON Badge: Boite à clés: Portail / Portillon: Bailleur Délais de prévenance: 2.0 Accès équipement(s): Badge: Clés: Clé mécanique Clé bailleur Cadenas: Accès aérien(s): Digicode: Badge: Clés: Cadenas: Commentaire d'accès: 27/07/2026 Na cockpit O+M : À titre informatif, merci d'envoyer un mail à brunocambon@lepal.com , 48 heures à l'avance Accès en autonomie : boîte à clés présente sur site. Contact: - CAMBON Bruno: 📧brunocambon@lepal.com 📞0681582781",
    "date_planification": "2026-10-06",
    "calque": "mp-ev-2026-p2-seeall",
    "code_fra": "FRA00300147",
    "acces_autonome": "autonome",
    "acces_motif": "boîte à clés sur site",
    "_umap_options": {
     "color": "#F59E0B",
     "iconClass": "Default"
    }
   }
  },
  {
   "type": "Feature",
   "geometry": {
    "type": "Point",
    "coordinates": [
     2.23676,
     44.825633
    ]
   },
   "properties": {
    "name": "FRA01500033 — CAYROLS",
    "description": "**Verdict d'autonomie** : autonome\n**Motif du verdict** : clé électronique ILOQ ou ABLOY\n**Numéro de DAS** : DAS-N0234925\n**Statut de la DAS** : Acceptée\n**Début de validité** : 2026-09-19\n**Fin de validité** : 2026-09-21\n**Origine de la DAS** : airtable\n**Déclaration du terrain** : fait\n**Auteur de la déclaration** : L K\n**Date de la déclaration** : 2026-09-21\n**Campagne d'appartenance** : Espaces Verts 2026 P2-SEE ALL\n**Donneur d'ordre de la campagne** : TOTEM\n**Colonne Ressources du périmètre** : SEE ALL\n**Provenance du repère** : import\n**Adresse du site** : Lieu-dit La Coste CR 37 - EDF : Lagriffoul\n**Numéro de département** : 15\n**Nom du site** : CAYROLS\n**Coordonnées** : 44.825633, 2.236760\n[[https://www.google.com/maps?q=44.825633,2.236760|Google Maps 🌍]] · [[https://www.google.com/maps/@?api=1&map_action=pano&viewpoint=44.825633,2.236760|Street View]]\n**Déchèteries pro les plus proches** :\n[[https://www.google.com/maps?q=44.8538,2.32072|Déchèterie de Lacoste Sud - Saint-mamet (Saint-Mamet-la-Salvetat, 7.3 km)]]\n[[https://www.google.com/maps?q=44.7022,2.1906|Déchèterie de Laborie Maurs (Maurs, 14.2 km)]] — 0471467708\n[[https://www.google.com/maps?q=44.7987,2.05136|Déchèterie de Latronquière (LATRONQUIERE, 14.9 km)]] — 0565381877\n[[https://www.google.com/maps/search/d%C3%A9ch%C3%A8terie/@44.825633,2.236760,12z|Toutes les déchèteries autour du site 🗑️]]\n\n**Fiche d'accès**\nDigicode: NON\nBadge: NON\nBoite à clés: Non\nPortail / Portillon: Electronique\nDélais de prévenance:\n\nAccès équipement(s):\nBadge:\nClés: Clé électronique ABLOY\nCadenas:\n\nAccès aérien(s):\nDigicode:\nBadge:\nClés: Clé électronique ABLOY\nCadenas:\n\nCommentaire d'accès: 12/01/2026 – Ma cockpit O+M\n\nBAC Inutile\nChaine + Cadenas ILOQ sur porte ZT 20004616\nSite en accès libre",
    "origine": "import",
    "campagne": "Espaces Verts 2026 P2-SEE ALL",
    "towerco": "TOTEM",
    "ressources": "SEE ALL",
    "nom_site": "CAYROLS",
    "adresse": "Lieu-dit La Coste CR 37 - EDF : Lagriffoul",
    "departement": "15",
    "das_numero": "DAS-N0234925",
    "das_statut": "Acceptée",
    "das_debut": "2026-09-19",
    "das_fin": "2026-09-21",
    "das_provenance": "airtable",
    "acces_detail": "Digicode: NON\nBadge: NON\nBoite à clés: Non\nPortail / Portillon: Electronique\nDélais de prévenance:\n\nAccès équipement(s):\nBadge:\nClés: Clé électronique ABLOY\nCadenas:\n\nAccès aérien(s):\nDigicode:\nBadge:\nClés: Clé électronique ABLOY\nCadenas:\n\nCommentaire d'accès: 12/01/2026 – Ma cockpit O+M\n\nBAC Inutile\nChaine + Cadenas ILOQ sur porte ZT 20004616\nSite en accès libre",
    "etat_terrain": "fait",
    "declare_par": "L K",
    "declare_le": "2026-09-21",
    "calque": "mp-ev-2026-p2-seeall",
    "code_fra": "FRA01500033",
    "acces_autonome": "autonome",
    "acces_motif": "clé électronique ILOQ ou ABLOY",
    "_umap_options": {
     "color": "#15803D",
     "iconClass": "Default"
    }
   }
  },
  {
   "type": "Feature",
   "geometry": {
    "type": "Point",
    "coordinates": [
     2.741944,
     45.083051
    ]
   },
   "properties": {
    "name": "FRA01500034 — SUPER_LIORAN",
    "description": "**Verdict d'autonomie** : autonome\n**Motif du verdict** : clé électronique ILOQ ou ABLOY\n**Numéro de DAS** : DAS-N0234935\n**Statut de la DAS** : Acceptée\n**Début de validité** : 2026-09-26\n**Fin de validité** : 2026-09-27\n**Délai de prévenance** : aucune\n**Origine de la DAS** : airtable\n**Déclaration du terrain** : fait\n**Auteur de la déclaration** : L K\n**Date de la déclaration** : 2026-09-19\n**Campagne d'appartenance** : Espaces Verts 2026 P2-SEE ALL\n**Donneur d'ordre de la campagne** : TOTEM\n**Colonne Ressources du périmètre** : SEE ALL\n**Provenance du repère** : import\n**Adresse du site** : Puy de Masseboeuf\n**Numéro de département** : 15\n**Nom du site** : SUPER_LIORAN\n**Coordonnées** : 45.083051, 2.741944\n[[https://www.google.com/maps?q=45.083051,2.741944|Google Maps 🌍]] · [[https://www.google.com/maps/@?api=1&map_action=pano&viewpoint=45.083051,2.741944|Street View]]\n**Déchèteries pro les plus proches** :\n[[https://www.google.com/maps?q=44.9663,2.60996|Déchèterie Intercommunale de Comblat le Château (Vic-sur-Cère, 16.6 km)]] — 0672016144\n[[https://www.google.com/maps?q=44.9271,2.84256|Decheterie de Pierrefort (Pierrefort, 19.1 km)]] — 0471201436\n[[https://www.google.com/maps?q=45.1441,2.97886|Déchèterie de Neussargues (Neussargues-Moissac, 19.8 km)]] — 0471202262\n[[https://www.google.com/maps/search/d%C3%A9ch%C3%A8terie/@45.083051,2.741944,12z|Toutes les déchèteries autour du site 🗑️]]\n\n**Fiche d'accès**\nDigicode: non\nBadge:\nBoite à clés: Non\nPortail / Portillon: Electronique\nDélais de prévenance: 0.0\n\nAccès équipement(s):\nBadge:\nClés: Clé mécanique\nCadenas:\n\nAccès aérien(s):\nDigicode:\nBadge:\nClés: Clé mécanique Clé électronique ABLOY\nCadenas:\n\nCommentaire d'accès:",
    "origine": "import",
    "campagne": "Espaces Verts 2026 P2-SEE ALL",
    "towerco": "TOTEM",
    "ressources": "SEE ALL",
    "nom_site": "SUPER_LIORAN",
    "adresse": "Puy de Masseboeuf",
    "departement": "15",
    "das_numero": "DAS-N0234935",
    "das_statut": "Acceptée",
    "das_debut": "2026-09-26",
    "das_fin": "2026-09-27",
    "das_provenance": "airtable",
    "acces_detail": "Digicode: non\nBadge:\nBoite à clés: Non\nPortail / Portillon: Electronique\nDélais de prévenance: 0.0\n\nAccès équipement(s):\nBadge:\nClés: Clé mécanique\nCadenas:\n\nAccès aérien(s):\nDigicode:\nBadge:\nClés: Clé mécanique Clé électronique ABLOY\nCadenas:\n\nCommentaire d'accès:",
    "das_prevenance": "aucune",
    "etat_terrain": "fait",
    "declare_par": "L K",
    "declare_le": "2026-09-19",
    "calque": "mp-ev-2026-p2-seeall",
    "code_fra": "FRA01500034",
    "acces_autonome": "autonome",
    "acces_motif": "clé électronique ILOQ ou ABLOY",
    "_umap_options": {
     "color": "#15803D",
     "iconClass": "Default"
    }
   }
  },
  {
   "type": "Feature",
   "geometry": {
    "type": "Point",
    "coordinates": [
     2.486965,
     45.041942
    ]
   },
   "properties": {
    "name": "FRA01500037 — ZB2_GIRGOLS",
    "description": "**Verdict d'autonomie** : autonome\n**Motif du verdict** : clé électronique ILOQ ou ABLOY\n**Numéro de DAS** : DAS-N0235306\n**Statut de la DAS** : Acceptée\n**Début de validité** : 2026-09-29\n**Fin de validité** : 2026-09-29\n**Délai de prévenance** : 7 jours\n**Origine de la DAS** : airtable\n**Déclaration du terrain** : fait\n**Auteur de la déclaration** : L K\n**Date de la déclaration** : 2026-09-20\n**Campagne d'appartenance** : Espaces Verts 2026 P2-SEE ALL\n**Donneur d'ordre de la campagne** : TOTEM\n**Colonne Ressources du périmètre** : SEE ALL\n**Provenance du repère** : import\n**Adresse du site** : Lieu-dit Dalmas Chemin de terre agricole\n**Numéro de département** : 15\n**Nom du site** : ZB2_GIRGOLS\n**Coordonnées** : 45.041942, 2.486965\n[[https://www.google.com/maps?q=45.041942,2.486965|Google Maps 🌍]] · [[https://www.google.com/maps/@?api=1&map_action=pano&viewpoint=45.041942,2.486965|Street View]]\n**Déchèteries pro les plus proches** :\n[[https://www.google.com/maps?q=45.0446,2.43558|Déchèterie Saint-cernin (Saint-Cernin, 4.0 km)]] — 0683634813\n[[https://www.google.com/maps?q=45.132,2.40664|Déchèterie Sainte-eulalie (Sainte-Eulalie, 11.8 km)]] — 0683634813\n[[https://www.google.com/maps?q=44.9405,2.41825|Déchèterie des 4 Chemins Naucelles (Naucelles, 12.5 km)]] — 0471430576\n[[https://www.google.com/maps/search/d%C3%A9ch%C3%A8terie/@45.041942,2.486965,12z|Toutes les déchèteries autour du site 🗑️]]\n\n**Fiche d'accès**\nDigicode: NON\nBadge:\nBoite à clés:\nPortail / Portillon: Electronique\nDélais de prévenance: 7.0\n\nAccès équipement(s):\nBadge:\nClés:\nCadenas:\n\nAccès aérien(s):\nDigicode: NON\nBadge:\nClés: Clé électronique ABLOY\nCadenas:\n\nCommentaire d'accès: 14/04/26 D cockpit O+M:\nROUGIER Christian: 0670280093\nPrévenance à faire par mail: christian.rougier258@orange.fr/ 1 semaine à l'avance\nAutonome",
    "origine": "import",
    "campagne": "Espaces Verts 2026 P2-SEE ALL",
    "towerco": "TOTEM",
    "ressources": "SEE ALL",
    "nom_site": "ZB2_GIRGOLS",
    "adresse": "Lieu-dit Dalmas Chemin de terre agricole",
    "departement": "15",
    "das_numero": "DAS-N0235306",
    "das_statut": "Acceptée",
    "das_debut": "2026-09-29",
    "das_fin": "2026-09-29",
    "das_provenance": "airtable",
    "acces_detail": "Digicode: NON\nBadge:\nBoite à clés:\nPortail / Portillon: Electronique\nDélais de prévenance: 7.0\n\nAccès équipement(s):\nBadge:\nClés:\nCadenas:\n\nAccès aérien(s):\nDigicode: NON\nBadge:\nClés: Clé électronique ABLOY\nCadenas:\n\nCommentaire d'accès: 14/04/26 D cockpit O+M:\nROUGIER Christian: 0670280093\nPrévenance à faire par mail: christian.rougier258@orange.fr/ 1 semaine à l'avance\nAutonome",
    "das_prevenance": "7 jours",
    "etat_terrain": "fait",
    "declare_par": "L K",
    "declare_le": "2026-09-20",
    "calque": "mp-ev-2026-p2-seeall",
    "code_fra": "FRA01500037",
    "acces_autonome": "autonome",
    "acces_motif": "clé électronique ILOQ ou ABLOY",
    "_umap_options": {
     "color": "#15803D",
     "iconClass": "Default"
    }
   }
  },
  {
   "type": "Feature",
   "geometry": {
    "type": "Point",
    "coordinates": [
     3.220556,
     44.915
    ]
   },
   "properties": {
    "name": "FRA01500038 — LOUBARESSE",
    "description": "**Verdict d'autonomie** : a_confirmer\n**Motif du verdict** : fiche d'accès vide\n**Déclaration du terrain** : fait\n**Auteur de la déclaration** : L K\n**Date de la déclaration** : 2026-09-22\n**Campagne d'appartenance** : Espaces Verts 2026 P2-SEE ALL\n**Donneur d'ordre de la campagne** : TOTEM\n**Colonne Ressources du périmètre** : SEE ALL\n**Provenance du repère** : import\n**Adresse du site** : BTS LA BARAQUE DE BOUDONNET LO\n**Numéro de département** : 15\n**Nom du site** : LOUBARESSE\n**Coordonnées** : 44.915000, 3.220556\n[[https://www.google.com/maps?q=44.915000,3.220556|Google Maps 🌍]] · [[https://www.google.com/maps/@?api=1&map_action=pano&viewpoint=44.915000,3.220556|Street View]]\n**Déchèteries pro les plus proches** :\n[[https://www.google.com/maps?q=44.8508,3.34939|Déchèterie du Malzieu (LE MALZIEU-VILLE, 12.4 km)]] — 0682571398\n[[https://www.google.com/maps?q=44.8156,3.11184|Déchèterie de Fournels (FOURNELS, 14.0 km)]]\n[[https://www.google.com/maps?q=44.7725,3.28643|Déchèterie de St Chély (RIMEIZE, 16.7 km)]] — 0466313310\n[[https://www.google.com/maps/search/d%C3%A9ch%C3%A8terie/@44.915000,3.220556,12z|Toutes les déchèteries autour du site 🗑️]]",
    "origine": "import",
    "campagne": "Espaces Verts 2026 P2-SEE ALL",
    "towerco": "TOTEM",
    "ressources": "SEE ALL",
    "nom_site": "LOUBARESSE",
    "adresse": "BTS LA BARAQUE DE BOUDONNET LO",
    "departement": "15",
    "etat_terrain": "fait",
    "declare_par": "L K",
    "declare_le": "2026-09-22",
    "calque": "mp-ev-2026-p2-seeall",
    "code_fra": "FRA01500038",
    "acces_autonome": "a_confirmer",
    "acces_motif": "fiche d'accès vide",
    "_umap_options": {
     "color": "#15803D",
     "iconClass": "Default"
    }
   }
  },
  {
   "type": "Feature",
   "geometry": {
    "type": "Point",
    "coordinates": [
     2.588505,
     45.157157
    ]
   },
   "properties": {
    "name": "FRA01500039 — ZB2_LE_FALGOUX",
    "description": "**Verdict d'autonomie** : a_confirmer\n**Motif du verdict** : fiche d'accès vide\n**Déclaration du terrain** : fait\n**Auteur de la déclaration** : L K\n**Date de la déclaration** : 2026-09-19\n**Campagne d'appartenance** : Espaces Verts 2026 P2-SEE ALL\n**Donneur d'ordre de la campagne** : TOTEM\n**Colonne Ressources du périmètre** : SEE ALL\n**Provenance du repère** : import\n**Adresse du site** : Lieu-dit Col de Néronne - D37\n**Numéro de département** : 15\n**Nom du site** : ZB2_LE_FALGOUX\n**Coordonnées** : 45.157157, 2.588505\n[[https://www.google.com/maps?q=45.157157,2.588505|Google Maps 🌍]] · [[https://www.google.com/maps/@?api=1&map_action=pano&viewpoint=45.157157,2.588505|Street View]]\n**Déchèteries pro les plus proches** :\n[[https://www.google.com/maps?q=45.132,2.40664|Déchèterie Sainte-eulalie (Sainte-Eulalie, 14.5 km)]] — 0683634813\n[[https://www.google.com/maps?q=45.2899,2.62941|Déchèterie de Riom-ès-montagnes (Riom-ès-Montagnes, 15.1 km)]] — 0471783583\n[[https://www.google.com/maps?q=45.0446,2.43558|Déchèterie Saint-cernin (Saint-Cernin, 17.3 km)]] — 0683634813\n[[https://www.google.com/maps/search/d%C3%A9ch%C3%A8terie/@45.157157,2.588505,12z|Toutes les déchèteries autour du site 🗑️]]",
    "origine": "import",
    "campagne": "Espaces Verts 2026 P2-SEE ALL",
    "towerco": "TOTEM",
    "ressources": "SEE ALL",
    "nom_site": "ZB2_LE_FALGOUX",
    "adresse": "Lieu-dit Col de Néronne - D37",
    "departement": "15",
    "etat_terrain": "fait",
    "declare_par": "L K",
    "declare_le": "2026-09-19",
    "calque": "mp-ev-2026-p2-seeall",
    "code_fra": "FRA01500039",
    "acces_autonome": "a_confirmer",
    "acces_motif": "fiche d'accès vide",
    "_umap_options": {
     "color": "#15803D",
     "iconClass": "Default"
    }
   }
  },
  {
   "type": "Feature",
   "geometry": {
    "type": "Point",
    "coordinates": [
     2.72666,
     45.292777
    ]
   },
   "properties": {
    "name": "FRA01500040 — ZB2_MARCHASTEL",
    "description": "**Verdict d'autonomie** : a_confirmer\n**Motif du verdict** : fiche d'accès vide\n**Déclaration du terrain** : fait\n**Auteur de la déclaration** : L K\n**Date de la déclaration** : 2026-09-18\n**Campagne d'appartenance** : Espaces Verts 2026 P2-SEE ALL\n**Donneur d'ordre de la campagne** : TOTEM\n**Colonne Ressources du périmètre** : SEE ALL\n**Provenance du repère** : import\n**Adresse du site** : Lieu-dit Lieu-dit \"Auliac\" Chemin rural n°25\n**Numéro de département** : 15\n**Nom du site** : ZB2_MARCHASTEL\n**Coordonnées** : 45.292777, 2.726660\n[[https://www.google.com/maps?q=45.292777,2.726660|Google Maps 🌍]] · [[https://www.google.com/maps/@?api=1&map_action=pano&viewpoint=45.292777,2.726660|Street View]]\n**Déchèteries pro les plus proches** :\n[[https://www.google.com/maps?q=45.3331,2.75404|Déchèterie de Condat (Condat, 5.0 km)]] — 0471689197\n[[https://www.google.com/maps?q=45.2899,2.62941|Déchèterie de Riom-ès-montagnes (Riom-ès-Montagnes, 7.6 km)]] — 0471783583\n[[https://www.google.com/maps?q=45.3789,2.47609|Decheterie de Bort les Orgues (Bort-les-Orgues, 21.8 km)]] — 0555967844\n[[https://www.google.com/maps/search/d%C3%A9ch%C3%A8terie/@45.292777,2.726660,12z|Toutes les déchèteries autour du site 🗑️]]",
    "origine": "import",
    "campagne": "Espaces Verts 2026 P2-SEE ALL",
    "towerco": "TOTEM",
    "ressources": "SEE ALL",
    "nom_site": "ZB2_MARCHASTEL",
    "adresse": "Lieu-dit Lieu-dit \"Auliac\" Chemin rural n°25",
    "departement": "15",
    "etat_terrain": "fait",
    "declare_par": "L K",
    "declare_le": "2026-09-18",
    "calque": "mp-ev-2026-p2-seeall",
    "code_fra": "FRA01500040",
    "acces_autonome": "a_confirmer",
    "acces_motif": "fiche d'accès vide",
    "_umap_options": {
     "color": "#15803D",
     "iconClass": "Default"
    }
   }
  },
  {
   "type": "Feature",
   "geometry": {
    "type": "Point",
    "coordinates": [
     2.670267,
     45.282777
    ]
   },
   "properties": {
    "name": "FRA01500041 — RIOM_ES_MONTAGNES_BIS",
    "description": "**Verdict d'autonomie** : a_confirmer\n**Motif du verdict** : fiche d'accès vide\n**Déclaration du terrain** : fait\n**Auteur de la déclaration** : L K\n**Date de la déclaration** : 2026-09-18\n**Campagne d'appartenance** : Espaces Verts 2026 P2-SEE ALL\n**Donneur d'ordre de la campagne** : TOTEM\n**Colonne Ressources du périmètre** : SEE ALL\n**Provenance du repère** : import\n**Adresse du site** : Lieu dit Suc Chabrol\n**Numéro de département** : 15\n**Nom du site** : RIOM_ES_MONTAGNES_BIS\n**Coordonnées** : 45.282777, 2.670267\n[[https://www.google.com/maps?q=45.282777,2.670267|Google Maps 🌍]] · [[https://www.google.com/maps/@?api=1&map_action=pano&viewpoint=45.282777,2.670267|Street View]]\n**Déchèteries pro les plus proches** :\n[[https://www.google.com/maps?q=45.2899,2.62941|Déchèterie de Riom-ès-montagnes (Riom-ès-Montagnes, 3.3 km)]] — 0471783583\n[[https://www.google.com/maps?q=45.3331,2.75404|Déchèterie de Condat (Condat, 8.6 km)]] — 0471689197\n[[https://www.google.com/maps?q=45.3789,2.47609|Decheterie de Bort les Orgues (Bort-les-Orgues, 18.6 km)]] — 0555967844\n[[https://www.google.com/maps/search/d%C3%A9ch%C3%A8terie/@45.282777,2.670267,12z|Toutes les déchèteries autour du site 🗑️]]",
    "origine": "import",
    "campagne": "Espaces Verts 2026 P2-SEE ALL",
    "towerco": "TOTEM",
    "ressources": "SEE ALL",
    "nom_site": "RIOM_ES_MONTAGNES_BIS",
    "adresse": "Lieu dit Suc Chabrol",
    "departement": "15",
    "etat_terrain": "fait",
    "declare_par": "L K",
    "declare_le": "2026-09-18",
    "calque": "mp-ev-2026-p2-seeall",
    "code_fra": "FRA01500041",
    "acces_autonome": "a_confirmer",
    "acces_motif": "fiche d'accès vide",
    "_umap_options": {
     "color": "#15803D",
     "iconClass": "Default"
    }
   }
  },
  {
   "type": "Feature",
   "geometry": {
    "type": "Point",
    "coordinates": [
     3.138047,
     45.216108
    ]
   },
   "properties": {
    "name": "FRA01500043 — BONNAC",
    "description": "**Verdict d'autonomie** : a_confirmer\n**Motif du verdict** : fiche d'accès vide\n**Déclaration du terrain** : fait\n**Auteur de la déclaration** : L K\n**Date de la déclaration** : 2026-09-22\n**Campagne d'appartenance** : Espaces Verts 2026 P2-SEE ALL\n**Donneur d'ordre de la campagne** : TOTEM\n**Colonne Ressources du périmètre** : SEE ALL\n**Provenance du repère** : import\n**Adresse du site** : Lieu-dit LE SUC de VEDRINE Site FT\n**Numéro de département** : 15\n**Nom du site** : BONNAC\n**Coordonnées** : 45.216108, 3.138047\n[[https://www.google.com/maps?q=45.216108,3.138047|Google Maps 🌍]] · [[https://www.google.com/maps/@?api=1&map_action=pano&viewpoint=45.216108,3.138047|Street View]]\n**Déchèteries pro les plus proches** :\n[[https://www.google.com/maps?q=45.2609,3.19189|Déchèterie de Massiac (MASSIAC, 6.5 km)]] — 0471230711\n[[https://www.google.com/maps?q=45.1441,2.97886|Déchèterie de Neussargues (Neussargues-Moissac, 14.8 km)]] — 0471202262\n[[https://www.google.com/maps?q=45.3776,3.11747|Déchèterie de la Planove Ardres-sur-couze (Ardes, 18.0 km)]]\n[[https://www.google.com/maps/search/d%C3%A9ch%C3%A8terie/@45.216108,3.138047,12z|Toutes les déchèteries autour du site 🗑️]]",
    "origine": "import",
    "campagne": "Espaces Verts 2026 P2-SEE ALL",
    "towerco": "TOTEM",
    "ressources": "SEE ALL",
    "nom_site": "BONNAC",
    "adresse": "Lieu-dit LE SUC de VEDRINE Site FT",
    "departement": "15",
    "etat_terrain": "fait",
    "declare_par": "L K",
    "declare_le": "2026-09-22",
    "calque": "mp-ev-2026-p2-seeall",
    "code_fra": "FRA01500043",
    "acces_autonome": "a_confirmer",
    "acces_motif": "fiche d'accès vide",
    "_umap_options": {
     "color": "#15803D",
     "iconClass": "Default"
    }
   }
  },
  {
   "type": "Feature",
   "geometry": {
    "type": "Point",
    "coordinates": [
     3.187771,
     45.184162
    ]
   },
   "properties": {
    "name": "FRA01500044 — ST_MARY_LE_PLAIN",
    "description": "**Verdict d'autonomie** : a_confirmer\n**Motif du verdict** : fiche d'accès vide\n**Déclaration du terrain** : fait\n**Auteur de la déclaration** : L K\n**Date de la déclaration** : 2026-09-22\n**Campagne d'appartenance** : Espaces Verts 2026 P2-SEE ALL\n**Donneur d'ordre de la campagne** : TOTEM\n**Colonne Ressources du périmètre** : SEE ALL\n**Provenance du repère** : import\n**Adresse du site** : Lieu-dit LAIR\n**Numéro de département** : 15\n**Nom du site** : ST_MARY_LE_PLAIN\n**Coordonnées** : 45.184162, 3.187771\n[[https://www.google.com/maps?q=45.184162,3.187771|Google Maps 🌍]] · [[https://www.google.com/maps/@?api=1&map_action=pano&viewpoint=45.184162,3.187771|Street View]]\n**Déchèteries pro les plus proches** :\n[[https://www.google.com/maps?q=45.2609,3.19189|Déchèterie de Massiac (MASSIAC, 8.5 km)]] — 0471230711\n[[https://www.google.com/maps?q=45.0485,3.10998|Decheterie de Saint Flour (Saint-Flour, 16.3 km)]] — 0471607558\n[[https://www.google.com/maps?q=45.1441,2.97886|Déchèterie de Neussargues (Neussargues-Moissac, 17.0 km)]] — 0471202262\n[[https://www.google.com/maps/search/d%C3%A9ch%C3%A8terie/@45.184162,3.187771,12z|Toutes les déchèteries autour du site 🗑️]]",
    "origine": "import",
    "campagne": "Espaces Verts 2026 P2-SEE ALL",
    "towerco": "TOTEM",
    "ressources": "SEE ALL",
    "nom_site": "ST_MARY_LE_PLAIN",
    "adresse": "Lieu-dit LAIR",
    "departement": "15",
    "etat_terrain": "fait",
    "declare_par": "L K",
    "declare_le": "2026-09-22",
    "calque": "mp-ev-2026-p2-seeall",
    "code_fra": "FRA01500044",
    "acces_autonome": "a_confirmer",
    "acces_motif": "fiche d'accès vide",
    "_umap_options": {
     "color": "#15803D",
     "iconClass": "Default"
    }
   }
  },
  {
   "type": "Feature",
   "geometry": {
    "type": "Point",
    "coordinates": [
     3.128336,
     45.253646
    ]
   },
   "properties": {
    "name": "FRA01500045 — ZB2_AURIAC_L_EGLISE",
    "description": "**Verdict d'autonomie** : a_confirmer\n**Motif du verdict** : fiche d'accès vide\n**Déclaration du terrain** : fait\n**Auteur de la déclaration** : L K\n**Date de la déclaration** : 2026-09-22\n**Campagne d'appartenance** : Espaces Verts 2026 P2-SEE ALL\n**Donneur d'ordre de la campagne** : TOTEM\n**Colonne Ressources du périmètre** : SEE ALL\n**Provenance du repère** : import\n**Adresse du site** : Lieu-dit Pré Redon Chemin le Bousseleuf\n**Numéro de département** : 15\n**Nom du site** : ZB2_AURIAC_L_EGLISE\n**Coordonnées** : 45.253646, 3.128336\n[[https://www.google.com/maps?q=45.253646,3.128336|Google Maps 🌍]] · [[https://www.google.com/maps/@?api=1&map_action=pano&viewpoint=45.253646,3.128336|Street View]]\n**Déchèteries pro les plus proches** :\n[[https://www.google.com/maps?q=45.2609,3.19189|Déchèterie de Massiac (MASSIAC, 5.0 km)]] — 0471230711\n[[https://www.google.com/maps?q=45.3776,3.11747|Déchèterie de la Planove Ardres-sur-couze (Ardes, 13.8 km)]]\n[[https://www.google.com/maps?q=45.1441,2.97886|Déchèterie de Neussargues (Neussargues-Moissac, 16.9 km)]] — 0471202262\n[[https://www.google.com/maps/search/d%C3%A9ch%C3%A8terie/@45.253646,3.128336,12z|Toutes les déchèteries autour du site 🗑️]]",
    "origine": "import",
    "campagne": "Espaces Verts 2026 P2-SEE ALL",
    "towerco": "TOTEM",
    "ressources": "SEE ALL",
    "nom_site": "ZB2_AURIAC_L_EGLISE",
    "adresse": "Lieu-dit Pré Redon Chemin le Bousseleuf",
    "departement": "15",
    "etat_terrain": "fait",
    "declare_par": "L K",
    "declare_le": "2026-09-22",
    "calque": "mp-ev-2026-p2-seeall",
    "code_fra": "FRA01500045",
    "acces_autonome": "a_confirmer",
    "acces_motif": "fiche d'accès vide",
    "_umap_options": {
     "color": "#15803D",
     "iconClass": "Default"
    }
   }
  },
  {
   "type": "Feature",
   "geometry": {
    "type": "Point",
    "coordinates": [
     2.667537,
     45.080625
    ]
   },
   "properties": {
    "name": "FRA01500046 — ND_RS_MANDAILLES_D17_ORF",
    "description": "**Verdict d'autonomie** : a_confirmer\n**Motif du verdict** : fiche d'accès vide\n**Déclaration du terrain** : fait\n**Auteur de la déclaration** : L K\n**Date de la déclaration** : 2026-09-19\n**Campagne d'appartenance** : Espaces Verts 2026 P2-SEE ALL\n**Donneur d'ordre de la campagne** : TOTEM\n**Colonne Ressources du périmètre** : SEE ALL\n**Provenance du repère** : import\n**Adresse du site** : Lieu-dit Revel\n**Numéro de département** : 15\n**Nom du site** : ND_RS_MANDAILLES_D17_ORF\n**Coordonnées** : 45.080625, 2.667537\n[[https://www.google.com/maps?q=45.080625,2.667537|Google Maps 🌍]] · [[https://www.google.com/maps/@?api=1&map_action=pano&viewpoint=45.080625,2.667537|Street View]]\n**Déchèteries pro les plus proches** :\n[[https://www.google.com/maps?q=44.9663,2.60996|Déchèterie Intercommunale de Comblat le Château (Vic-sur-Cère, 13.5 km)]] — 0672016144\n[[https://www.google.com/maps?q=45.0446,2.43558|Déchèterie Saint-cernin (Saint-Cernin, 18.7 km)]] — 0683634813\n[[https://www.google.com/maps?q=45.132,2.40664|Déchèterie Sainte-eulalie (Sainte-Eulalie, 21.3 km)]] — 0683634813\n[[https://www.google.com/maps/search/d%C3%A9ch%C3%A8terie/@45.080625,2.667537,12z|Toutes les déchèteries autour du site 🗑️]]",
    "origine": "import",
    "campagne": "Espaces Verts 2026 P2-SEE ALL",
    "towerco": "TOTEM",
    "ressources": "SEE ALL",
    "nom_site": "ND_RS_MANDAILLES_D17_ORF",
    "adresse": "Lieu-dit Revel",
    "departement": "15",
    "etat_terrain": "fait",
    "declare_par": "L K",
    "declare_le": "2026-09-19",
    "calque": "mp-ev-2026-p2-seeall",
    "code_fra": "FRA01500046",
    "acces_autonome": "a_confirmer",
    "acces_motif": "fiche d'accès vide",
    "_umap_options": {
     "color": "#15803D",
     "iconClass": "Default"
    }
   }
  },
  {
   "type": "Feature",
   "geometry": {
    "type": "Point",
    "coordinates": [
     2.193056,
     44.688603
    ]
   },
   "properties": {
    "name": "FRA01500047 — MAURS_TRIOULOU",
    "description": "**Verdict d'autonomie** : autonome\n**Motif du verdict** : clé électronique ILOQ ou ABLOY\n**Numéro de DAS** : DAS-N0234927\n**Statut de la DAS** : Acceptée\n**Début de validité** : 2026-09-19\n**Fin de validité** : 2026-09-21\n**Origine de la DAS** : airtable\n**Déclaration du terrain** : fait\n**Auteur de la déclaration** : L K\n**Date de la déclaration** : 2026-09-21\n**Campagne d'appartenance** : Espaces Verts 2026 P2-SEE ALL\n**Donneur d'ordre de la campagne** : TOTEM\n**Colonne Ressources du périmètre** : SEE ALL\n**Provenance du repère** : import\n**Adresse du site** : Lieu dit MONTAGNAC\n**Numéro de département** : 15\n**Nom du site** : MAURS_TRIOULOU\n**Coordonnées** : 44.688603, 2.193056\n[[https://www.google.com/maps?q=44.688603,2.193056|Google Maps 🌍]] · [[https://www.google.com/maps/@?api=1&map_action=pano&viewpoint=44.688603,2.193056|Street View]]\n**Déchèteries pro les plus proches** :\n[[https://www.google.com/maps?q=44.7022,2.1906|Déchèterie de Laborie Maurs (Maurs, 1.5 km)]] — 0471467708\n[[https://www.google.com/maps?q=44.667,2.16601|Déchèterie de Bagnac-sur-célé (BAGNAC-SUR-CELE, 3.2 km)]] — 0565119013\n[[https://www.google.com/maps?q=44.6031,2.24262|Déchèterie de Flagnac (Flagnac, 10.3 km)]] — 0967874138\n[[https://www.google.com/maps/search/d%C3%A9ch%C3%A8terie/@44.688603,2.193056,12z|Toutes les déchèteries autour du site 🗑️]]\n\n**Fiche d'accès**\nDigicode: NON\nBadge:\nBoite à clés: Oui\nPortail / Portillon:\nDélais de prévenance:\n\nAccès équipement(s):\nBadge:\nClés: Clé mécanique\nCadenas:\n\nAccès aérien(s):\nDigicode: NON\nBadge:\nClés: Clé mécanique Clé électronique ABLOY\nCadenas:\n\nCommentaire d'accès: 22/10/2025 Na cockpit O+M:\n\nLASSALE Maurice: 0682381860\n\nSans prévenance\nAccès en Autonomie",
    "origine": "import",
    "campagne": "Espaces Verts 2026 P2-SEE ALL",
    "towerco": "TOTEM",
    "ressources": "SEE ALL",
    "nom_site": "MAURS_TRIOULOU",
    "adresse": "Lieu dit MONTAGNAC",
    "departement": "15",
    "das_numero": "DAS-N0234927",
    "das_statut": "Acceptée",
    "das_debut": "2026-09-19",
    "das_fin": "2026-09-21",
    "das_provenance": "airtable",
    "acces_detail": "Digicode: NON\nBadge:\nBoite à clés: Oui\nPortail / Portillon:\nDélais de prévenance:\n\nAccès équipement(s):\nBadge:\nClés: Clé mécanique\nCadenas:\n\nAccès aérien(s):\nDigicode: NON\nBadge:\nClés: Clé mécanique Clé électronique ABLOY\nCadenas:\n\nCommentaire d'accès: 22/10/2025 Na cockpit O+M:\n\nLASSALE Maurice: 0682381860\n\nSans prévenance\nAccès en Autonomie",
    "etat_terrain": "fait",
    "declare_par": "L K",
    "declare_le": "2026-09-21",
    "calque": "mp-ev-2026-p2-seeall",
    "code_fra": "FRA01500047",
    "acces_autonome": "autonome",
    "acces_motif": "clé électronique ILOQ ou ABLOY",
    "_umap_options": {
     "color": "#15803D",
     "iconClass": "Default"
    }
   }
  },
  {
   "type": "Feature",
   "geometry": {
    "type": "Point",
    "coordinates": [
     2.180991,
     44.76062
    ]
   },
   "properties": {
    "name": "FRA01500048 — QUEZAC_N122",
    "description": "**Verdict d'autonomie** : a_confirmer\n**Motif du verdict** : fiche d'accès vide\n**Déclaration du terrain** : fait\n**Auteur de la déclaration** : L K\n**Date de la déclaration** : 2026-09-21\n**Campagne d'appartenance** : Espaces Verts 2026 P2-SEE ALL\n**Donneur d'ordre de la campagne** : TOTEM\n**Colonne Ressources du périmètre** : SEE ALL\n**Provenance du repère** : import\n**Adresse du site** : Lieu-dit La Pradelle\n**Numéro de département** : 15\n**Nom du site** : QUEZAC_N122\n**Coordonnées** : 44.760620, 2.180991\n[[https://www.google.com/maps?q=44.760620,2.180991|Google Maps 🌍]] · [[https://www.google.com/maps/@?api=1&map_action=pano&viewpoint=44.760620,2.180991|Street View]]\n**Déchèteries pro les plus proches** :\n[[https://www.google.com/maps?q=44.7022,2.1906|Déchèterie de Laborie Maurs (Maurs, 6.5 km)]] — 0471467708\n[[https://www.google.com/maps?q=44.667,2.16601|Déchèterie de Bagnac-sur-célé (BAGNAC-SUR-CELE, 10.5 km)]] — 0565119013\n[[https://www.google.com/maps?q=44.7987,2.05136|Déchèterie de Latronquière (LATRONQUIERE, 11.1 km)]] — 0565381877\n[[https://www.google.com/maps/search/d%C3%A9ch%C3%A8terie/@44.760620,2.180991,12z|Toutes les déchèteries autour du site 🗑️]]",
    "origine": "import",
    "campagne": "Espaces Verts 2026 P2-SEE ALL",
    "towerco": "TOTEM",
    "ressources": "SEE ALL",
    "nom_site": "QUEZAC_N122",
    "adresse": "Lieu-dit La Pradelle",
    "departement": "15",
    "etat_terrain": "fait",
    "declare_par": "L K",
    "declare_le": "2026-09-21",
    "calque": "mp-ev-2026-p2-seeall",
    "code_fra": "FRA01500048",
    "acces_autonome": "a_confirmer",
    "acces_motif": "fiche d'accès vide",
    "_umap_options": {
     "color": "#15803D",
     "iconClass": "Default"
    }
   }
  },
  {
   "type": "Feature",
   "geometry": {
    "type": "Point",
    "coordinates": [
     2.306854,
     45.173802
    ]
   },
   "properties": {
    "name": "FRA01500050 — ALLY",
    "description": "**Verdict d'autonomie** : autonome\n**Motif du verdict** : clé électronique ILOQ ou ABLOY\n**Numéro de DAS** : DAS-N0234937\n**Statut de la DAS** : Acceptée\n**Début de validité** : 2026-09-26\n**Fin de validité** : 2026-09-28\n**Origine de la DAS** : airtable\n**Déclaration du terrain** : fait\n**Auteur de la déclaration** : L K\n**Date de la déclaration** : 2026-09-19\n**Campagne d'appartenance** : Espaces Verts 2026 P2-SEE ALL\n**Donneur d'ordre de la campagne** : TOTEM\n**Colonne Ressources du périmètre** : SEE ALL\n**Provenance du repère** : import\n**Adresse du site** : les Crucholles\n**Numéro de département** : 15\n**Nom du site** : ALLY\n**Coordonnées** : 45.173802, 2.306854\n[[https://www.google.com/maps?q=45.173802,2.306854|Google Maps 🌍]] · [[https://www.google.com/maps/@?api=1&map_action=pano&viewpoint=45.173802,2.306854|Street View]]\n**Déchèteries pro les plus proches** :\n[[https://www.google.com/maps?q=45.2167,2.35138|Déchèterie de Mauriac (Mauriac, 5.9 km)]] — 0471682470\n[[https://www.google.com/maps?q=45.1145,2.30917|Déchèterie Pleaux (Pleaux, 6.6 km)]] — 0683634813\n[[https://www.google.com/maps?q=45.132,2.40664|Déchèterie Sainte-eulalie (Sainte-Eulalie, 9.1 km)]] — 0683634813\n[[https://www.google.com/maps/search/d%C3%A9ch%C3%A8terie/@45.173802,2.306854,12z|Toutes les déchèteries autour du site 🗑️]]\n\n**Fiche d'accès**\nDigicode: NON\nBadge: NON\nBoite à clés: Oui\nPortail / Portillon:\nDélais de prévenance:\n\nAccès équipement(s):\nBadge:\nClés: Clé électronique ABLOY\nCadenas:\n\nAccès aérien(s):\nDigicode: NON\nBadge:\nClés: Clé électronique ABLOY\nCadenas:\n\nCommentaire d'accès:",
    "origine": "import",
    "campagne": "Espaces Verts 2026 P2-SEE ALL",
    "towerco": "TOTEM",
    "ressources": "SEE ALL",
    "nom_site": "ALLY",
    "adresse": "les Crucholles",
    "departement": "15",
    "das_numero": "DAS-N0234937",
    "das_statut": "Acceptée",
    "das_debut": "2026-09-26",
    "das_fin": "2026-09-28",
    "das_provenance": "airtable",
    "acces_detail": "Digicode: NON\nBadge: NON\nBoite à clés: Oui\nPortail / Portillon:\nDélais de prévenance:\n\nAccès équipement(s):\nBadge:\nClés: Clé électronique ABLOY\nCadenas:\n\nAccès aérien(s):\nDigicode: NON\nBadge:\nClés: Clé électronique ABLOY\nCadenas:\n\nCommentaire d'accès:",
    "etat_terrain": "fait",
    "declare_par": "L K",
    "declare_le": "2026-09-19",
    "calque": "mp-ev-2026-p2-seeall",
    "code_fra": "FRA01500050",
    "acces_autonome": "autonome",
    "acces_motif": "clé électronique ILOQ ou ABLOY",
    "_umap_options": {
     "color": "#15803D",
     "iconClass": "Default"
    }
   }
  },
  {
   "type": "Feature",
   "geometry": {
    "type": "Point",
    "coordinates": [
     2.643333,
     44.97
    ]
   },
   "properties": {
    "name": "FRA01500051 — VIC_SUR_CERE",
    "description": "**Verdict d'autonomie** : autonome\n**Motif du verdict** : clé électronique ILOQ ou ABLOY\n**Numéro de DAS** : DAS-N0234928\n**Statut de la DAS** : Acceptée\n**Début de validité** : 2026-09-19\n**Fin de validité** : 2026-09-21\n**Origine de la DAS** : airtable\n**Déclaration du terrain** : fait\n**Auteur de la déclaration** : L K\n**Date de la déclaration** : 2026-09-20\n**Campagne d'appartenance** : Espaces Verts 2026 P2-SEE ALL\n**Donneur d'ordre de la campagne** : TOTEM\n**Colonne Ressources du périmètre** : SEE ALL\n**Provenance du repère** : import\n**Adresse du site** : Curebourse\n**Numéro de département** : 15\n**Nom du site** : VIC_SUR_CERE\n**Coordonnées** : 44.970000, 2.643333\n[[https://www.google.com/maps?q=44.970000,2.643333|Google Maps 🌍]] · [[https://www.google.com/maps/@?api=1&map_action=pano&viewpoint=44.970000,2.643333|Street View]]\n**Déchèteries pro les plus proches** :\n[[https://www.google.com/maps?q=44.9663,2.60996|Déchèterie Intercommunale de Comblat le Château (Vic-sur-Cère, 2.7 km)]] — 0672016144\n[[https://www.google.com/maps?q=44.8297,2.66074|Déchèterie de Mur-de-barrez (Mur-de-Barrez, 15.7 km)]]\n[[https://www.google.com/maps?q=44.9271,2.84256|Decheterie de Pierrefort (Pierrefort, 16.4 km)]] — 0471201436\n[[https://www.google.com/maps/search/d%C3%A9ch%C3%A8terie/@44.970000,2.643333,12z|Toutes les déchèteries autour du site 🗑️]]\n\n**Fiche d'accès**\nDigicode: NON\nBadge: NON\nBoite à clés:\nPortail / Portillon: Electronique\nDélais de prévenance:\n\nAccès équipement(s):\nBadge:\nClés: Clé électronique ABLOY\nCadenas:\n\nAccès aérien(s):\nDigicode: NON\nBadge:\nClés: Clé électronique ABLOY\nCadenas:\n\nCommentaire d'accès: 23/06/2026 Na cockpit O+M :\nSite en accès libre",
    "origine": "import",
    "campagne": "Espaces Verts 2026 P2-SEE ALL",
    "towerco": "TOTEM",
    "ressources": "SEE ALL",
    "nom_site": "VIC_SUR_CERE",
    "adresse": "Curebourse",
    "departement": "15",
    "das_numero": "DAS-N0234928",
    "das_statut": "Acceptée",
    "das_debut": "2026-09-19",
    "das_fin": "2026-09-21",
    "das_provenance": "airtable",
    "acces_detail": "Digicode: NON\nBadge: NON\nBoite à clés:\nPortail / Portillon: Electronique\nDélais de prévenance:\n\nAccès équipement(s):\nBadge:\nClés: Clé électronique ABLOY\nCadenas:\n\nAccès aérien(s):\nDigicode: NON\nBadge:\nClés: Clé électronique ABLOY\nCadenas:\n\nCommentaire d'accès: 23/06/2026 Na cockpit O+M :\nSite en accès libre",
    "etat_terrain": "fait",
    "declare_par": "L K",
    "declare_le": "2026-09-20",
    "calque": "mp-ev-2026-p2-seeall",
    "code_fra": "FRA01500051",
    "acces_autonome": "autonome",
    "acces_motif": "clé électronique ILOQ ou ABLOY",
    "_umap_options": {
     "color": "#15803D",
     "iconClass": "Default"
    }
   }
  },
  {
   "type": "Feature",
   "geometry": {
    "type": "Point",
    "coordinates": [
     2.574066,
     44.925339
    ]
   },
   "properties": {
    "name": "FRA01500052 — POLMINHAC_BIS",
    "description": "**Verdict d'autonomie** : autonome\n**Motif du verdict** : accès libre\n**Numéro de DAS** : DAS-N0234845\n**Statut de la DAS** : Refusée\n**Début de validité** : 2026-09-19\n**Fin de validité** : 2026-09-21\n**Origine de la DAS** : airtable\n**Déclaration du terrain** : fait\n**Auteur de la déclaration** : L K\n**Date de la déclaration** : 2026-09-20\n**Campagne d'appartenance** : Espaces Verts 2026 P2-SEE ALL\n**Donneur d'ordre de la campagne** : TOTEM\n**Colonne Ressources du périmètre** : SEE ALL\n**Provenance du repère** : import\n**Adresse du site** : Maruéjouls\n**Numéro de département** : 15\n**Nom du site** : POLMINHAC_BIS\n**Coordonnées** : 44.925339, 2.574066\n[[https://www.google.com/maps?q=44.925339,2.574066|Google Maps 🌍]] · [[https://www.google.com/maps/@?api=1&map_action=pano&viewpoint=44.925339,2.574066|Street View]]\n**Déchèteries pro les plus proches** :\n[[https://www.google.com/maps?q=44.9663,2.60996|Déchèterie Intercommunale de Comblat le Château (Vic-sur-Cère, 5.4 km)]] — 0672016144\n[[https://www.google.com/maps?q=44.9086,2.44311|Déchèterie de l'Yser Aurillac (Aurillac, 10.5 km)]] — 0471645108\n[[https://www.google.com/maps?q=44.9405,2.41825|Déchèterie des 4 Chemins Naucelles (Naucelles, 12.4 km)]] — 0471430576\n[[https://www.google.com/maps/search/d%C3%A9ch%C3%A8terie/@44.925339,2.574066,12z|Toutes les déchèteries autour du site 🗑️]]\n\n**Fiche d'accès**\nDigicode:\nBadge:\nBoite à clés:\nPortail / Portillon:\nDélais de prévenance:\n\nAccès équipement(s):\n\nAccès aérien(s):\n\nCommentaire d'accès: 21/05/2026 M cockpit O+M\nSite en accès libre, sans prévenance.",
    "origine": "import",
    "campagne": "Espaces Verts 2026 P2-SEE ALL",
    "towerco": "TOTEM",
    "ressources": "SEE ALL",
    "nom_site": "POLMINHAC_BIS",
    "adresse": "Maruéjouls",
    "departement": "15",
    "das_numero": "DAS-N0234845",
    "das_statut": "Refusée",
    "das_debut": "2026-09-19",
    "das_fin": "2026-09-21",
    "das_provenance": "airtable",
    "acces_detail": "Digicode:\nBadge:\nBoite à clés:\nPortail / Portillon:\nDélais de prévenance:\n\nAccès équipement(s):\n\nAccès aérien(s):\n\nCommentaire d'accès: 21/05/2026 M cockpit O+M\nSite en accès libre, sans prévenance.",
    "etat_terrain": "fait",
    "declare_par": "L K",
    "declare_le": "2026-09-20",
    "calque": "mp-ev-2026-p2-seeall",
    "code_fra": "FRA01500052",
    "acces_autonome": "autonome",
    "acces_motif": "accès libre",
    "_umap_options": {
     "color": "#15803D",
     "iconClass": "Default"
    }
   }
  },
  {
   "type": "Feature",
   "geometry": {
    "type": "Point",
    "coordinates": [
     2.491387,
     44.865275
    ]
   },
   "properties": {
    "name": "FRA01500056 — ARPAJON_BANDOU_FT",
    "description": "**Verdict d'autonomie** : non_autonome\n**Motif du verdict** : site DIG Orange, non autonome par prudence\n**Numéro de DAS** : DAS-N0234931\n**Statut de la DAS** : Acceptée\n**Début de validité** : 2026-09-19\n**Fin de validité** : 2026-09-21\n**Origine de la DAS** : airtable\n**Déclaration du terrain** : fait\n**Auteur de la déclaration** : L K\n**Date de la déclaration** : 2026-09-21\n**Campagne d'appartenance** : Espaces Verts 2026 P2-SEE ALL\n**Donneur d'ordre de la campagne** : TOTEM\n**Colonne Ressources du périmètre** : SEE ALL\n**Provenance du repère** : import\n**Adresse du site** : LIEUDIT LE BANDOU\n**Numéro de département** : 15\n**Nom du site** : ARPAJON_BANDOU_FT\n**Coordonnées** : 44.865275, 2.491387\n[[https://www.google.com/maps?q=44.865275,2.491387|Google Maps 🌍]] · [[https://www.google.com/maps/@?api=1&map_action=pano&viewpoint=44.865275,2.491387|Street View]]\n**Déchèteries pro les plus proches** :\n[[https://www.google.com/maps?q=44.9086,2.44311|Déchèterie de l'Yser Aurillac (Aurillac, 6.1 km)]] — 0471645108\n[[https://www.google.com/maps?q=44.9405,2.41825|Déchèterie des 4 Chemins Naucelles (Naucelles, 10.2 km)]] — 0471430576\n[[https://www.google.com/maps?q=44.7732,2.45354|Déchèterie de Lafeuillade-en-vézie (Lafeuillade-en-Vézie, 10.7 km)]] — 0443331087\n[[https://www.google.com/maps/search/d%C3%A9ch%C3%A8terie/@44.865275,2.491387,12z|Toutes les déchèteries autour du site 🗑️]]\n\n**Fiche d'accès**\nDigicode:\nBadge:\nBoite à clés: Non\nPortail / Portillon: Mécanique\nDélais de prévenance:\n\nAccès équipement(s):\nBadge:\nClés: Clé mécanique\nCadenas:\n\nAccès aérien(s):\nDigicode:\nBadge:\nClés: Clé mécanique\nCadenas:\n\nCommentaire d'accès: 02/12/25 D cockpit O+M:\nDIG 2; autonome (Full TOTEM)",
    "origine": "import",
    "campagne": "Espaces Verts 2026 P2-SEE ALL",
    "towerco": "TOTEM",
    "ressources": "SEE ALL",
    "nom_site": "ARPAJON_BANDOU_FT",
    "adresse": "LIEUDIT LE BANDOU",
    "departement": "15",
    "das_numero": "DAS-N0234931",
    "das_statut": "Acceptée",
    "das_debut": "2026-09-19",
    "das_fin": "2026-09-21",
    "das_provenance": "airtable",
    "acces_detail": "Digicode:\nBadge:\nBoite à clés: Non\nPortail / Portillon: Mécanique\nDélais de prévenance:\n\nAccès équipement(s):\nBadge:\nClés: Clé mécanique\nCadenas:\n\nAccès aérien(s):\nDigicode:\nBadge:\nClés: Clé mécanique\nCadenas:\n\nCommentaire d'accès: 02/12/25 D cockpit O+M:\nDIG 2; autonome (Full TOTEM)",
    "etat_terrain": "fait",
    "declare_par": "L K",
    "declare_le": "2026-09-21",
    "calque": "mp-ev-2026-p2-seeall",
    "code_fra": "FRA01500056",
    "acces_autonome": "non_autonome",
    "acces_motif": "site DIG Orange, non autonome par prudence",
    "_umap_options": {
     "color": "#15803D",
     "iconClass": "Default"
    }
   }
  },
  {
   "type": "Feature",
   "geometry": {
    "type": "Point",
    "coordinates": [
     2.177223,
     44.947774
    ]
   },
   "properties": {
    "name": "FRA01500060 — SAINT_GERONS_FT",
    "description": "**Verdict d'autonomie** : non_autonome\n**Motif du verdict** : site DIG Orange, non autonome par prudence\n**Numéro de DAS** : DAS-N0234918\n**Statut de la DAS** : Acceptée\n**Début de validité** : 2026-09-19\n**Fin de validité** : 2026-09-21\n**Origine de la DAS** : airtable\n**Déclaration du terrain** : fait\n**Auteur de la déclaration** : L K\n**Date de la déclaration** : 2026-09-19\n**Campagne d'appartenance** : Espaces Verts 2026 P2-SEE ALL\n**Donneur d'ordre de la campagne** : TOTEM\n**Colonne Ressources du périmètre** : SEE ALL\n**Provenance du repère** : import\n**Adresse du site** : LIEUDIT LES LANDES MARONCLE\n**Numéro de département** : 15\n**Nom du site** : SAINT_GERONS_FT\n**Coordonnées** : 44.947774, 2.177223\n[[https://www.google.com/maps?q=44.947774,2.177223|Google Maps 🌍]] · [[https://www.google.com/maps/@?api=1&map_action=pano&viewpoint=44.947774,2.177223|Street View]]\n**Déchèteries pro les plus proches** :\n[[https://www.google.com/maps?q=44.9755,2.22238|Déchèterie du Pont d'Orgon (Laroquebrou, 4.7 km)]] — 0471460511\n[[https://www.google.com/maps?q=44.9008,2.06113|Déchèterie de Sousceyrac-Calviac (Calviac*, 10.5 km)]] — 0565106953\n[[https://www.google.com/maps?q=45.0358,2.05877|Decheterie de Goulles (Goulles, 13.5 km)]] — 0682563484\n[[https://www.google.com/maps/search/d%C3%A9ch%C3%A8terie/@44.947774,2.177223,12z|Toutes les déchèteries autour du site 🗑️]]\n\n**Fiche d'accès**\nDigicode:\nBadge:\nBoite à clés: Non\nPortail / Portillon: CLE CLASSE 4 AUVERGNE\nDélais de prévenance:\n\nAccès équipement(s):\nBadge:\nClés:\nCadenas:\n\nAccès aérien(s):\nDigicode:\nBadge:\nClés:\nCadenas: ZENITH 45\n\nCommentaire d'accès: 27/08/2025 M cockpit O+M:\nsite DIG 2, full TOTEM , accès en autonomie.",
    "origine": "import",
    "campagne": "Espaces Verts 2026 P2-SEE ALL",
    "towerco": "TOTEM",
    "ressources": "SEE ALL",
    "nom_site": "SAINT_GERONS_FT",
    "adresse": "LIEUDIT LES LANDES MARONCLE",
    "departement": "15",
    "das_numero": "DAS-N0234918",
    "das_statut": "Acceptée",
    "das_debut": "2026-09-19",
    "das_fin": "2026-09-21",
    "das_provenance": "airtable",
    "acces_detail": "Digicode:\nBadge:\nBoite à clés: Non\nPortail / Portillon: CLE CLASSE 4 AUVERGNE\nDélais de prévenance:\n\nAccès équipement(s):\nBadge:\nClés:\nCadenas:\n\nAccès aérien(s):\nDigicode:\nBadge:\nClés:\nCadenas: ZENITH 45\n\nCommentaire d'accès: 27/08/2025 M cockpit O+M:\nsite DIG 2, full TOTEM , accès en autonomie.",
    "etat_terrain": "fait",
    "declare_par": "L K",
    "declare_le": "2026-09-19",
    "calque": "mp-ev-2026-p2-seeall",
    "code_fra": "FRA01500060",
    "acces_autonome": "non_autonome",
    "acces_motif": "site DIG Orange, non autonome par prudence",
    "_umap_options": {
     "color": "#15803D",
     "iconClass": "Default"
    }
   }
  },
  {
   "type": "Feature",
   "geometry": {
    "type": "Point",
    "coordinates": [
     2.876112,
     45.116942
    ]
   },
   "properties": {
    "name": "FRA01500067 — MURAT_NEISSO_FT",
    "description": "**Verdict d'autonomie** : a_confirmer\n**Motif du verdict** : fiche d'accès vide\n**Déclaration du terrain** : fait\n**Auteur de la déclaration** : L K\n**Date de la déclaration** : 2026-09-18\n**Campagne d'appartenance** : Espaces Verts 2026 P2-SEE ALL\n**Donneur d'ordre de la campagne** : TOTEM\n**Colonne Ressources du périmètre** : SEE ALL\n**Provenance du repère** : import\n**Adresse du site** : Lieu-dit FONTAINE de NEISSO\n**Numéro de département** : 15\n**Nom du site** : MURAT_NEISSO_FT\n**Coordonnées** : 45.116942, 2.876112\n[[https://www.google.com/maps?q=45.116942,2.876112|Google Maps 🌍]] · [[https://www.google.com/maps/@?api=1&map_action=pano&viewpoint=45.116942,2.876112|Street View]]\n**Déchèteries pro les plus proches** :\n[[https://www.google.com/maps?q=45.1441,2.97886|Déchèterie de Neussargues (Neussargues-Moissac, 8.6 km)]] — 0471202262\n[[https://www.google.com/maps?q=45.0485,3.10998|Decheterie de Saint Flour (Saint-Flour, 19.9 km)]] — 0471607558\n[[https://www.google.com/maps?q=44.9271,2.84256|Decheterie de Pierrefort (Pierrefort, 21.3 km)]] — 0471201436\n[[https://www.google.com/maps/search/d%C3%A9ch%C3%A8terie/@45.116942,2.876112,12z|Toutes les déchèteries autour du site 🗑️]]",
    "origine": "import",
    "campagne": "Espaces Verts 2026 P2-SEE ALL",
    "towerco": "TOTEM",
    "ressources": "SEE ALL",
    "nom_site": "MURAT_NEISSO_FT",
    "adresse": "Lieu-dit FONTAINE de NEISSO",
    "departement": "15",
    "etat_terrain": "fait",
    "declare_par": "L K",
    "declare_le": "2026-09-18",
    "calque": "mp-ev-2026-p2-seeall",
    "code_fra": "FRA01500067",
    "acces_autonome": "a_confirmer",
    "acces_motif": "fiche d'accès vide",
    "_umap_options": {
     "color": "#15803D",
     "iconClass": "Default"
    }
   }
  },
  {
   "type": "Feature",
   "geometry": {
    "type": "Point",
    "coordinates": [
     2.171664,
     44.704439
    ]
   },
   "properties": {
    "name": "FRA01500069 — MAURS_FT",
    "description": "**Verdict d'autonomie** : autonome\n**Motif du verdict** : la fiche déclare l'accès autonome\n**Numéro de DAS** : DAS-N0234926\n**Statut de la DAS** : Acceptée\n**Début de validité** : 2026-09-19\n**Fin de validité** : 2026-09-21\n**Origine de la DAS** : airtable\n**Déclaration du terrain** : fait\n**Auteur de la déclaration** : L K\n**Date de la déclaration** : 2026-09-21\n**Campagne d'appartenance** : Espaces Verts 2026 P2-SEE ALL\n**Donneur d'ordre de la campagne** : TOTEM\n**Colonne Ressources du périmètre** : SEE ALL\n**Provenance du repère** : import\n**Adresse du site** : LE BOIS MIGIE\n**Numéro de département** : 15\n**Nom du site** : MAURS_FT\n**Coordonnées** : 44.704439, 2.171664\n[[https://www.google.com/maps?q=44.704439,2.171664|Google Maps 🌍]] · [[https://www.google.com/maps/@?api=1&map_action=pano&viewpoint=44.704439,2.171664|Street View]]\n**Déchèteries pro les plus proches** :\n[[https://www.google.com/maps?q=44.7022,2.1906|Déchèterie de Laborie Maurs (Maurs, 1.5 km)]] — 0471467708\n[[https://www.google.com/maps?q=44.667,2.16601|Déchèterie de Bagnac-sur-célé (BAGNAC-SUR-CELE, 4.2 km)]] — 0565119013\n[[https://www.google.com/maps?q=44.6031,2.24262|Déchèterie de Flagnac (Flagnac, 12.6 km)]] — 0967874138\n[[https://www.google.com/maps/search/d%C3%A9ch%C3%A8terie/@44.704439,2.171664,12z|Toutes les déchèteries autour du site 🗑️]]\n\n**Fiche d'accès**\nDigicode:\nBadge:\nBoite à clés: Non\nPortail / Portillon:\nDélais de prévenance:\n\nAccès équipement(s):\nBadge:\nClés:\nCadenas:\n\nAccès aérien(s):\nDigicode:\nBadge:\nClés:\nCadenas:\n\nCommentaire d'accès: 12/11/25 D cockpit O+M:\nAccès: en autonomie (Full TOTEM)",
    "origine": "import",
    "campagne": "Espaces Verts 2026 P2-SEE ALL",
    "towerco": "TOTEM",
    "ressources": "SEE ALL",
    "nom_site": "MAURS_FT",
    "adresse": "LE BOIS MIGIE",
    "departement": "15",
    "das_numero": "DAS-N0234926",
    "das_statut": "Acceptée",
    "das_debut": "2026-09-19",
    "das_fin": "2026-09-21",
    "das_provenance": "airtable",
    "acces_detail": "Digicode:\nBadge:\nBoite à clés: Non\nPortail / Portillon:\nDélais de prévenance:\n\nAccès équipement(s):\nBadge:\nClés:\nCadenas:\n\nAccès aérien(s):\nDigicode:\nBadge:\nClés:\nCadenas:\n\nCommentaire d'accès: 12/11/25 D cockpit O+M:\nAccès: en autonomie (Full TOTEM)",
    "etat_terrain": "fait",
    "declare_par": "L K",
    "declare_le": "2026-09-21",
    "calque": "mp-ev-2026-p2-seeall",
    "code_fra": "FRA01500069",
    "acces_autonome": "autonome",
    "acces_motif": "la fiche déclare l'accès autonome",
    "_umap_options": {
     "color": "#15803D",
     "iconClass": "Default"
    }
   }
  },
  {
   "type": "Feature",
   "geometry": {
    "type": "Point",
    "coordinates": [
     3.851628,
     45.045652
    ]
   },
   "properties": {
    "name": "FRA04300007 — ESPALY_ST_MARCEL",
    "description": "**Verdict d'autonomie** : a_confirmer\n**Motif du verdict** : fiche d'accès vide\n**Campagne d'appartenance** : Espaces Verts 2026 P2-SEE ALL\n**Donneur d'ordre de la campagne** : TOTEM\n**Colonne Ressources du périmètre** : SEE ALL\n**Provenance du repère** : import\n**Adresse du site** : Lieu-dit vielle\n**Numéro de département** : 43\n**Nom du site** : ESPALY_ST_MARCEL\n**Coordonnées** : 45.045652, 3.851628\n[[https://www.google.com/maps?q=45.045652,3.851628|Google Maps 🌍]] · [[https://www.google.com/maps/@?api=1&map_action=pano&viewpoint=45.045652,3.851628|Street View]]\n**Déchèteries pro les plus proches** :\n[[https://www.google.com/maps?q=45.0866,3.83975|Déchèterie de Polignac (Polignac, 4.6 km)]] — 0471026356\n[[https://www.google.com/maps?q=45.0562,3.78936|Déchèterie de Sanssac l'Eglise (Sanssac-l'Église, 5.0 km)]] — 0471080684\n[[https://www.google.com/maps?q=45.0035,3.87928|Déchèterie du Puy-en-velay (Le Puy-en-Velay, 5.2 km)]] — 0471095423\n[[https://www.google.com/maps/search/d%C3%A9ch%C3%A8terie/@45.045652,3.851628,12z|Toutes les déchèteries autour du site 🗑️]]",
    "origine": "import",
    "campagne": "Espaces Verts 2026 P2-SEE ALL",
    "towerco": "TOTEM",
    "ressources": "SEE ALL",
    "nom_site": "ESPALY_ST_MARCEL",
    "adresse": "Lieu-dit vielle",
    "departement": "43",
    "calque": "mp-ev-2026-p2-seeall",
    "code_fra": "FRA04300007",
    "acces_autonome": "a_confirmer",
    "acces_motif": "fiche d'accès vide",
    "_umap_options": {
     "color": "#67718A",
     "iconClass": "Default"
    }
   }
  },
  {
   "type": "Feature",
   "geometry": {
    "type": "Point",
    "coordinates": [
     3.42666,
     45.255551
    ]
   },
   "properties": {
    "name": "FRA04300009 — LAVAUDIEU",
    "description": "**Verdict d'autonomie** : a_confirmer\n**Motif du verdict** : fiche d'accès vide\n**Campagne d'appartenance** : Espaces Verts 2026 P2-SEE ALL\n**Donneur d'ordre de la campagne** : TOTEM\n**Colonne Ressources du périmètre** : SEE ALL\n**Provenance du repère** : import\n**Adresse du site** : Lieu-dit Chantaillau EDF : Costes Cirgues\n**Numéro de département** : 43\n**Nom du site** : LAVAUDIEU\n**Coordonnées** : 45.255551, 3.426660\n[[https://www.google.com/maps?q=45.255551,3.426660|Google Maps 🌍]] · [[https://www.google.com/maps/@?api=1&map_action=pano&viewpoint=45.255551,3.426660|Street View]]\n**Déchèteries pro les plus proches** :\n[[https://www.google.com/maps?q=45.3111,3.37105|Déchèterie de Brioude (BRIOUDE, 7.6 km)]] — 0471749551\n[[https://www.google.com/maps?q=45.2609,3.19189|Déchèterie de Massiac (MASSIAC, 18.4 km)]] — 0471230711\n[[https://www.google.com/maps?q=45.4191,3.33776|Déchèterie de Brassac (Brassac les mines, 19.5 km)]] — 0473542348\n[[https://www.google.com/maps/search/d%C3%A9ch%C3%A8terie/@45.255551,3.426660,12z|Toutes les déchèteries autour du site 🗑️]]",
    "origine": "import",
    "campagne": "Espaces Verts 2026 P2-SEE ALL",
    "towerco": "TOTEM",
    "ressources": "SEE ALL",
    "nom_site": "LAVAUDIEU",
    "adresse": "Lieu-dit Chantaillau EDF : Costes Cirgues",
    "departement": "43",
    "calque": "mp-ev-2026-p2-seeall",
    "code_fra": "FRA04300009",
    "acces_autonome": "a_confirmer",
    "acces_motif": "fiche d'accès vide",
    "_umap_options": {
     "color": "#67718A",
     "iconClass": "Default"
    }
   }
  },
  {
   "type": "Feature",
   "geometry": {
    "type": "Point",
    "coordinates": [
     4.197218,
     45.375552
    ]
   },
   "properties": {
    "name": "FRA04300013 — AUREC",
    "description": "**Verdict d'autonomie** : a_confirmer\n**Motif du verdict** : fiche d'accès vide\n**Campagne d'appartenance** : Espaces Verts 2026 P2-SEE ALL\n**Donneur d'ordre de la campagne** : TOTEM\n**Colonne Ressources du périmètre** : SEE ALL\n**Provenance du repère** : import\n**Adresse du site** : Route de Nurols\n**Numéro de département** : 43\n**Nom du site** : AUREC\n**Coordonnées** : 45.375552, 4.197218\n[[https://www.google.com/maps?q=45.375552,4.197218|Google Maps 🌍]] · [[https://www.google.com/maps/@?api=1&map_action=pano&viewpoint=45.375552,4.197218|Street View]]\n**Déchèteries pro les plus proches** :\n[[https://www.google.com/maps?q=45.3172,4.11828|Déchèterie de Bas en Basset (Bas-en-Basset, 9.0 km)]]\n[[https://www.google.com/maps?q=45.2707,4.19038|Decheterie de Monistrol sur Loire (Monistrol-sur-Loire, 11.7 km)]] — 0471759299\n[[https://www.google.com/maps?q=45.4307,4.03994|Déchèterie Estivareilles (Estivareilles, 13.7 km)]] — 0477507483\n[[https://www.google.com/maps/search/d%C3%A9ch%C3%A8terie/@45.375552,4.197218,12z|Toutes les déchèteries autour du site 🗑️]]",
    "origine": "import",
    "campagne": "Espaces Verts 2026 P2-SEE ALL",
    "towerco": "TOTEM",
    "ressources": "SEE ALL",
    "nom_site": "AUREC",
    "adresse": "Route de Nurols",
    "departement": "43",
    "calque": "mp-ev-2026-p2-seeall",
    "code_fra": "FRA04300013",
    "acces_autonome": "a_confirmer",
    "acces_motif": "fiche d'accès vide",
    "_umap_options": {
     "color": "#67718A",
     "iconClass": "Default"
    }
   }
  },
  {
   "type": "Feature",
   "geometry": {
    "type": "Point",
    "coordinates": [
     4.1939,
     45.274636
    ]
   },
   "properties": {
    "name": "FRA04300014 — MONISTROL",
    "description": "**Verdict d'autonomie** : a_confirmer\n**Motif du verdict** : fiche d'accès vide\n**Campagne d'appartenance** : Espaces Verts 2026 P2-SEE ALL\n**Donneur d'ordre de la campagne** : TOTEM\n**Colonne Ressources du périmètre** : SEE ALL\n**Provenance du repère** : import\n**Adresse du site** : 2 W Zone industrielle Chavanon\n**Numéro de département** : 43\n**Nom du site** : MONISTROL\n**Coordonnées** : 45.274636, 4.193900\n[[https://www.google.com/maps?q=45.274636,4.193900|Google Maps 🌍]] · [[https://www.google.com/maps/@?api=1&map_action=pano&viewpoint=45.274636,4.193900|Street View]]\n**Déchèteries pro les plus proches** :\n[[https://www.google.com/maps?q=45.2707,4.19038|Decheterie de Monistrol sur Loire (Monistrol-sur-Loire, 0.5 km)]] — 0471759299\n[[https://www.google.com/maps?q=45.3172,4.11828|Déchèterie de Bas en Basset (Bas-en-Basset, 7.6 km)]]\n[[https://www.google.com/maps?q=45.2173,4.02388|Déchèterie de Retournac (RETOURNAC, 14.8 km)]] — 0471652342\n[[https://www.google.com/maps/search/d%C3%A9ch%C3%A8terie/@45.274636,4.193900,12z|Toutes les déchèteries autour du site 🗑️]]",
    "origine": "import",
    "campagne": "Espaces Verts 2026 P2-SEE ALL",
    "towerco": "TOTEM",
    "ressources": "SEE ALL",
    "nom_site": "MONISTROL",
    "adresse": "2 W Zone industrielle Chavanon",
    "departement": "43",
    "calque": "mp-ev-2026-p2-seeall",
    "code_fra": "FRA04300014",
    "acces_autonome": "a_confirmer",
    "acces_motif": "fiche d'accès vide",
    "_umap_options": {
     "color": "#67718A",
     "iconClass": "Default"
    }
   }
  },
  {
   "type": "Feature",
   "geometry": {
    "type": "Point",
    "coordinates": [
     3.622712,
     45.130788
    ]
   },
   "properties": {
    "name": "FRA04300019 — STE_EUGENIE_DE_VILLENEUVE",
    "description": "**Verdict d'autonomie** : a_confirmer\n**Motif du verdict** : fiche d'accès vide\n**Campagne d'appartenance** : Espaces Verts 2026 P2-SEE ALL\n**Donneur d'ordre de la campagne** : TOTEM\n**Colonne Ressources du périmètre** : SEE ALL\n**Provenance du repère** : import\n**Adresse du site** : Lieu-dit La Pause EDF : Le Bourg\n**Numéro de département** : 43\n**Nom du site** : STE_EUGENIE_DE_VILLENEUVE\n**Coordonnées** : 45.130788, 3.622712\n[[https://www.google.com/maps?q=45.130788,3.622712|Google Maps 🌍]] · [[https://www.google.com/maps/@?api=1&map_action=pano&viewpoint=45.130788,3.622712|Street View]]\n**Déchèteries pro les plus proches** :\n[[https://www.google.com/maps?q=45.0863,3.50642|Déchèterie de Langeac (LANGEAC, 10.4 km)]] — 0471771444\n[[https://www.google.com/maps?q=45.207,3.7282|Déchèterie d'Allegre (Allègre, 11.8 km)]] — 0471007633\n[[https://www.google.com/maps?q=45.0562,3.78936|Déchèterie de Sanssac l'Eglise (Sanssac-l'Église, 15.5 km)]] — 0471080684\n[[https://www.google.com/maps/search/d%C3%A9ch%C3%A8terie/@45.130788,3.622712,12z|Toutes les déchèteries autour du site 🗑️]]",
    "origine": "import",
    "campagne": "Espaces Verts 2026 P2-SEE ALL",
    "towerco": "TOTEM",
    "ressources": "SEE ALL",
    "nom_site": "STE_EUGENIE_DE_VILLENEUVE",
    "adresse": "Lieu-dit La Pause EDF : Le Bourg",
    "departement": "43",
    "calque": "mp-ev-2026-p2-seeall",
    "code_fra": "FRA04300019",
    "acces_autonome": "a_confirmer",
    "acces_motif": "fiche d'accès vide",
    "_umap_options": {
     "color": "#67718A",
     "iconClass": "Default"
    }
   }
  },
  {
   "type": "Feature",
   "geometry": {
    "type": "Point",
    "coordinates": [
     3.51417,
     45.19978
    ]
   },
   "properties": {
    "name": "FRA04300020 — PAULHAGUET",
    "description": "**Verdict d'autonomie** : a_confirmer\n**Motif du verdict** : fiche d'accès vide\n**Campagne d'appartenance** : Espaces Verts 2026 P2-SEE ALL\n**Donneur d'ordre de la campagne** : TOTEM\n**Colonne Ressources du périmètre** : SEE ALL\n**Provenance du repère** : import\n**Adresse du site** : LA PLANCHE EDF : Chemin du Chausse\n**Numéro de département** : 43\n**Nom du site** : PAULHAGUET\n**Coordonnées** : 45.199780, 3.514170\n[[https://www.google.com/maps?q=45.199780,3.514170|Google Maps 🌍]] · [[https://www.google.com/maps/@?api=1&map_action=pano&viewpoint=45.199780,3.514170|Street View]]\n**Déchèteries pro les plus proches** :\n[[https://www.google.com/maps?q=45.0863,3.50642|Déchèterie de Langeac (LANGEAC, 12.6 km)]] — 0471771444\n[[https://www.google.com/maps?q=45.3111,3.37105|Déchèterie de Brioude (BRIOUDE, 16.7 km)]] — 0471749551\n[[https://www.google.com/maps?q=45.207,3.7282|Déchèterie d'Allegre (Allègre, 16.8 km)]] — 0471007633\n[[https://www.google.com/maps/search/d%C3%A9ch%C3%A8terie/@45.199780,3.514170,12z|Toutes les déchèteries autour du site 🗑️]]",
    "origine": "import",
    "campagne": "Espaces Verts 2026 P2-SEE ALL",
    "towerco": "TOTEM",
    "ressources": "SEE ALL",
    "nom_site": "PAULHAGUET",
    "adresse": "LA PLANCHE EDF : Chemin du Chausse",
    "departement": "43",
    "calque": "mp-ev-2026-p2-seeall",
    "code_fra": "FRA04300020",
    "acces_autonome": "a_confirmer",
    "acces_motif": "fiche d'accès vide",
    "_umap_options": {
     "color": "#67718A",
     "iconClass": "Default"
    }
   }
  },
  {
   "type": "Feature",
   "geometry": {
    "type": "Point",
    "coordinates": [
     3.313021,
     45.413076
    ]
   },
   "properties": {
    "name": "FRA04300021 — STE_FLORINE",
    "description": "**Verdict d'autonomie** : a_confirmer\n**Motif du verdict** : fiche d'accès vide\n**Déclaration du terrain** : fait\n**Auteur de la déclaration** : L K\n**Date de la déclaration** : 2026-09-23\n**Campagne d'appartenance** : Espaces Verts 2026 P2-SEE ALL\n**Donneur d'ordre de la campagne** : TOTEM\n**Colonne Ressources du périmètre** : SEE ALL\n**Provenance du repère** : import\n**Adresse du site** : Lieu-dit CHANAUX\n**Numéro de département** : 43\n**Nom du site** : STE_FLORINE\n**Coordonnées** : 45.413076, 3.313021\n[[https://www.google.com/maps?q=45.413076,3.313021|Google Maps 🌍]] · [[https://www.google.com/maps/@?api=1&map_action=pano&viewpoint=45.413076,3.313021|Street View]]\n**Déchèteries pro les plus proches** :\n[[https://www.google.com/maps?q=45.4191,3.33776|Déchèterie de Brassac (Brassac les mines, 2.0 km)]] — 0473542348\n[[https://www.google.com/maps?q=45.3111,3.37105|Déchèterie de Brioude (BRIOUDE, 12.2 km)]] — 0471749551\n[[https://www.google.com/maps?q=45.3776,3.11747|Déchèterie de la Planove Ardres-sur-couze (Ardes, 15.8 km)]]\n[[https://www.google.com/maps/search/d%C3%A9ch%C3%A8terie/@45.413076,3.313021,12z|Toutes les déchèteries autour du site 🗑️]]",
    "origine": "import",
    "campagne": "Espaces Verts 2026 P2-SEE ALL",
    "towerco": "TOTEM",
    "ressources": "SEE ALL",
    "nom_site": "STE_FLORINE",
    "adresse": "Lieu-dit CHANAUX",
    "departement": "43",
    "etat_terrain": "fait",
    "declare_par": "L K",
    "declare_le": "2026-09-23",
    "calque": "mp-ev-2026-p2-seeall",
    "code_fra": "FRA04300021",
    "acces_autonome": "a_confirmer",
    "acces_motif": "fiche d'accès vide",
    "_umap_options": {
     "color": "#15803D",
     "iconClass": "Default"
    }
   }
  },
  {
   "type": "Feature",
   "geometry": {
    "type": "Point",
    "coordinates": [
     4.058332,
     45.02833
    ]
   },
   "properties": {
    "name": "FRA04300022 — ST_JULIEN_CHAPTEUIL",
    "description": "**Verdict d'autonomie** : a_confirmer\n**Motif du verdict** : fiche d'accès vide\n**Campagne d'appartenance** : Espaces Verts 2026 P2-SEE ALL\n**Donneur d'ordre de la campagne** : TOTEM\n**Colonne Ressources du périmètre** : SEE ALL\n**Provenance du repère** : import\n**Adresse du site** : 244 D Zone Artisanale\n**Numéro de département** : 43\n**Nom du site** : ST_JULIEN_CHAPTEUIL\n**Coordonnées** : 45.028330, 4.058332\n[[https://www.google.com/maps?q=45.028330,4.058332|Google Maps 🌍]] · [[https://www.google.com/maps/@?api=1&map_action=pano&viewpoint=45.028330,4.058332|Street View]]\n**Déchèteries pro les plus proches** :\n[[https://www.google.com/maps?q=45.0408,4.05833|Déchèterie de Saint-julien-chapteuil (Saint-Julien-Chapteuil, 1.4 km)]]\n[[https://www.google.com/maps?q=45.0521,3.96273|Déchèterie de Saint Germain Laprade (Saint-Germain-Laprade, 8.0 km)]] — 0471035500\n[[https://www.google.com/maps?q=44.9451,3.99076|Déchèterie le Monastier-sur-gazeille Bourlatas (Le Monastier-sur-Gazeille, 10.7 km)]]\n[[https://www.google.com/maps/search/d%C3%A9ch%C3%A8terie/@45.028330,4.058332,12z|Toutes les déchèteries autour du site 🗑️]]",
    "origine": "import",
    "campagne": "Espaces Verts 2026 P2-SEE ALL",
    "towerco": "TOTEM",
    "ressources": "SEE ALL",
    "nom_site": "ST_JULIEN_CHAPTEUIL",
    "adresse": "244 D Zone Artisanale",
    "departement": "43",
    "calque": "mp-ev-2026-p2-seeall",
    "code_fra": "FRA04300022",
    "acces_autonome": "a_confirmer",
    "acces_motif": "fiche d'accès vide",
    "_umap_options": {
     "color": "#67718A",
     "iconClass": "Default"
    }
   }
  },
  {
   "type": "Feature",
   "geometry": {
    "type": "Point",
    "coordinates": [
     4.310831,
     45.186104
    ]
   },
   "properties": {
    "name": "FRA04300023 — MONTFAUCON",
    "description": "**Verdict d'autonomie** : a_confirmer\n**Motif du verdict** : fiche d'accès vide\n**Campagne d'appartenance** : Espaces Verts 2026 P2-SEE ALL\n**Donneur d'ordre de la campagne** : TOTEM\n**Colonne Ressources du périmètre** : SEE ALL\n**Provenance du repère** : import\n**Adresse du site** : Lieu dit les Barbières\n**Numéro de département** : 43\n**Nom du site** : MONTFAUCON\n**Coordonnées** : 45.186104, 4.310831\n[[https://www.google.com/maps?q=45.186104,4.310831|Google Maps 🌍]] · [[https://www.google.com/maps/@?api=1&map_action=pano&viewpoint=45.186104,4.310831|Street View]]\n**Déchèteries pro les plus proches** :\n[[https://www.google.com/maps?q=45.1964,4.35021|Déchèterie de Dunières (Dunières, 3.3 km)]] — 0471619499\n[[https://www.google.com/maps?q=45.2707,4.19038|Decheterie de Monistrol sur Loire (Monistrol-sur-Loire, 13.3 km)]] — 0471759299\n[[https://www.google.com/maps?q=45.0521,4.3323|Déchèterie de Chambon (LE CHAMBON-SUR-LIGNON, 15.0 km)]] — 0471659302\n[[https://www.google.com/maps/search/d%C3%A9ch%C3%A8terie/@45.186104,4.310831,12z|Toutes les déchèteries autour du site 🗑️]]",
    "origine": "import",
    "campagne": "Espaces Verts 2026 P2-SEE ALL",
    "towerco": "TOTEM",
    "ressources": "SEE ALL",
    "nom_site": "MONTFAUCON",
    "adresse": "Lieu dit les Barbières",
    "departement": "43",
    "calque": "mp-ev-2026-p2-seeall",
    "code_fra": "FRA04300023",
    "acces_autonome": "a_confirmer",
    "acces_motif": "fiche d'accès vide",
    "_umap_options": {
     "color": "#67718A",
     "iconClass": "Default"
    }
   }
  },
  {
   "type": "Feature",
   "geometry": {
    "type": "Point",
    "coordinates": [
     3.46265,
     45.103827
    ]
   },
   "properties": {
    "name": "FRA04300024 — LANGEAC",
    "description": "**Verdict d'autonomie** : a_confirmer\n**Motif du verdict** : fiche d'accès vide\n**Campagne d'appartenance** : Espaces Verts 2026 P2-SEE ALL\n**Donneur d'ordre de la campagne** : TOTEM\n**Colonne Ressources du périmètre** : SEE ALL\n**Provenance du repère** : import\n**Adresse du site** : ENTREE DU VILLAGE PRENDRE A DROITE PUIS 600M\n**Numéro de département** : 43\n**Nom du site** : LANGEAC\n**Coordonnées** : 45.103827, 3.462650\n[[https://www.google.com/maps?q=45.103827,3.462650|Google Maps 🌍]] · [[https://www.google.com/maps/@?api=1&map_action=pano&viewpoint=45.103827,3.462650|Street View]]\n**Déchèteries pro les plus proches** :\n[[https://www.google.com/maps?q=45.0863,3.50642|Déchèterie de Langeac (LANGEAC, 4.0 km)]] — 0471771444\n[[https://www.google.com/maps?q=44.9573,3.52287|Decheterie de Saugues (Saugues, 17.0 km)]] — 0471778263\n[[https://www.google.com/maps?q=45.207,3.7282|Déchèterie d'Allegre (Allègre, 23.8 km)]] — 0471007633\n[[https://www.google.com/maps/search/d%C3%A9ch%C3%A8terie/@45.103827,3.462650,12z|Toutes les déchèteries autour du site 🗑️]]",
    "origine": "import",
    "campagne": "Espaces Verts 2026 P2-SEE ALL",
    "towerco": "TOTEM",
    "ressources": "SEE ALL",
    "nom_site": "LANGEAC",
    "adresse": "ENTREE DU VILLAGE PRENDRE A DROITE PUIS 600M",
    "departement": "43",
    "calque": "mp-ev-2026-p2-seeall",
    "code_fra": "FRA04300024",
    "acces_autonome": "a_confirmer",
    "acces_motif": "fiche d'accès vide",
    "_umap_options": {
     "color": "#67718A",
     "iconClass": "Default"
    }
   }
  },
  {
   "type": "Feature",
   "geometry": {
    "type": "Point",
    "coordinates": [
     3.67666,
     45.104717
    ]
   },
   "properties": {
    "name": "FRA04300025 — ST_JEAN_DE_NAY",
    "description": "**Verdict d'autonomie** : a_confirmer\n**Motif du verdict** : fiche d'accès vide\n**Campagne d'appartenance** : Espaces Verts 2026 P2-SEE ALL\n**Donneur d'ordre de la campagne** : TOTEM\n**Colonne Ressources du périmètre** : SEE ALL\n**Provenance du repère** : import\n**Adresse du site** : Lieu-dit Chantuzier\n**Numéro de département** : 43\n**Nom du site** : ST_JEAN_DE_NAY\n**Coordonnées** : 45.104717, 3.676660\n[[https://www.google.com/maps?q=45.104717,3.676660|Google Maps 🌍]] · [[https://www.google.com/maps/@?api=1&map_action=pano&viewpoint=45.104717,3.676660|Street View]]\n**Déchèteries pro les plus proches** :\n[[https://www.google.com/maps?q=45.0562,3.78936|Déchèterie de Sanssac l'Eglise (Sanssac-l'Église, 10.4 km)]] — 0471080684\n[[https://www.google.com/maps?q=45.1072,3.81989|Decheterie de St Paulien (Saint-Paulien, 11.2 km)]] — 0471007633\n[[https://www.google.com/maps?q=45.207,3.7282|Déchèterie d'Allegre (Allègre, 12.1 km)]] — 0471007633\n[[https://www.google.com/maps/search/d%C3%A9ch%C3%A8terie/@45.104717,3.676660,12z|Toutes les déchèteries autour du site 🗑️]]",
    "origine": "import",
    "campagne": "Espaces Verts 2026 P2-SEE ALL",
    "towerco": "TOTEM",
    "ressources": "SEE ALL",
    "nom_site": "ST_JEAN_DE_NAY",
    "adresse": "Lieu-dit Chantuzier",
    "departement": "43",
    "calque": "mp-ev-2026-p2-seeall",
    "code_fra": "FRA04300025",
    "acces_autonome": "a_confirmer",
    "acces_motif": "fiche d'accès vide",
    "_umap_options": {
     "color": "#67718A",
     "iconClass": "Default"
    }
   }
  },
  {
   "type": "Feature",
   "geometry": {
    "type": "Point",
    "coordinates": [
     3.668939,
     45.147859
    ]
   },
   "properties": {
    "name": "FRA04300026 — FIX_ST_GENEYS_N102",
    "description": "**Verdict d'autonomie** : a_confirmer\n**Motif du verdict** : fiche d'accès vide\n**Campagne d'appartenance** : Espaces Verts 2026 P2-SEE ALL\n**Donneur d'ordre de la campagne** : TOTEM\n**Colonne Ressources du périmètre** : SEE ALL\n**Provenance du repère** : import\n**Adresse du site** : Lieu-dit D.40\n**Numéro de département** : 43\n**Nom du site** : FIX_ST_GENEYS_N102\n**Coordonnées** : 45.147859, 3.668939\n[[https://www.google.com/maps?q=45.147859,3.668939|Google Maps 🌍]] · [[https://www.google.com/maps/@?api=1&map_action=pano&viewpoint=45.147859,3.668939|Street View]]\n**Déchèteries pro les plus proches** :\n[[https://www.google.com/maps?q=45.207,3.7282|Déchèterie d'Allegre (Allègre, 8.1 km)]] — 0471007633\n[[https://www.google.com/maps?q=45.1072,3.81989|Decheterie de St Paulien (Saint-Paulien, 12.7 km)]] — 0471007633\n[[https://www.google.com/maps?q=45.0562,3.78936|Déchèterie de Sanssac l'Eglise (Sanssac-l'Église, 13.9 km)]] — 0471080684\n[[https://www.google.com/maps/search/d%C3%A9ch%C3%A8terie/@45.147859,3.668939,12z|Toutes les déchèteries autour du site 🗑️]]",
    "origine": "import",
    "campagne": "Espaces Verts 2026 P2-SEE ALL",
    "towerco": "TOTEM",
    "ressources": "SEE ALL",
    "nom_site": "FIX_ST_GENEYS_N102",
    "adresse": "Lieu-dit D.40",
    "departement": "43",
    "calque": "mp-ev-2026-p2-seeall",
    "code_fra": "FRA04300026",
    "acces_autonome": "a_confirmer",
    "acces_motif": "fiche d'accès vide",
    "_umap_options": {
     "color": "#67718A",
     "iconClass": "Default"
    }
   }
  },
  {
   "type": "Feature",
   "geometry": {
    "type": "Point",
    "coordinates": [
     4.264444,
     45.364444
    ]
   },
   "properties": {
    "name": "FRA04300027 — MONTESSUS",
    "description": "**Verdict d'autonomie** : a_confirmer\n**Motif du verdict** : fiche d'accès vide\n**Campagne d'appartenance** : Espaces Verts 2026 P2-SEE ALL\n**Donneur d'ordre de la campagne** : TOTEM\n**Colonne Ressources du périmètre** : SEE ALL\n**Provenance du repère** : import\n**Adresse du site** : Chemin du VARAN AU PINAY TERRE de VILLENEUVE\n**Numéro de département** : 43\n**Nom du site** : MONTESSUS\n**Coordonnées** : 45.364444, 4.264444\n[[https://www.google.com/maps?q=45.364444,4.264444|Google Maps 🌍]] · [[https://www.google.com/maps/@?api=1&map_action=pano&viewpoint=45.364444,4.264444|Street View]]\n**Déchèteries pro les plus proches** :\n[[https://www.google.com/maps?q=45.2707,4.19038|Decheterie de Monistrol sur Loire (Monistrol-sur-Loire, 11.9 km)]] — 0471759299\n[[https://www.google.com/maps?q=45.3172,4.11828|Déchèterie de Bas en Basset (Bas-en-Basset, 12.6 km)]]\n[[https://www.google.com/maps?q=45.5099,4.27434|Déchèterie Saint-just-saint-rambert (Saint-Just-Saint-Rambert, 16.2 km)]] — 0477369148\n[[https://www.google.com/maps/search/d%C3%A9ch%C3%A8terie/@45.364444,4.264444,12z|Toutes les déchèteries autour du site 🗑️]]",
    "origine": "import",
    "campagne": "Espaces Verts 2026 P2-SEE ALL",
    "towerco": "TOTEM",
    "ressources": "SEE ALL",
    "nom_site": "MONTESSUS",
    "adresse": "Chemin du VARAN AU PINAY TERRE de VILLENEUVE",
    "departement": "43",
    "calque": "mp-ev-2026-p2-seeall",
    "code_fra": "FRA04300027",
    "acces_autonome": "a_confirmer",
    "acces_motif": "fiche d'accès vide",
    "_umap_options": {
     "color": "#67718A",
     "iconClass": "Default"
    }
   }
  },
  {
   "type": "Feature",
   "geometry": {
    "type": "Point",
    "coordinates": [
     3.325234,
     45.327301
    ]
   },
   "properties": {
    "name": "FRA04300028 — BOURNONCLE",
    "description": "**Verdict d'autonomie** : a_confirmer\n**Motif du verdict** : fiche d'accès vide\n**Campagne d'appartenance** : Espaces Verts 2026 P2-SEE ALL\n**Donneur d'ordre de la campagne** : TOTEM\n**Colonne Ressources du périmètre** : SEE ALL\n**Provenance du repère** : import\n**Adresse du site** : Impasse de la Garenne\n**Numéro de département** : 43\n**Nom du site** : BOURNONCLE\n**Coordonnées** : 45.327301, 3.325234\n[[https://www.google.com/maps?q=45.327301,3.325234|Google Maps 🌍]] · [[https://www.google.com/maps/@?api=1&map_action=pano&viewpoint=45.327301,3.325234|Street View]]\n**Déchèteries pro les plus proches** :\n[[https://www.google.com/maps?q=45.3111,3.37105|Déchèterie de Brioude (BRIOUDE, 4.0 km)]] — 0471749551\n[[https://www.google.com/maps?q=45.4191,3.33776|Déchèterie de Brassac (Brassac les mines, 10.3 km)]] — 0473542348\n[[https://www.google.com/maps?q=45.2609,3.19189|Déchèterie de Massiac (MASSIAC, 12.8 km)]] — 0471230711\n[[https://www.google.com/maps/search/d%C3%A9ch%C3%A8terie/@45.327301,3.325234,12z|Toutes les déchèteries autour du site 🗑️]]",
    "origine": "import",
    "campagne": "Espaces Verts 2026 P2-SEE ALL",
    "towerco": "TOTEM",
    "ressources": "SEE ALL",
    "nom_site": "BOURNONCLE",
    "adresse": "Impasse de la Garenne",
    "departement": "43",
    "calque": "mp-ev-2026-p2-seeall",
    "code_fra": "FRA04300028",
    "acces_autonome": "a_confirmer",
    "acces_motif": "fiche d'accès vide",
    "_umap_options": {
     "color": "#67718A",
     "iconClass": "Default"
    }
   }
  },
  {
   "type": "Feature",
   "geometry": {
    "type": "Point",
    "coordinates": [
     4.316667,
     45.070833
    ]
   },
   "properties": {
    "name": "FRA04300029 — CHAMBON_SUR_LIGNON",
    "description": "**Verdict d'autonomie** : a_confirmer\n**Motif du verdict** : fiche d'accès vide\n**Campagne d'appartenance** : Espaces Verts 2026 P2-SEE ALL\n**Donneur d'ordre de la campagne** : TOTEM\n**Colonne Ressources du périmètre** : SEE ALL\n**Provenance du repère** : import\n**Adresse du site** : le Bois de Peybroussou\n**Numéro de département** : 43\n**Nom du site** : CHAMBON_SUR_LIGNON\n**Coordonnées** : 45.070833, 4.316667\n[[https://www.google.com/maps?q=45.070833,4.316667|Google Maps 🌍]] · [[https://www.google.com/maps/@?api=1&map_action=pano&viewpoint=45.070833,4.316667|Street View]]\n**Déchèteries pro les plus proches** :\n[[https://www.google.com/maps?q=45.0521,4.3323|Déchèterie de Chambon (LE CHAMBON-SUR-LIGNON, 2.4 km)]] — 0471659302\n[[https://www.google.com/maps?q=45.1964,4.35021|Déchèterie de Dunières (Dunières, 14.2 km)]] — 0471619499\n[[https://www.google.com/maps?q=45.1434,4.12535|Déchèterie d'Yssingeaux (Yssingeaux, 17.0 km)]] — 0471560178\n[[https://www.google.com/maps/search/d%C3%A9ch%C3%A8terie/@45.070833,4.316667,12z|Toutes les déchèteries autour du site 🗑️]]",
    "origine": "import",
    "campagne": "Espaces Verts 2026 P2-SEE ALL",
    "towerco": "TOTEM",
    "ressources": "SEE ALL",
    "nom_site": "CHAMBON_SUR_LIGNON",
    "adresse": "le Bois de Peybroussou",
    "departement": "43",
    "calque": "mp-ev-2026-p2-seeall",
    "code_fra": "FRA04300029",
    "acces_autonome": "a_confirmer",
    "acces_motif": "fiche d'accès vide",
    "_umap_options": {
     "color": "#67718A",
     "iconClass": "Default"
    }
   }
  },
  {
   "type": "Feature",
   "geometry": {
    "type": "Point",
    "coordinates": [
     3.241959,
     45.385587
    ]
   },
   "properties": {
    "name": "FRA04300030 — LEMPDES",
    "description": "**Verdict d'autonomie** : a_confirmer\n**Motif du verdict** : fiche d'accès vide\n**Déclaration du terrain** : fait\n**Auteur de la déclaration** : L K\n**Date de la déclaration** : 2026-09-23\n**Campagne d'appartenance** : Espaces Verts 2026 P2-SEE ALL\n**Donneur d'ordre de la campagne** : TOTEM\n**Colonne Ressources du périmètre** : SEE ALL\n**Provenance du repère** : import\n**Adresse du site** : Lieu-dit LA BASTIDE EDF : Le Bourg\n**Numéro de département** : 43\n**Nom du site** : LEMPDES\n**Coordonnées** : 45.385587, 3.241959\n[[https://www.google.com/maps?q=45.385587,3.241959|Google Maps 🌍]] · [[https://www.google.com/maps/@?api=1&map_action=pano&viewpoint=45.385587,3.241959|Street View]]\n**Déchèteries pro les plus proches** :\n[[https://www.google.com/maps?q=45.4191,3.33776|Déchèterie de Brassac (Brassac les mines, 8.4 km)]] — 0473542348\n[[https://www.google.com/maps?q=45.3776,3.11747|Déchèterie de la Planove Ardres-sur-couze (Ardes, 9.8 km)]]\n[[https://www.google.com/maps?q=45.3111,3.37105|Déchèterie de Brioude (BRIOUDE, 13.1 km)]] — 0471749551\n[[https://www.google.com/maps/search/d%C3%A9ch%C3%A8terie/@45.385587,3.241959,12z|Toutes les déchèteries autour du site 🗑️]]",
    "origine": "import",
    "campagne": "Espaces Verts 2026 P2-SEE ALL",
    "towerco": "TOTEM",
    "ressources": "SEE ALL",
    "nom_site": "LEMPDES",
    "adresse": "Lieu-dit LA BASTIDE EDF : Le Bourg",
    "departement": "43",
    "etat_terrain": "fait",
    "declare_par": "L K",
    "declare_le": "2026-09-23",
    "calque": "mp-ev-2026-p2-seeall",
    "code_fra": "FRA04300030",
    "acces_autonome": "a_confirmer",
    "acces_motif": "fiche d'accès vide",
    "_umap_options": {
     "color": "#15803D",
     "iconClass": "Default"
    }
   }
  },
  {
   "type": "Feature",
   "geometry": {
    "type": "Point",
    "coordinates": [
     3.90027,
     44.790395
    ]
   },
   "properties": {
    "name": "FRA04300031 — ST_PAUL_DE_TARTAS_FT",
    "description": "**Verdict d'autonomie** : a_confirmer\n**Motif du verdict** : fiche d'accès vide\n**Campagne d'appartenance** : Espaces Verts 2026 P2-SEE ALL\n**Donneur d'ordre de la campagne** : TOTEM\n**Colonne Ressources du périmètre** : SEE ALL\n**Provenance du repère** : import\n**Adresse du site** : ROCHEFOURCADE Site FT\n**Numéro de département** : 43\n**Nom du site** : ST_PAUL_DE_TARTAS_FT\n**Coordonnées** : 44.790395, 3.900270\n[[https://www.google.com/maps?q=44.790395,3.900270|Google Maps 🌍]] · [[https://www.google.com/maps/@?api=1&map_action=pano&viewpoint=44.790395,3.900270|Street View]]\n**Déchèteries pro les plus proches** :\n[[https://www.google.com/maps?q=44.7435,3.8431|Déchèterie de Langogne (LANGOGNE, 6.9 km)]] — 0466691797\n[[https://www.google.com/maps?q=44.8397,3.8351|Déchèterie de Landos (Landos, 7.5 km)]] — 0471082963\n[[https://www.google.com/maps?q=44.9451,3.99076|Déchèterie le Monastier-sur-gazeille Bourlatas (Le Monastier-sur-Gazeille, 18.6 km)]]\n[[https://www.google.com/maps/search/d%C3%A9ch%C3%A8terie/@44.790395,3.900270,12z|Toutes les déchèteries autour du site 🗑️]]",
    "origine": "import",
    "campagne": "Espaces Verts 2026 P2-SEE ALL",
    "towerco": "TOTEM",
    "ressources": "SEE ALL",
    "nom_site": "ST_PAUL_DE_TARTAS_FT",
    "adresse": "ROCHEFOURCADE Site FT",
    "departement": "43",
    "calque": "mp-ev-2026-p2-seeall",
    "code_fra": "FRA04300031",
    "acces_autonome": "a_confirmer",
    "acces_motif": "fiche d'accès vide",
    "_umap_options": {
     "color": "#67718A",
     "iconClass": "Default"
    }
   }
  },
  {
   "type": "Feature",
   "geometry": {
    "type": "Point",
    "coordinates": [
     3.139935,
     45.305355
    ]
   },
   "properties": {
    "name": "FRA04300032 — ZB2_ST_ETIENNE_SUR_BLESLE",
    "description": "**Verdict d'autonomie** : a_confirmer\n**Motif du verdict** : fiche d'accès vide\n**Déclaration du terrain** : fait\n**Auteur de la déclaration** : L K\n**Date de la déclaration** : 2026-09-22\n**Campagne d'appartenance** : Espaces Verts 2026 P2-SEE ALL\n**Donneur d'ordre de la campagne** : TOTEM\n**Colonne Ressources du périmètre** : SEE ALL\n**Provenance du repère** : import\n**Adresse du site** : Lieu-dit Fromental Chemin rural nÂ°4\n**Numéro de département** : 43\n**Nom du site** : ZB2_ST_ETIENNE_SUR_BLESLE\n**Coordonnées** : 45.305355, 3.139935\n[[https://www.google.com/maps?q=45.305355,3.139935|Google Maps 🌍]] · [[https://www.google.com/maps/@?api=1&map_action=pano&viewpoint=45.305355,3.139935|Street View]]\n**Déchèteries pro les plus proches** :\n[[https://www.google.com/maps?q=45.2609,3.19189|Déchèterie de Massiac (MASSIAC, 6.4 km)]] — 0471230711\n[[https://www.google.com/maps?q=45.3776,3.11747|Déchèterie de la Planove Ardres-sur-couze (Ardes, 8.2 km)]]\n[[https://www.google.com/maps?q=45.3111,3.37105|Déchèterie de Brioude (BRIOUDE, 18.1 km)]] — 0471749551\n[[https://www.google.com/maps/search/d%C3%A9ch%C3%A8terie/@45.305355,3.139935,12z|Toutes les déchèteries autour du site 🗑️]]",
    "origine": "import",
    "campagne": "Espaces Verts 2026 P2-SEE ALL",
    "towerco": "TOTEM",
    "ressources": "SEE ALL",
    "nom_site": "ZB2_ST_ETIENNE_SUR_BLESLE",
    "adresse": "Lieu-dit Fromental Chemin rural nÂ°4",
    "departement": "43",
    "etat_terrain": "fait",
    "declare_par": "L K",
    "declare_le": "2026-09-22",
    "calque": "mp-ev-2026-p2-seeall",
    "code_fra": "FRA04300032",
    "acces_autonome": "a_confirmer",
    "acces_motif": "fiche d'accès vide",
    "_umap_options": {
     "color": "#15803D",
     "iconClass": "Default"
    }
   }
  },
  {
   "type": "Feature",
   "geometry": {
    "type": "Point",
    "coordinates": [
     3.099444,
     45.319444
    ]
   },
   "properties": {
    "name": "FRA04300033 — ZB2_LEYVAUX",
    "description": "**Verdict d'autonomie** : a_confirmer\n**Motif du verdict** : fiche d'accès vide\n**Déclaration du terrain** : fait\n**Auteur de la déclaration** : L K\n**Date de la déclaration** : 2026-09-22\n**Campagne d'appartenance** : Espaces Verts 2026 P2-SEE ALL\n**Donneur d'ordre de la campagne** : TOTEM\n**Colonne Ressources du périmètre** : SEE ALL\n**Provenance du repère** : import\n**Adresse du site** : le Brugely\n**Numéro de département** : 43\n**Nom du site** : ZB2_LEYVAUX\n**Coordonnées** : 45.319444, 3.099444\n[[https://www.google.com/maps?q=45.319444,3.099444|Google Maps 🌍]] · [[https://www.google.com/maps/@?api=1&map_action=pano&viewpoint=45.319444,3.099444|Street View]]\n**Déchèteries pro les plus proches** :\n[[https://www.google.com/maps?q=45.3776,3.11747|Déchèterie de la Planove Ardres-sur-couze (Ardes, 6.6 km)]]\n[[https://www.google.com/maps?q=45.2609,3.19189|Déchèterie de Massiac (MASSIAC, 9.7 km)]] — 0471230711\n[[https://www.google.com/maps?q=45.3111,3.37105|Déchèterie de Brioude (BRIOUDE, 21.3 km)]] — 0471749551\n[[https://www.google.com/maps/search/d%C3%A9ch%C3%A8terie/@45.319444,3.099444,12z|Toutes les déchèteries autour du site 🗑️]]",
    "origine": "import",
    "campagne": "Espaces Verts 2026 P2-SEE ALL",
    "towerco": "TOTEM",
    "ressources": "SEE ALL",
    "nom_site": "ZB2_LEYVAUX",
    "adresse": "le Brugely",
    "departement": "43",
    "etat_terrain": "fait",
    "declare_par": "L K",
    "declare_le": "2026-09-22",
    "calque": "mp-ev-2026-p2-seeall",
    "code_fra": "FRA04300033",
    "acces_autonome": "a_confirmer",
    "acces_motif": "fiche d'accès vide",
    "_umap_options": {
     "color": "#15803D",
     "iconClass": "Default"
    }
   }
  },
  {
   "type": "Feature",
   "geometry": {
    "type": "Point",
    "coordinates": [
     3.849993,
     45.339721
    ]
   },
   "properties": {
    "name": "FRA04300034 — CRAPONNE_SUR_ARZON",
    "description": "**Verdict d'autonomie** : a_confirmer\n**Motif du verdict** : fiche d'accès vide\n**Campagne d'appartenance** : Espaces Verts 2026 P2-SEE ALL\n**Donneur d'ordre de la campagne** : TOTEM\n**Colonne Ressources du périmètre** : SEE ALL\n**Provenance du repère** : import\n**Adresse du site** : Prunerolles\n**Numéro de département** : 43\n**Nom du site** : CRAPONNE_SUR_ARZON\n**Coordonnées** : 45.339721, 3.849993\n[[https://www.google.com/maps?q=45.339721,3.849993|Google Maps 🌍]] · [[https://www.google.com/maps/@?api=1&map_action=pano&viewpoint=45.339721,3.849993|Street View]]\n**Déchèteries pro les plus proches** :\n[[https://www.google.com/maps?q=45.3233,3.83417|Déchèterie de Craponne (Craponne-sur-Arzon, 2.2 km)]] — 0471033715\n[[https://www.google.com/maps?q=45.3516,3.99166|Decheterie de St Pal de Chalencon (Saint-Pal-de-Chalencon, 11.1 km)]] — 0471007633\n[[https://www.google.com/maps?q=45.3297,3.69991|Decheterie de la Chaise-dieu (La Chaise-Dieu, 11.8 km)]] — 0471007633\n[[https://www.google.com/maps/search/d%C3%A9ch%C3%A8terie/@45.339721,3.849993,12z|Toutes les déchèteries autour du site 🗑️]]",
    "origine": "import",
    "campagne": "Espaces Verts 2026 P2-SEE ALL",
    "towerco": "TOTEM",
    "ressources": "SEE ALL",
    "nom_site": "CRAPONNE_SUR_ARZON",
    "adresse": "Prunerolles",
    "departement": "43",
    "calque": "mp-ev-2026-p2-seeall",
    "code_fra": "FRA04300034",
    "acces_autonome": "a_confirmer",
    "acces_motif": "fiche d'accès vide",
    "_umap_options": {
     "color": "#67718A",
     "iconClass": "Default"
    }
   }
  },
  {
   "type": "Feature",
   "geometry": {
    "type": "Point",
    "coordinates": [
     3.794197,
     44.902865
    ]
   },
   "properties": {
    "name": "FRA04300035 — ND_RS_LAC_DU_BOUCHET_ORF",
    "description": "**Verdict d'autonomie** : a_confirmer\n**Motif du verdict** : fiche d'accès vide\n**Campagne d'appartenance** : Espaces Verts 2026 P2-SEE ALL\n**Donneur d'ordre de la campagne** : TOTEM\n**Colonne Ressources du périmètre** : SEE ALL\n**Provenance du repère** : import\n**Adresse du site** : Lieu-dit Croix de la Chèvre\n**Numéro de département** : 43\n**Nom du site** : ND_RS_LAC_DU_BOUCHET_ORF\n**Coordonnées** : 44.902865, 3.794197\n[[https://www.google.com/maps?q=44.902865,3.794197|Google Maps 🌍]] · [[https://www.google.com/maps/@?api=1&map_action=pano&viewpoint=44.902865,3.794197|Street View]]\n**Déchèteries pro les plus proches** :\n[[https://www.google.com/maps?q=44.8397,3.8351|Déchèterie de Landos (Landos, 7.7 km)]] — 0471082963\n[[https://www.google.com/maps?q=45.0035,3.87928|Déchèterie du Puy-en-velay (Le Puy-en-Velay, 13.0 km)]] — 0471095423\n[[https://www.google.com/maps?q=44.9451,3.99076|Déchèterie le Monastier-sur-gazeille Bourlatas (Le Monastier-sur-Gazeille, 16.2 km)]]\n[[https://www.google.com/maps/search/d%C3%A9ch%C3%A8terie/@44.902865,3.794197,12z|Toutes les déchèteries autour du site 🗑️]]",
    "origine": "import",
    "campagne": "Espaces Verts 2026 P2-SEE ALL",
    "towerco": "TOTEM",
    "ressources": "SEE ALL",
    "nom_site": "ND_RS_LAC_DU_BOUCHET_ORF",
    "adresse": "Lieu-dit Croix de la Chèvre",
    "departement": "43",
    "calque": "mp-ev-2026-p2-seeall",
    "code_fra": "FRA04300035",
    "acces_autonome": "a_confirmer",
    "acces_motif": "fiche d'accès vide",
    "_umap_options": {
     "color": "#67718A",
     "iconClass": "Default"
    }
   }
  },
  {
   "type": "Feature",
   "geometry": {
    "type": "Point",
    "coordinates": [
     3.967777,
     45.016105
    ]
   },
   "properties": {
    "name": "FRA04300037 — SERVISSAC_D15",
    "description": "**Verdict d'autonomie** : a_confirmer\n**Motif du verdict** : fiche d'accès vide\n**Campagne d'appartenance** : Espaces Verts 2026 P2-SEE ALL\n**Donneur d'ordre de la campagne** : TOTEM\n**Colonne Ressources du périmètre** : SEE ALL\n**Provenance du repère** : import\n**Adresse du site** : Lieu-dit : La Sabotte\n**Numéro de département** : 43\n**Nom du site** : SERVISSAC_D15\n**Coordonnées** : 45.016105, 3.967777\n[[https://www.google.com/maps?q=45.016105,3.967777|Google Maps 🌍]] · [[https://www.google.com/maps/@?api=1&map_action=pano&viewpoint=45.016105,3.967777|Street View]]\n**Déchèteries pro les plus proches** :\n[[https://www.google.com/maps?q=45.0521,3.96273|Déchèterie de Saint Germain Laprade (Saint-Germain-Laprade, 4.0 km)]] — 0471035500\n[[https://www.google.com/maps?q=45.0035,3.87928|Déchèterie du Puy-en-velay (Le Puy-en-Velay, 7.1 km)]] — 0471095423\n[[https://www.google.com/maps?q=45.0408,4.05833|Déchèterie de Saint-julien-chapteuil (Saint-Julien-Chapteuil, 7.6 km)]]\n[[https://www.google.com/maps/search/d%C3%A9ch%C3%A8terie/@45.016105,3.967777,12z|Toutes les déchèteries autour du site 🗑️]]",
    "origine": "import",
    "campagne": "Espaces Verts 2026 P2-SEE ALL",
    "towerco": "TOTEM",
    "ressources": "SEE ALL",
    "nom_site": "SERVISSAC_D15",
    "adresse": "Lieu-dit : La Sabotte",
    "departement": "43",
    "calque": "mp-ev-2026-p2-seeall",
    "code_fra": "FRA04300037",
    "acces_autonome": "a_confirmer",
    "acces_motif": "fiche d'accès vide",
    "_umap_options": {
     "color": "#67718A",
     "iconClass": "Default"
    }
   }
  },
  {
   "type": "Feature",
   "geometry": {
    "type": "Point",
    "coordinates": [
     3.955001,
     44.871383
    ]
   },
   "properties": {
    "name": "FRA04300044 — SALETTES_FARETTE_FT",
    "description": "**Verdict d'autonomie** : a_confirmer\n**Motif du verdict** : fiche d'accès vide\n**Campagne d'appartenance** : Espaces Verts 2026 P2-SEE ALL\n**Donneur d'ordre de la campagne** : TOTEM\n**Colonne Ressources du périmètre** : SEE ALL\n**Provenance du repère** : import\n**Adresse du site** : ACCES PAR CD500 TRAVERSER LE V\n**Numéro de département** : 43\n**Nom du site** : SALETTES_FARETTE_FT\n**Coordonnées** : 44.871383, 3.955001\n[[https://www.google.com/maps?q=44.871383,3.955001|Google Maps 🌍]] · [[https://www.google.com/maps/@?api=1&map_action=pano&viewpoint=44.871383,3.955001|Street View]]\n**Déchèteries pro les plus proches** :\n[[https://www.google.com/maps?q=44.9451,3.99076|Déchèterie le Monastier-sur-gazeille Bourlatas (Le Monastier-sur-Gazeille, 8.7 km)]]\n[[https://www.google.com/maps?q=44.8397,3.8351|Déchèterie de Landos (Landos, 10.1 km)]] — 0471082963\n[[https://www.google.com/maps?q=45.0035,3.87928|Déchèterie du Puy-en-velay (Le Puy-en-Velay, 15.9 km)]] — 0471095423\n[[https://www.google.com/maps/search/d%C3%A9ch%C3%A8terie/@44.871383,3.955001,12z|Toutes les déchèteries autour du site 🗑️]]",
    "origine": "import",
    "campagne": "Espaces Verts 2026 P2-SEE ALL",
    "towerco": "TOTEM",
    "ressources": "SEE ALL",
    "nom_site": "SALETTES_FARETTE_FT",
    "adresse": "ACCES PAR CD500 TRAVERSER LE V",
    "departement": "43",
    "calque": "mp-ev-2026-p2-seeall",
    "code_fra": "FRA04300044",
    "acces_autonome": "a_confirmer",
    "acces_motif": "fiche d'accès vide",
    "_umap_options": {
     "color": "#67718A",
     "iconClass": "Default"
    }
   }
  },
  {
   "type": "Feature",
   "geometry": {
    "type": "Point",
    "coordinates": [
     3.501382,
     45.355281
    ]
   },
   "properties": {
    "name": "FRA04300054 — CHAMPAGNAC_LE_VIEUX",
    "description": "**Verdict d'autonomie** : a_confirmer\n**Motif du verdict** : fiche d'accès vide\n**Campagne d'appartenance** : Espaces Verts 2026 P2-SEE ALL\n**Donneur d'ordre de la campagne** : TOTEM\n**Colonne Ressources du périmètre** : SEE ALL\n**Provenance du repère** : import\n**Adresse du site** : Lieu-dit LAYADE\n**Numéro de département** : 43\n**Nom du site** : CHAMPAGNAC_LE_VIEUX\n**Coordonnées** : 45.355281, 3.501382\n[[https://www.google.com/maps?q=45.355281,3.501382|Google Maps 🌍]] · [[https://www.google.com/maps/@?api=1&map_action=pano&viewpoint=45.355281,3.501382|Street View]]\n**Déchèteries pro les plus proches** :\n[[https://www.google.com/maps?q=45.3111,3.37105|Déchèterie de Brioude (BRIOUDE, 11.3 km)]] — 0471749551\n[[https://www.google.com/maps?q=45.4191,3.33776|Déchèterie de Brassac (Brassac les mines, 14.6 km)]] — 0473542348\n[[https://www.google.com/maps?q=45.3297,3.69991|Decheterie de la Chaise-dieu (La Chaise-Dieu, 15.8 km)]] — 0471007633\n[[https://www.google.com/maps/search/d%C3%A9ch%C3%A8terie/@45.355281,3.501382,12z|Toutes les déchèteries autour du site 🗑️]]",
    "origine": "import",
    "campagne": "Espaces Verts 2026 P2-SEE ALL",
    "towerco": "TOTEM",
    "ressources": "SEE ALL",
    "nom_site": "CHAMPAGNAC_LE_VIEUX",
    "adresse": "Lieu-dit LAYADE",
    "departement": "43",
    "calque": "mp-ev-2026-p2-seeall",
    "code_fra": "FRA04300054",
    "acces_autonome": "a_confirmer",
    "acces_motif": "fiche d'accès vide",
    "_umap_options": {
     "color": "#67718A",
     "iconClass": "Default"
    }
   }
  },
  {
   "type": "Feature",
   "geometry": {
    "type": "Point",
    "coordinates": [
     3.97194,
     45.355274
    ]
   },
   "properties": {
    "name": "FRA04300055 — SAINT_PAL_DE_CHALENCON_FT",
    "description": "**Verdict d'autonomie** : a_confirmer\n**Motif du verdict** : fiche d'accès vide\n**Campagne d'appartenance** : Espaces Verts 2026 P2-SEE ALL\n**Donneur d'ordre de la campagne** : TOTEM\n**Colonne Ressources du périmètre** : SEE ALL\n**Provenance du repère** : import\n**Adresse du site** : Lieu-dit GRENOUILLOUX\n**Numéro de département** : 43\n**Nom du site** : SAINT_PAL_DE_CHALENCON_FT\n**Coordonnées** : 45.355274, 3.971940\n[[https://www.google.com/maps?q=45.355274,3.971940|Google Maps 🌍]] · [[https://www.google.com/maps/@?api=1&map_action=pano&viewpoint=45.355274,3.971940|Street View]]\n**Déchèteries pro les plus proches** :\n[[https://www.google.com/maps?q=45.3516,3.99166|Decheterie de St Pal de Chalencon (Saint-Pal-de-Chalencon, 1.6 km)]] — 0471007633\n[[https://www.google.com/maps?q=45.4307,4.03994|Déchèterie Estivareilles (Estivareilles, 9.9 km)]] — 0477507483\n[[https://www.google.com/maps?q=45.3233,3.83417|Déchèterie de Craponne (Craponne-sur-Arzon, 11.3 km)]] — 0471033715\n[[https://www.google.com/maps/search/d%C3%A9ch%C3%A8terie/@45.355274,3.971940,12z|Toutes les déchèteries autour du site 🗑️]]",
    "origine": "import",
    "campagne": "Espaces Verts 2026 P2-SEE ALL",
    "towerco": "TOTEM",
    "ressources": "SEE ALL",
    "nom_site": "SAINT_PAL_DE_CHALENCON_FT",
    "adresse": "Lieu-dit GRENOUILLOUX",
    "departement": "43",
    "calque": "mp-ev-2026-p2-seeall",
    "code_fra": "FRA04300055",
    "acces_autonome": "a_confirmer",
    "acces_motif": "fiche d'accès vide",
    "_umap_options": {
     "color": "#67718A",
     "iconClass": "Default"
    }
   }
  },
  {
   "type": "Feature",
   "geometry": {
    "type": "Point",
    "coordinates": [
     3.125,
     45.798605
    ]
   },
   "properties": {
    "name": "FRA06300018 — CLERMONT_VINCENT_AURIOL",
    "description": "**Verdict d'autonomie** : a_confirmer\n**Motif du verdict** : fiche d'accès vide\n**Campagne d'appartenance** : Espaces Verts 2026 P2-SEE ALL\n**Donneur d'ordre de la campagne** : TOTEM\n**Colonne Ressources du périmètre** : SEE ALL\n**Provenance du repère** : import\n**Adresse du site** : 15 Bd John Fitzgerald Kennedy\n**Numéro de département** : 63\n**Nom du site** : CLERMONT_VINCENT_AURIOL\n**Coordonnées** : 45.798605, 3.125000\n[[https://www.google.com/maps?q=45.798605,3.125000|Google Maps 🌍]] · [[https://www.google.com/maps/@?api=1&map_action=pano&viewpoint=45.798605,3.125000|Street View]]\n**Déchèteries pro les plus proches** :\n[[https://www.google.com/maps?q=45.7965,3.12879|Déchèterie de Gravanches Clermont-ferrand (Clermont-Ferrand, 0.4 km)]] — 0473248920\n[[https://www.google.com/maps?q=45.8255,3.13467|Déchèterie de Gerzat (Gerzat, 3.1 km)]] — 0463669530\n[[https://www.google.com/maps?q=45.8271,3.06482|Déchèterie de Blanzat (BLANZAT, 5.6 km)]] — 0473876350\n[[https://www.google.com/maps/search/d%C3%A9ch%C3%A8terie/@45.798605,3.125000,12z|Toutes les déchèteries autour du site 🗑️]]",
    "origine": "import",
    "campagne": "Espaces Verts 2026 P2-SEE ALL",
    "towerco": "TOTEM",
    "ressources": "SEE ALL",
    "nom_site": "CLERMONT_VINCENT_AURIOL",
    "adresse": "15 Bd John Fitzgerald Kennedy",
    "departement": "63",
    "calque": "mp-ev-2026-p2-seeall",
    "code_fra": "FRA06300018",
    "acces_autonome": "a_confirmer",
    "acces_motif": "fiche d'accès vide",
    "_umap_options": {
     "color": "#67718A",
     "iconClass": "Default"
    }
   }
  },
  {
   "type": "Feature",
   "geometry": {
    "type": "Point",
    "coordinates": [
     3.143611,
     45.793056
    ]
   },
   "properties": {
    "name": "FRA06300020 — CLERMONT_GRAVANCHES",
    "description": "**Verdict d'autonomie** : a_confirmer\n**Motif du verdict** : fiche d'accès vide\n**Campagne d'appartenance** : Espaces Verts 2026 P2-SEE ALL\n**Donneur d'ordre de la campagne** : TOTEM\n**Colonne Ressources du périmètre** : SEE ALL\n**Provenance du repère** : import\n**Adresse du site** : 2 W Boulevard Louis Chartoire\n**Numéro de département** : 63\n**Nom du site** : CLERMONT_GRAVANCHES\n**Coordonnées** : 45.793056, 3.143611\n[[https://www.google.com/maps?q=45.793056,3.143611|Google Maps 🌍]] · [[https://www.google.com/maps/@?api=1&map_action=pano&viewpoint=45.793056,3.143611|Street View]]\n**Déchèteries pro les plus proches** :\n[[https://www.google.com/maps?q=45.7965,3.12879|Déchèterie de Gravanches Clermont-ferrand (Clermont-Ferrand, 1.2 km)]] — 0473248920\n[[https://www.google.com/maps?q=45.8255,3.13467|Déchèterie de Gerzat (Gerzat, 3.7 km)]] — 0463669530\n[[https://www.google.com/maps?q=45.7431,3.10739|Déchèterie de Romagnat (ROMAGNAT, 6.2 km)]] — 0473449726\n[[https://www.google.com/maps/search/d%C3%A9ch%C3%A8terie/@45.793056,3.143611,12z|Toutes les déchèteries autour du site 🗑️]]",
    "origine": "import",
    "campagne": "Espaces Verts 2026 P2-SEE ALL",
    "towerco": "TOTEM",
    "ressources": "SEE ALL",
    "nom_site": "CLERMONT_GRAVANCHES",
    "adresse": "2 W Boulevard Louis Chartoire",
    "departement": "63",
    "calque": "mp-ev-2026-p2-seeall",
    "code_fra": "FRA06300020",
    "acces_autonome": "a_confirmer",
    "acces_motif": "fiche d'accès vide",
    "_umap_options": {
     "color": "#67718A",
     "iconClass": "Default"
    }
   }
  },
  {
   "type": "Feature",
   "geometry": {
    "type": "Point",
    "coordinates": [
     3.072489,
     45.778052
    ]
   },
   "properties": {
    "name": "FRA06300027 — CLERMONT_MONTJOLY",
    "description": "**Verdict d'autonomie** : a_confirmer\n**Motif du verdict** : fiche d'accès vide\n**Déclaration du terrain** : fait\n**Auteur de la déclaration** : L K\n**Date de la déclaration** : 2026-09-25\n**Campagne d'appartenance** : Espaces Verts 2026 P2-SEE ALL\n**Donneur d'ordre de la campagne** : TOTEM\n**Colonne Ressources du périmètre** : SEE ALL\n**Provenance du repère** : import\n**Adresse du site** : 24 Boulevard Berthelot\n**Numéro de département** : 63\n**Nom du site** : CLERMONT_MONTJOLY\n**Coordonnées** : 45.778052, 3.072489\n[[https://www.google.com/maps?q=45.778052,3.072489|Google Maps 🌍]] · [[https://www.google.com/maps/@?api=1&map_action=pano&viewpoint=45.778052,3.072489|Street View]]\n**Déchèteries pro les plus proches** :\n[[https://www.google.com/maps?q=45.7431,3.10739|Déchèterie de Romagnat (ROMAGNAT, 4.7 km)]] — 0473449726\n[[https://www.google.com/maps?q=45.7965,3.12879|Déchèterie de Gravanches Clermont-ferrand (Clermont-Ferrand, 4.8 km)]] — 0473248920\n[[https://www.google.com/maps?q=45.8271,3.06482|Déchèterie de Blanzat (BLANZAT, 5.5 km)]] — 0473876350\n[[https://www.google.com/maps/search/d%C3%A9ch%C3%A8terie/@45.778052,3.072489,12z|Toutes les déchèteries autour du site 🗑️]]",
    "origine": "import",
    "campagne": "Espaces Verts 2026 P2-SEE ALL",
    "towerco": "TOTEM",
    "ressources": "SEE ALL",
    "nom_site": "CLERMONT_MONTJOLY",
    "adresse": "24 Boulevard Berthelot",
    "departement": "63",
    "etat_terrain": "fait",
    "declare_par": "L K",
    "declare_le": "2026-09-25",
    "calque": "mp-ev-2026-p2-seeall",
    "code_fra": "FRA06300027",
    "acces_autonome": "a_confirmer",
    "acces_motif": "fiche d'accès vide",
    "_umap_options": {
     "color": "#15803D",
     "iconClass": "Default"
    }
   }
  },
  {
   "type": "Feature",
   "geometry": {
    "type": "Point",
    "coordinates": [
     3.129711,
     45.778329
    ]
   },
   "properties": {
    "name": "FRA06300031 — CLERMONT_CTRE_COM",
    "description": "**Verdict d'autonomie** : a_confirmer\n**Motif du verdict** : fiche d'accès vide\n**Campagne d'appartenance** : Espaces Verts 2026 P2-SEE ALL\n**Donneur d'ordre de la campagne** : TOTEM\n**Colonne Ressources du périmètre** : SEE ALL\n**Provenance du repère** : import\n**Adresse du site** : 98bis Avenue du Brézet\n**Numéro de département** : 63\n**Nom du site** : CLERMONT_CTRE_COM\n**Coordonnées** : 45.778329, 3.129711\n[[https://www.google.com/maps?q=45.778329,3.129711|Google Maps 🌍]] · [[https://www.google.com/maps/@?api=1&map_action=pano&viewpoint=45.778329,3.129711|Street View]]\n**Déchèteries pro les plus proches** :\n[[https://www.google.com/maps?q=45.7965,3.12879|Déchèterie de Gravanches Clermont-ferrand (Clermont-Ferrand, 2.0 km)]] — 0473248920\n[[https://www.google.com/maps?q=45.7431,3.10739|Déchèterie de Romagnat (ROMAGNAT, 4.3 km)]] — 0473449726\n[[https://www.google.com/maps?q=45.8255,3.13467|Déchèterie de Gerzat (Gerzat, 5.3 km)]] — 0463669530\n[[https://www.google.com/maps/search/d%C3%A9ch%C3%A8terie/@45.778329,3.129711,12z|Toutes les déchèteries autour du site 🗑️]]",
    "origine": "import",
    "campagne": "Espaces Verts 2026 P2-SEE ALL",
    "towerco": "TOTEM",
    "ressources": "SEE ALL",
    "nom_site": "CLERMONT_CTRE_COM",
    "adresse": "98bis Avenue du Brézet",
    "departement": "63",
    "calque": "mp-ev-2026-p2-seeall",
    "code_fra": "FRA06300031",
    "acces_autonome": "a_confirmer",
    "acces_motif": "fiche d'accès vide",
    "_umap_options": {
     "color": "#67718A",
     "iconClass": "Default"
    }
   }
  },
  {
   "type": "Feature",
   "geometry": {
    "type": "Point",
    "coordinates": [
     3.124627,
     45.771679
    ]
   },
   "properties": {
    "name": "FRA06300033 — CLERMONT_SARRE",
    "description": "**Verdict d'autonomie** : a_confirmer\n**Motif du verdict** : fiche d'accès vide\n**Campagne d'appartenance** : Espaces Verts 2026 P2-SEE ALL\n**Donneur d'ordre de la campagne** : TOTEM\n**Colonne Ressources du périmètre** : SEE ALL\n**Provenance du repère** : import\n**Adresse du site** : Allée du Pont de la Sarre\n**Numéro de département** : 63\n**Nom du site** : CLERMONT_SARRE\n**Coordonnées** : 45.771679, 3.124627\n[[https://www.google.com/maps?q=45.771679,3.124627|Google Maps 🌍]] · [[https://www.google.com/maps/@?api=1&map_action=pano&viewpoint=45.771679,3.124627|Street View]]\n**Déchèteries pro les plus proches** :\n[[https://www.google.com/maps?q=45.7965,3.12879|Déchèterie de Gravanches Clermont-ferrand (Clermont-Ferrand, 2.8 km)]] — 0473248920\n[[https://www.google.com/maps?q=45.7431,3.10739|Déchèterie de Romagnat (ROMAGNAT, 3.4 km)]] — 0473449726\n[[https://www.google.com/maps?q=45.8255,3.13467|Déchèterie de Gerzat (Gerzat, 6.0 km)]] — 0463669530\n[[https://www.google.com/maps/search/d%C3%A9ch%C3%A8terie/@45.771679,3.124627,12z|Toutes les déchèteries autour du site 🗑️]]",
    "origine": "import",
    "campagne": "Espaces Verts 2026 P2-SEE ALL",
    "towerco": "TOTEM",
    "ressources": "SEE ALL",
    "nom_site": "CLERMONT_SARRE",
    "adresse": "Allée du Pont de la Sarre",
    "departement": "63",
    "calque": "mp-ev-2026-p2-seeall",
    "code_fra": "FRA06300033",
    "acces_autonome": "a_confirmer",
    "acces_motif": "fiche d'accès vide",
    "_umap_options": {
     "color": "#67718A",
     "iconClass": "Default"
    }
   }
  },
  {
   "type": "Feature",
   "geometry": {
    "type": "Point",
    "coordinates": [
     3.135276,
     45.790552
    ]
   },
   "properties": {
    "name": "FRA06300037 — CLERMONT_ARSENAL",
    "description": "**Verdict d'autonomie** : a_confirmer\n**Motif du verdict** : fiche d'accès vide\n**Campagne d'appartenance** : Espaces Verts 2026 P2-SEE ALL\n**Donneur d'ordre de la campagne** : TOTEM\n**Colonne Ressources du périmètre** : SEE ALL\n**Provenance du repère** : import\n**Adresse du site** : 139 W Avenue Jean Mermoz\n**Numéro de département** : 63\n**Nom du site** : CLERMONT_ARSENAL\n**Coordonnées** : 45.790552, 3.135276\n[[https://www.google.com/maps?q=45.790552,3.135276|Google Maps 🌍]] · [[https://www.google.com/maps/@?api=1&map_action=pano&viewpoint=45.790552,3.135276|Street View]]\n**Déchèteries pro les plus proches** :\n[[https://www.google.com/maps?q=45.7965,3.12879|Déchèterie de Gravanches Clermont-ferrand (Clermont-Ferrand, 0.8 km)]] — 0473248920\n[[https://www.google.com/maps?q=45.8255,3.13467|Déchèterie de Gerzat (Gerzat, 3.9 km)]] — 0463669530\n[[https://www.google.com/maps?q=45.7431,3.10739|Déchèterie de Romagnat (ROMAGNAT, 5.7 km)]] — 0473449726\n[[https://www.google.com/maps/search/d%C3%A9ch%C3%A8terie/@45.790552,3.135276,12z|Toutes les déchèteries autour du site 🗑️]]",
    "origine": "import",
    "campagne": "Espaces Verts 2026 P2-SEE ALL",
    "towerco": "TOTEM",
    "ressources": "SEE ALL",
    "nom_site": "CLERMONT_ARSENAL",
    "adresse": "139 W Avenue Jean Mermoz",
    "departement": "63",
    "calque": "mp-ev-2026-p2-seeall",
    "code_fra": "FRA06300037",
    "acces_autonome": "a_confirmer",
    "acces_motif": "fiche d'accès vide",
    "_umap_options": {
     "color": "#67718A",
     "iconClass": "Default"
    }
   }
  },
  {
   "type": "Feature",
   "geometry": {
    "type": "Point",
    "coordinates": [
     3.124167,
     45.781944
    ]
   },
   "properties": {
    "name": "FRA06300039 — CLERMONT_GUTENBERG",
    "description": "**Verdict d'autonomie** : a_confirmer\n**Motif du verdict** : fiche d'accès vide\n**Campagne d'appartenance** : Espaces Verts 2026 P2-SEE ALL\n**Donneur d'ordre de la campagne** : TOTEM\n**Colonne Ressources du périmètre** : SEE ALL\n**Provenance du repère** : import\n**Adresse du site** : rue Gutenberg\n**Numéro de département** : 63\n**Nom du site** : CLERMONT_GUTENBERG\n**Coordonnées** : 45.781944, 3.124167\n[[https://www.google.com/maps?q=45.781944,3.124167|Google Maps 🌍]] · [[https://www.google.com/maps/@?api=1&map_action=pano&viewpoint=45.781944,3.124167|Street View]]\n**Déchèteries pro les plus proches** :\n[[https://www.google.com/maps?q=45.7965,3.12879|Déchèterie de Gravanches Clermont-ferrand (Clermont-Ferrand, 1.7 km)]] — 0473248920\n[[https://www.google.com/maps?q=45.7431,3.10739|Déchèterie de Romagnat (ROMAGNAT, 4.5 km)]] — 0473449726\n[[https://www.google.com/maps?q=45.8255,3.13467|Déchèterie de Gerzat (Gerzat, 4.9 km)]] — 0463669530\n[[https://www.google.com/maps/search/d%C3%A9ch%C3%A8terie/@45.781944,3.124167,12z|Toutes les déchèteries autour du site 🗑️]]",
    "origine": "import",
    "campagne": "Espaces Verts 2026 P2-SEE ALL",
    "towerco": "TOTEM",
    "ressources": "SEE ALL",
    "nom_site": "CLERMONT_GUTENBERG",
    "adresse": "rue Gutenberg",
    "departement": "63",
    "calque": "mp-ev-2026-p2-seeall",
    "code_fra": "FRA06300039",
    "acces_autonome": "a_confirmer",
    "acces_motif": "fiche d'accès vide",
    "_umap_options": {
     "color": "#67718A",
     "iconClass": "Default"
    }
   }
  },
  {
   "type": "Feature",
   "geometry": {
    "type": "Point",
    "coordinates": [
     3.139161,
     45.779161
    ]
   },
   "properties": {
    "name": "FRA06300050 — CLERMONT_RONZIERE",
    "description": "**Verdict d'autonomie** : a_confirmer\n**Motif du verdict** : fiche d'accès vide\n**Campagne d'appartenance** : Espaces Verts 2026 P2-SEE ALL\n**Donneur d'ordre de la campagne** : TOTEM\n**Colonne Ressources du périmètre** : SEE ALL\n**Provenance du repère** : import\n**Adresse du site** : 192 Avenue du Brézet\n**Numéro de département** : 63\n**Nom du site** : CLERMONT_RONZIERE\n**Coordonnées** : 45.779161, 3.139161\n[[https://www.google.com/maps?q=45.779161,3.139161|Google Maps 🌍]] · [[https://www.google.com/maps/@?api=1&map_action=pano&viewpoint=45.779161,3.139161|Street View]]\n**Déchèteries pro les plus proches** :\n[[https://www.google.com/maps?q=45.7965,3.12879|Déchèterie de Gravanches Clermont-ferrand (Clermont-Ferrand, 2.1 km)]] — 0473248920\n[[https://www.google.com/maps?q=45.7431,3.10739|Déchèterie de Romagnat (ROMAGNAT, 4.7 km)]] — 0473449726\n[[https://www.google.com/maps?q=45.8255,3.13467|Déchèterie de Gerzat (Gerzat, 5.2 km)]] — 0463669530\n[[https://www.google.com/maps/search/d%C3%A9ch%C3%A8terie/@45.779161,3.139161,12z|Toutes les déchèteries autour du site 🗑️]]",
    "origine": "import",
    "campagne": "Espaces Verts 2026 P2-SEE ALL",
    "towerco": "TOTEM",
    "ressources": "SEE ALL",
    "nom_site": "CLERMONT_RONZIERE",
    "adresse": "192 Avenue du Brézet",
    "departement": "63",
    "calque": "mp-ev-2026-p2-seeall",
    "code_fra": "FRA06300050",
    "acces_autonome": "a_confirmer",
    "acces_motif": "fiche d'accès vide",
    "_umap_options": {
     "color": "#67718A",
     "iconClass": "Default"
    }
   }
  },
  {
   "type": "Feature",
   "geometry": {
    "type": "Point",
    "coordinates": [
     3.093604,
     45.751109
    ]
   },
   "properties": {
    "name": "FRA06300058 — CLERMONT_PROULIAT",
    "description": "**Verdict d'autonomie** : a_confirmer\n**Motif du verdict** : fiche d'accès vide\n**Déclaration du terrain** : fait\n**Auteur de la déclaration** : L K\n**Date de la déclaration** : 2026-09-25\n**Campagne d'appartenance** : Espaces Verts 2026 P2-SEE ALL\n**Donneur d'ordre de la campagne** : TOTEM\n**Colonne Ressources du périmètre** : SEE ALL\n**Provenance du repère** : import\n**Adresse du site** : RUE DU MAS ATELIERS MUNICIPAUX\n**Numéro de département** : 63\n**Nom du site** : CLERMONT_PROULIAT\n**Coordonnées** : 45.751109, 3.093604\n[[https://www.google.com/maps?q=45.751109,3.093604|Google Maps 🌍]] · [[https://www.google.com/maps/@?api=1&map_action=pano&viewpoint=45.751109,3.093604|Street View]]\n**Déchèteries pro les plus proches** :\n[[https://www.google.com/maps?q=45.7431,3.10739|Déchèterie de Romagnat (ROMAGNAT, 1.4 km)]] — 0473449726\n[[https://www.google.com/maps?q=45.7965,3.12879|Déchèterie de Gravanches Clermont-ferrand (Clermont-Ferrand, 5.7 km)]] — 0473248920\n[[https://www.google.com/maps?q=45.7053,3.02121|Déchèterie de Theix Saint-genès (Saint-Genès-Champanelle, 7.6 km)]] — 0473873147\n[[https://www.google.com/maps/search/d%C3%A9ch%C3%A8terie/@45.751109,3.093604,12z|Toutes les déchèteries autour du site 🗑️]]",
    "origine": "import",
    "campagne": "Espaces Verts 2026 P2-SEE ALL",
    "towerco": "TOTEM",
    "ressources": "SEE ALL",
    "nom_site": "CLERMONT_PROULIAT",
    "adresse": "RUE DU MAS ATELIERS MUNICIPAUX",
    "departement": "63",
    "etat_terrain": "fait",
    "declare_par": "L K",
    "declare_le": "2026-09-25",
    "calque": "mp-ev-2026-p2-seeall",
    "code_fra": "FRA06300058",
    "acces_autonome": "a_confirmer",
    "acces_motif": "fiche d'accès vide",
    "_umap_options": {
     "color": "#15803D",
     "iconClass": "Default"
    }
   }
  },
  {
   "type": "Feature",
   "geometry": {
    "type": "Point",
    "coordinates": [
     3.225906,
     45.77284
    ]
   },
   "properties": {
    "name": "FRA06300060 — DALLET",
    "description": "**Verdict d'autonomie** : a_confirmer\n**Motif du verdict** : fiche d'accès vide\n**Campagne d'appartenance** : Espaces Verts 2026 P2-SEE ALL\n**Donneur d'ordre de la campagne** : TOTEM\n**Colonne Ressources du périmètre** : SEE ALL\n**Provenance du repère** : import\n**Adresse du site** : Chemin des Pilates et de la Poule (Parcelle 266)\n**Numéro de département** : 63\n**Nom du site** : DALLET\n**Coordonnées** : 45.772840, 3.225906\n[[https://www.google.com/maps?q=45.772840,3.225906|Google Maps 🌍]] · [[https://www.google.com/maps/@?api=1&map_action=pano&viewpoint=45.772840,3.225906|Street View]]\n**Déchèteries pro les plus proches** :\n[[https://www.google.com/maps?q=45.7823,3.23804|Déchèterie de Pont du Chateau (PONT DU CHATEAU, 1.4 km)]]\n[[https://www.google.com/maps?q=45.7397,3.19798|Déchèterie de Cournon (COURNON-D'AUVERGNE, 4.3 km)]] — 0473844344\n[[https://www.google.com/maps?q=45.7965,3.12879|Déchèterie de Gravanches Clermont-ferrand (Clermont-Ferrand, 8.0 km)]] — 0473248920\n[[https://www.google.com/maps/search/d%C3%A9ch%C3%A8terie/@45.772840,3.225906,12z|Toutes les déchèteries autour du site 🗑️]]",
    "origine": "import",
    "campagne": "Espaces Verts 2026 P2-SEE ALL",
    "towerco": "TOTEM",
    "ressources": "SEE ALL",
    "nom_site": "DALLET",
    "adresse": "Chemin des Pilates et de la Poule (Parcelle 266)",
    "departement": "63",
    "calque": "mp-ev-2026-p2-seeall",
    "code_fra": "FRA06300060",
    "acces_autonome": "a_confirmer",
    "acces_motif": "fiche d'accès vide",
    "_umap_options": {
     "color": "#67718A",
     "iconClass": "Default"
    }
   }
  },
  {
   "type": "Feature",
   "geometry": {
    "type": "Point",
    "coordinates": [
     3.06168,
     45.833068
    ]
   },
   "properties": {
    "name": "FRA06300061 — BLANZAT",
    "description": "**Verdict d'autonomie** : a_confirmer\n**Motif du verdict** : fiche d'accès vide\n**Déclaration du terrain** : fait\n**Auteur de la déclaration** : L K\n**Date de la déclaration** : 2026-09-25\n**Campagne d'appartenance** : Espaces Verts 2026 P2-SEE ALL\n**Donneur d'ordre de la campagne** : TOTEM\n**Colonne Ressources du périmètre** : SEE ALL\n**Provenance du repère** : import\n**Adresse du site** : 0 Route de Sayat\n**Numéro de département** : 63\n**Nom du site** : BLANZAT\n**Coordonnées** : 45.833068, 3.061680\n[[https://www.google.com/maps?q=45.833068,3.061680|Google Maps 🌍]] · [[https://www.google.com/maps/@?api=1&map_action=pano&viewpoint=45.833068,3.061680|Street View]]\n**Déchèteries pro les plus proches** :\n[[https://www.google.com/maps?q=45.8271,3.06482|Déchèterie de Blanzat (BLANZAT, 0.7 km)]] — 0473876350\n[[https://www.google.com/maps?q=45.8674,3.05041|Déchèterie de Volvic (Volvic, 3.9 km)]] — 0473333789\n[[https://www.google.com/maps?q=45.8255,3.13467|Déchèterie de Gerzat (Gerzat, 5.7 km)]] — 0463669530\n[[https://www.google.com/maps/search/d%C3%A9ch%C3%A8terie/@45.833068,3.061680,12z|Toutes les déchèteries autour du site 🗑️]]",
    "origine": "import",
    "campagne": "Espaces Verts 2026 P2-SEE ALL",
    "towerco": "TOTEM",
    "ressources": "SEE ALL",
    "nom_site": "BLANZAT",
    "adresse": "0 Route de Sayat",
    "departement": "63",
    "etat_terrain": "fait",
    "declare_par": "L K",
    "declare_le": "2026-09-25",
    "calque": "mp-ev-2026-p2-seeall",
    "code_fra": "FRA06300061",
    "acces_autonome": "a_confirmer",
    "acces_motif": "fiche d'accès vide",
    "_umap_options": {
     "color": "#15803D",
     "iconClass": "Default"
    }
   }
  },
  {
   "type": "Feature",
   "geometry": {
    "type": "Point",
    "coordinates": [
     3.079167,
     45.848888
    ]
   },
   "properties": {
    "name": "FRA06300064 — CHATEAUGAY",
    "description": "**Verdict d'autonomie** : a_confirmer\n**Motif du verdict** : fiche d'accès vide\n**Déclaration du terrain** : fait\n**Auteur de la déclaration** : L K\n**Date de la déclaration** : 2026-09-25\n**Campagne d'appartenance** : Espaces Verts 2026 P2-SEE ALL\n**Donneur d'ordre de la campagne** : TOTEM\n**Colonne Ressources du périmètre** : SEE ALL\n**Provenance du repère** : import\n**Adresse du site** : Rue des Carrières Près Château d'eau\n**Numéro de département** : 63\n**Nom du site** : CHATEAUGAY\n**Coordonnées** : 45.848888, 3.079167\n[[https://www.google.com/maps?q=45.848888,3.079167|Google Maps 🌍]] · [[https://www.google.com/maps/@?api=1&map_action=pano&viewpoint=45.848888,3.079167|Street View]]\n**Déchèteries pro les plus proches** :\n[[https://www.google.com/maps?q=45.8271,3.06482|Déchèterie de Blanzat (BLANZAT, 2.7 km)]] — 0473876350\n[[https://www.google.com/maps?q=45.8674,3.05041|Déchèterie de Volvic (Volvic, 3.0 km)]] — 0473333789\n[[https://www.google.com/maps?q=45.8255,3.13467|Déchèterie de Gerzat (Gerzat, 5.0 km)]] — 0463669530\n[[https://www.google.com/maps/search/d%C3%A9ch%C3%A8terie/@45.848888,3.079167,12z|Toutes les déchèteries autour du site 🗑️]]",
    "origine": "import",
    "campagne": "Espaces Verts 2026 P2-SEE ALL",
    "towerco": "TOTEM",
    "ressources": "SEE ALL",
    "nom_site": "CHATEAUGAY",
    "adresse": "Rue des Carrières Près Château d'eau",
    "departement": "63",
    "etat_terrain": "fait",
    "declare_par": "L K",
    "declare_le": "2026-09-25",
    "calque": "mp-ev-2026-p2-seeall",
    "code_fra": "FRA06300064",
    "acces_autonome": "a_confirmer",
    "acces_motif": "fiche d'accès vide",
    "_umap_options": {
     "color": "#15803D",
     "iconClass": "Default"
    }
   }
  },
  {
   "type": "Feature",
   "geometry": {
    "type": "Point",
    "coordinates": [
     3.064167,
     45.741667
    ]
   },
   "properties": {
    "name": "FRA06300065 — CEYRAT",
    "description": "**Verdict d'autonomie** : a_confirmer\n**Motif du verdict** : fiche d'accès vide\n**Déclaration du terrain** : fait\n**Auteur de la déclaration** : L K\n**Date de la déclaration** : 2026-09-25\n**Campagne d'appartenance** : Espaces Verts 2026 P2-SEE ALL\n**Donneur d'ordre de la campagne** : TOTEM\n**Colonne Ressources du périmètre** : SEE ALL\n**Provenance du repère** : import\n**Adresse du site** : Rue du CAMPING\n**Numéro de département** : 63\n**Nom du site** : CEYRAT\n**Coordonnées** : 45.741667, 3.064167\n[[https://www.google.com/maps?q=45.741667,3.064167|Google Maps 🌍]] · [[https://www.google.com/maps/@?api=1&map_action=pano&viewpoint=45.741667,3.064167|Street View]]\n**Déchèteries pro les plus proches** :\n[[https://www.google.com/maps?q=45.7431,3.10739|Déchèterie de Romagnat (ROMAGNAT, 3.4 km)]] — 0473449726\n[[https://www.google.com/maps?q=45.7053,3.02121|Déchèterie de Theix Saint-genès (Saint-Genès-Champanelle, 5.2 km)]] — 0473873147\n[[https://www.google.com/maps?q=45.7965,3.12879|Déchèterie de Gravanches Clermont-ferrand (Clermont-Ferrand, 7.9 km)]] — 0473248920\n[[https://www.google.com/maps/search/d%C3%A9ch%C3%A8terie/@45.741667,3.064167,12z|Toutes les déchèteries autour du site 🗑️]]",
    "origine": "import",
    "campagne": "Espaces Verts 2026 P2-SEE ALL",
    "towerco": "TOTEM",
    "ressources": "SEE ALL",
    "nom_site": "CEYRAT",
    "adresse": "Rue du CAMPING",
    "departement": "63",
    "etat_terrain": "fait",
    "declare_par": "L K",
    "declare_le": "2026-09-25",
    "calque": "mp-ev-2026-p2-seeall",
    "code_fra": "FRA06300065",
    "acces_autonome": "a_confirmer",
    "acces_motif": "fiche d'accès vide",
    "_umap_options": {
     "color": "#15803D",
     "iconClass": "Default"
    }
   }
  },
  {
   "type": "Feature",
   "geometry": {
    "type": "Point",
    "coordinates": [
     3.017096,
     45.705264
    ]
   },
   "properties": {
    "name": "FRA06300066 — THEIX",
    "description": "**Verdict d'autonomie** : a_confirmer\n**Motif du verdict** : fiche d'accès vide\n**Déclaration du terrain** : fait\n**Auteur de la déclaration** : L K\n**Date de la déclaration** : 2026-09-24\n**Campagne d'appartenance** : Espaces Verts 2026 P2-SEE ALL\n**Donneur d'ordre de la campagne** : TOTEM\n**Colonne Ressources du périmètre** : SEE ALL\n**Provenance du repère** : import\n**Adresse du site** : SORTIE DE THEIX CD52\n**Numéro de département** : 63\n**Nom du site** : THEIX\n**Coordonnées** : 45.705264, 3.017096\n[[https://www.google.com/maps?q=45.705264,3.017096|Google Maps 🌍]] · [[https://www.google.com/maps/@?api=1&map_action=pano&viewpoint=45.705264,3.017096|Street View]]\n**Déchèteries pro les plus proches** :\n[[https://www.google.com/maps?q=45.7053,3.02121|Déchèterie de Theix Saint-genès (Saint-Genès-Champanelle, 0.3 km)]] — 0473873147\n[[https://www.google.com/maps?q=45.7431,3.10739|Déchèterie de Romagnat (ROMAGNAT, 8.2 km)]] — 0473449726\n[[https://www.google.com/maps?q=45.6935,3.16097|Déchèterie de Veyre Monton (Veyre-Monton, 11.2 km)]] — 0473709287\n[[https://www.google.com/maps/search/d%C3%A9ch%C3%A8terie/@45.705264,3.017096,12z|Toutes les déchèteries autour du site 🗑️]]",
    "origine": "import",
    "campagne": "Espaces Verts 2026 P2-SEE ALL",
    "towerco": "TOTEM",
    "ressources": "SEE ALL",
    "nom_site": "THEIX",
    "adresse": "SORTIE DE THEIX CD52",
    "departement": "63",
    "etat_terrain": "fait",
    "declare_par": "L K",
    "declare_le": "2026-09-24",
    "calque": "mp-ev-2026-p2-seeall",
    "code_fra": "FRA06300066",
    "acces_autonome": "a_confirmer",
    "acces_motif": "fiche d'accès vide",
    "_umap_options": {
     "color": "#15803D",
     "iconClass": "Default"
    }
   }
  },
  {
   "type": "Feature",
   "geometry": {
    "type": "Point",
    "coordinates": [
     3.024157,
     45.738051
    ]
   },
   "properties": {
    "name": "FRA06300067 — CHARADE",
    "description": "**Verdict d'autonomie** : a_confirmer\n**Motif du verdict** : fiche d'accès vide\n**Déclaration du terrain** : fait\n**Auteur de la déclaration** : L K\n**Date de la déclaration** : 2026-09-25\n**Campagne d'appartenance** : Espaces Verts 2026 P2-SEE ALL\n**Donneur d'ordre de la campagne** : TOTEM\n**Colonne Ressources du périmètre** : SEE ALL\n**Provenance du repère** : import\n**Adresse du site** : 4 A Route de Saint-Gênés Thèdes\n**Numéro de département** : 63\n**Nom du site** : CHARADE\n**Coordonnées** : 45.738051, 3.024157\n[[https://www.google.com/maps?q=45.738051,3.024157|Google Maps 🌍]] · [[https://www.google.com/maps/@?api=1&map_action=pano&viewpoint=45.738051,3.024157|Street View]]\n**Déchèteries pro les plus proches** :\n[[https://www.google.com/maps?q=45.7053,3.02121|Déchèterie de Theix Saint-genès (Saint-Genès-Champanelle, 3.6 km)]] — 0473873147\n[[https://www.google.com/maps?q=45.7431,3.10739|Déchèterie de Romagnat (ROMAGNAT, 6.5 km)]] — 0473449726\n[[https://www.google.com/maps?q=45.8271,3.06482|Déchèterie de Blanzat (BLANZAT, 10.4 km)]] — 0473876350\n[[https://www.google.com/maps/search/d%C3%A9ch%C3%A8terie/@45.738051,3.024157,12z|Toutes les déchèteries autour du site 🗑️]]",
    "origine": "import",
    "campagne": "Espaces Verts 2026 P2-SEE ALL",
    "towerco": "TOTEM",
    "ressources": "SEE ALL",
    "nom_site": "CHARADE",
    "adresse": "4 A Route de Saint-Gênés Thèdes",
    "departement": "63",
    "etat_terrain": "fait",
    "declare_par": "L K",
    "declare_le": "2026-09-25",
    "calque": "mp-ev-2026-p2-seeall",
    "code_fra": "FRA06300067",
    "acces_autonome": "a_confirmer",
    "acces_motif": "fiche d'accès vide",
    "_umap_options": {
     "color": "#15803D",
     "iconClass": "Default"
    }
   }
  },
  {
   "type": "Feature",
   "geometry": {
    "type": "Point",
    "coordinates": [
     3.067288,
     45.746578
    ]
   },
   "properties": {
    "name": "FRA06300069 — CEYRAT_BOISSEJOUR",
    "description": "**Verdict d'autonomie** : a_confirmer\n**Motif du verdict** : fiche d'accès vide\n**Déclaration du terrain** : fait\n**Auteur de la déclaration** : L K\n**Date de la déclaration** : 2026-09-25\n**Campagne d'appartenance** : Espaces Verts 2026 P2-SEE ALL\n**Donneur d'ordre de la campagne** : TOTEM\n**Colonne Ressources du périmètre** : SEE ALL\n**Provenance du repère** : import\n**Adresse du site** : Chemin du Roc de Journiat\n**Numéro de département** : 63\n**Nom du site** : CEYRAT_BOISSEJOUR\n**Coordonnées** : 45.746578, 3.067288\n[[https://www.google.com/maps?q=45.746578,3.067288|Google Maps 🌍]] · [[https://www.google.com/maps/@?api=1&map_action=pano&viewpoint=45.746578,3.067288|Street View]]\n**Déchèteries pro les plus proches** :\n[[https://www.google.com/maps?q=45.7431,3.10739|Déchèterie de Romagnat (ROMAGNAT, 3.1 km)]] — 0473449726\n[[https://www.google.com/maps?q=45.7053,3.02121|Déchèterie de Theix Saint-genès (Saint-Genès-Champanelle, 5.8 km)]] — 0473873147\n[[https://www.google.com/maps?q=45.7965,3.12879|Déchèterie de Gravanches Clermont-ferrand (Clermont-Ferrand, 7.3 km)]] — 0473248920\n[[https://www.google.com/maps/search/d%C3%A9ch%C3%A8terie/@45.746578,3.067288,12z|Toutes les déchèteries autour du site 🗑️]]",
    "origine": "import",
    "campagne": "Espaces Verts 2026 P2-SEE ALL",
    "towerco": "TOTEM",
    "ressources": "SEE ALL",
    "nom_site": "CEYRAT_BOISSEJOUR",
    "adresse": "Chemin du Roc de Journiat",
    "departement": "63",
    "etat_terrain": "fait",
    "declare_par": "L K",
    "declare_le": "2026-09-25",
    "calque": "mp-ev-2026-p2-seeall",
    "code_fra": "FRA06300069",
    "acces_autonome": "a_confirmer",
    "acces_motif": "fiche d'accès vide",
    "_umap_options": {
     "color": "#15803D",
     "iconClass": "Default"
    }
   }
  },
  {
   "type": "Feature",
   "geometry": {
    "type": "Point",
    "coordinates": [
     3.134261,
     45.740031
    ]
   },
   "properties": {
    "name": "FRA06300073 — PERIGNAT_LES_SARLIEVE",
    "description": "**Verdict d'autonomie** : a_confirmer\n**Motif du verdict** : fiche d'accès vide\n**Campagne d'appartenance** : Espaces Verts 2026 P2-SEE ALL\n**Donneur d'ordre de la campagne** : TOTEM\n**Colonne Ressources du périmètre** : SEE ALL\n**Provenance du repère** : import\n**Adresse du site** : LDT PUY DE SOUNELY BTS PERIGNA\n**Numéro de département** : 63\n**Nom du site** : PERIGNAT_LES_SARLIEVE\n**Coordonnées** : 45.740031, 3.134261\n[[https://www.google.com/maps?q=45.740031,3.134261|Google Maps 🌍]] · [[https://www.google.com/maps/@?api=1&map_action=pano&viewpoint=45.740031,3.134261|Street View]]\n**Déchèteries pro les plus proches** :\n[[https://www.google.com/maps?q=45.7431,3.10739|Déchèterie de Romagnat (ROMAGNAT, 2.1 km)]] — 0473449726\n[[https://www.google.com/maps?q=45.7397,3.19798|Déchèterie de Cournon (COURNON-D'AUVERGNE, 4.9 km)]] — 0473844344\n[[https://www.google.com/maps?q=45.6935,3.16097|Déchèterie de Veyre Monton (Veyre-Monton, 5.6 km)]] — 0473709287\n[[https://www.google.com/maps/search/d%C3%A9ch%C3%A8terie/@45.740031,3.134261,12z|Toutes les déchèteries autour du site 🗑️]]",
    "origine": "import",
    "campagne": "Espaces Verts 2026 P2-SEE ALL",
    "towerco": "TOTEM",
    "ressources": "SEE ALL",
    "nom_site": "PERIGNAT_LES_SARLIEVE",
    "adresse": "LDT PUY DE SOUNELY BTS PERIGNA",
    "departement": "63",
    "calque": "mp-ev-2026-p2-seeall",
    "code_fra": "FRA06300073",
    "acces_autonome": "a_confirmer",
    "acces_motif": "fiche d'accès vide",
    "_umap_options": {
     "color": "#67718A",
     "iconClass": "Default"
    }
   }
  },
  {
   "type": "Feature",
   "geometry": {
    "type": "Point",
    "coordinates": [
     3.44591,
     45.853904
    ]
   },
   "properties": {
    "name": "FRA06300078 — ORLEAT",
    "description": "**Verdict d'autonomie** : a_confirmer\n**Motif du verdict** : fiche d'accès vide\n**Campagne d'appartenance** : Espaces Verts 2026 P2-SEE ALL\n**Donneur d'ordre de la campagne** : TOTEM\n**Colonne Ressources du périmètre** : SEE ALL\n**Provenance du repère** : import\n**Adresse du site** : BTS LDT LES SALARDS ORLEAT\n**Numéro de département** : 63\n**Nom du site** : ORLEAT\n**Coordonnées** : 45.853904, 3.445910\n[[https://www.google.com/maps?q=45.853904,3.445910|Google Maps 🌍]] · [[https://www.google.com/maps/@?api=1&map_action=pano&viewpoint=45.853904,3.445910|Street View]]\n**Déchèteries pro les plus proches** :\n[[https://www.google.com/maps?q=45.8352,3.51399|Decheterie de Thiers (THIERS, 5.7 km)]] — 0473801506\n[[https://www.google.com/maps?q=45.8175,3.38385|Pôle de valorisation de Lezoux (Lezoux, 6.3 km)]] — 0473626928\n[[https://www.google.com/maps?q=45.9501,3.48088|Déchèterie de Puy-guillaume (Puy-Guillaume, 11.0 km)]] — 0473946739\n[[https://www.google.com/maps/search/d%C3%A9ch%C3%A8terie/@45.853904,3.445910,12z|Toutes les déchèteries autour du site 🗑️]]",
    "origine": "import",
    "campagne": "Espaces Verts 2026 P2-SEE ALL",
    "towerco": "TOTEM",
    "ressources": "SEE ALL",
    "nom_site": "ORLEAT",
    "adresse": "BTS LDT LES SALARDS ORLEAT",
    "departement": "63",
    "calque": "mp-ev-2026-p2-seeall",
    "code_fra": "FRA06300078",
    "acces_autonome": "a_confirmer",
    "acces_motif": "fiche d'accès vide",
    "_umap_options": {
     "color": "#67718A",
     "iconClass": "Default"
    }
   }
  },
  {
   "type": "Feature",
   "geometry": {
    "type": "Point",
    "coordinates": [
     3.38111,
     45.828611
    ]
   },
   "properties": {
    "name": "FRA06300079 — LEZOUX_VILLE",
    "description": "**Verdict d'autonomie** : a_confirmer\n**Motif du verdict** : fiche d'accès vide\n**Campagne d'appartenance** : Espaces Verts 2026 P2-SEE ALL\n**Donneur d'ordre de la campagne** : TOTEM\n**Colonne Ressources du périmètre** : SEE ALL\n**Provenance du repère** : import\n**Adresse du site** : 4 Rue Saint Taurin\n**Numéro de département** : 63\n**Nom du site** : LEZOUX_VILLE\n**Coordonnées** : 45.828611, 3.381110\n[[https://www.google.com/maps?q=45.828611,3.381110|Google Maps 🌍]] · [[https://www.google.com/maps/@?api=1&map_action=pano&viewpoint=45.828611,3.381110|Street View]]\n**Déchèteries pro les plus proches** :\n[[https://www.google.com/maps?q=45.8175,3.38385|Pôle de valorisation de Lezoux (Lezoux, 1.3 km)]] — 0473626928\n[[https://www.google.com/maps?q=45.8352,3.51399|Decheterie de Thiers (THIERS, 10.3 km)]] — 0473801506\n[[https://www.google.com/maps?q=45.9244,3.3426|Déchèterie de Maringues (Maringues, 11.1 km)]] — 0473792268\n[[https://www.google.com/maps/search/d%C3%A9ch%C3%A8terie/@45.828611,3.381110,12z|Toutes les déchèteries autour du site 🗑️]]",
    "origine": "import",
    "campagne": "Espaces Verts 2026 P2-SEE ALL",
    "towerco": "TOTEM",
    "ressources": "SEE ALL",
    "nom_site": "LEZOUX_VILLE",
    "adresse": "4 Rue Saint Taurin",
    "departement": "63",
    "calque": "mp-ev-2026-p2-seeall",
    "code_fra": "FRA06300079",
    "acces_autonome": "a_confirmer",
    "acces_motif": "fiche d'accès vide",
    "_umap_options": {
     "color": "#67718A",
     "iconClass": "Default"
    }
   }
  },
  {
   "type": "Feature",
   "geometry": {
    "type": "Point",
    "coordinates": [
     3.124575,
     45.916175
    ]
   },
   "properties": {
    "name": "FRA06300081 — PESSAT_VILLENEUVE",
    "description": "**Verdict d'autonomie** : a_confirmer\n**Motif du verdict** : fiche d'accès vide\n**Déclaration du terrain** : fait\n**Auteur de la déclaration** : L K\n**Date de la déclaration** : 2026-09-26\n**Campagne d'appartenance** : Espaces Verts 2026 P2-SEE ALL\n**Donneur d'ordre de la campagne** : TOTEM\n**Colonne Ressources du périmètre** : SEE ALL\n**Provenance du repère** : import\n**Adresse du site** : 0 Chemin de Fontainebleau\n**Numéro de département** : 63\n**Nom du site** : PESSAT_VILLENEUVE\n**Coordonnées** : 45.916175, 3.124575\n[[https://www.google.com/maps?q=45.916175,3.124575|Google Maps 🌍]] · [[https://www.google.com/maps/@?api=1&map_action=pano&viewpoint=45.916175,3.124575|Street View]]\n**Déchèteries pro les plus proches** :\n[[https://www.google.com/maps?q=45.912,3.14184|Déchèterie de Riom (Riom, 1.4 km)]] — 0473336892\n[[https://www.google.com/maps?q=45.9198,3.08284|Déchèterie de Chatel Guyon (Châtel-Guyon, 3.3 km)]] — 0473869389\n[[https://www.google.com/maps?q=45.8674,3.05041|Déchèterie de Volvic (Volvic, 7.9 km)]] — 0473333789\n[[https://www.google.com/maps/search/d%C3%A9ch%C3%A8terie/@45.916175,3.124575,12z|Toutes les déchèteries autour du site 🗑️]]",
    "origine": "import",
    "campagne": "Espaces Verts 2026 P2-SEE ALL",
    "towerco": "TOTEM",
    "ressources": "SEE ALL",
    "nom_site": "PESSAT_VILLENEUVE",
    "adresse": "0 Chemin de Fontainebleau",
    "departement": "63",
    "etat_terrain": "fait",
    "declare_par": "L K",
    "declare_le": "2026-09-26",
    "calque": "mp-ev-2026-p2-seeall",
    "code_fra": "FRA06300081",
    "acces_autonome": "a_confirmer",
    "acces_motif": "fiche d'accès vide",
    "_umap_options": {
     "color": "#15803D",
     "iconClass": "Default"
    }
   }
  },
  {
   "type": "Feature",
   "geometry": {
    "type": "Point",
    "coordinates": [
     3.121111,
     45.883889
    ]
   },
   "properties": {
    "name": "FRA06300084 — RIOM_GARE",
    "description": "**Verdict d'autonomie** : a_confirmer\n**Motif du verdict** : fiche d'accès vide\n**Déclaration du terrain** : fait\n**Auteur de la déclaration** : L K\n**Date de la déclaration** : 2026-09-25\n**Campagne d'appartenance** : Espaces Verts 2026 P2-SEE ALL\n**Donneur d'ordre de la campagne** : TOTEM\n**Colonne Ressources du périmètre** : SEE ALL\n**Provenance du repère** : import\n**Adresse du site** : 6 Rue Michel Servet\n**Numéro de département** : 63\n**Nom du site** : RIOM_GARE\n**Coordonnées** : 45.883889, 3.121111\n[[https://www.google.com/maps?q=45.883889,3.121111|Google Maps 🌍]] · [[https://www.google.com/maps/@?api=1&map_action=pano&viewpoint=45.883889,3.121111|Street View]]\n**Déchèteries pro les plus proches** :\n[[https://www.google.com/maps?q=45.912,3.14184|Déchèterie de Riom (Riom, 3.5 km)]] — 0473336892\n[[https://www.google.com/maps?q=45.9198,3.08284|Déchèterie de Chatel Guyon (Châtel-Guyon, 5.0 km)]] — 0473869389\n[[https://www.google.com/maps?q=45.8674,3.05041|Déchèterie de Volvic (Volvic, 5.8 km)]] — 0473333789\n[[https://www.google.com/maps/search/d%C3%A9ch%C3%A8terie/@45.883889,3.121111,12z|Toutes les déchèteries autour du site 🗑️]]",
    "origine": "import",
    "campagne": "Espaces Verts 2026 P2-SEE ALL",
    "towerco": "TOTEM",
    "ressources": "SEE ALL",
    "nom_site": "RIOM_GARE",
    "adresse": "6 Rue Michel Servet",
    "departement": "63",
    "etat_terrain": "fait",
    "declare_par": "L K",
    "declare_le": "2026-09-25",
    "calque": "mp-ev-2026-p2-seeall",
    "code_fra": "FRA06300084",
    "acces_autonome": "a_confirmer",
    "acces_motif": "fiche d'accès vide",
    "_umap_options": {
     "color": "#15803D",
     "iconClass": "Default"
    }
   }
  },
  {
   "type": "Feature",
   "geometry": {
    "type": "Point",
    "coordinates": [
     3.096941,
     45.881942
    ]
   },
   "properties": {
    "name": "FRA06300085 — RIOM_PEUPLIERS",
    "description": "**Verdict d'autonomie** : a_confirmer\n**Motif du verdict** : fiche d'accès vide\n**Déclaration du terrain** : fait\n**Auteur de la déclaration** : L K\n**Date de la déclaration** : 2026-09-25\n**Campagne d'appartenance** : Espaces Verts 2026 P2-SEE ALL\n**Donneur d'ordre de la campagne** : TOTEM\n**Colonne Ressources du périmètre** : SEE ALL\n**Provenance du repère** : import\n**Adresse du site** : Chemin de Montrosier Le Moulin\n**Numéro de département** : 63\n**Nom du site** : RIOM_PEUPLIERS\n**Coordonnées** : 45.881942, 3.096941\n[[https://www.google.com/maps?q=45.881942,3.096941|Google Maps 🌍]] · [[https://www.google.com/maps/@?api=1&map_action=pano&viewpoint=45.881942,3.096941|Street View]]\n**Déchèteries pro les plus proches** :\n[[https://www.google.com/maps?q=45.8674,3.05041|Déchèterie de Volvic (Volvic, 3.9 km)]] — 0473333789\n[[https://www.google.com/maps?q=45.9198,3.08284|Déchèterie de Chatel Guyon (Châtel-Guyon, 4.3 km)]] — 0473869389\n[[https://www.google.com/maps?q=45.912,3.14184|Déchèterie de Riom (Riom, 4.8 km)]] — 0473336892\n[[https://www.google.com/maps/search/d%C3%A9ch%C3%A8terie/@45.881942,3.096941,12z|Toutes les déchèteries autour du site 🗑️]]",
    "origine": "import",
    "campagne": "Espaces Verts 2026 P2-SEE ALL",
    "towerco": "TOTEM",
    "ressources": "SEE ALL",
    "nom_site": "RIOM_PEUPLIERS",
    "adresse": "Chemin de Montrosier Le Moulin",
    "departement": "63",
    "etat_terrain": "fait",
    "declare_par": "L K",
    "declare_le": "2026-09-25",
    "calque": "mp-ev-2026-p2-seeall",
    "code_fra": "FRA06300085",
    "acces_autonome": "a_confirmer",
    "acces_motif": "fiche d'accès vide",
    "_umap_options": {
     "color": "#15803D",
     "iconClass": "Default"
    }
   }
  },
  {
   "type": "Feature",
   "geometry": {
    "type": "Point",
    "coordinates": [
     3.08932,
     45.890819
    ]
   },
   "properties": {
    "name": "FRA06300087 — MOZAC_BIS",
    "description": "**Verdict d'autonomie** : a_confirmer\n**Motif du verdict** : fiche d'accès vide\n**Déclaration du terrain** : fait\n**Auteur de la déclaration** : L K\n**Date de la déclaration** : 2026-09-25\n**Campagne d'appartenance** : Espaces Verts 2026 P2-SEE ALL\n**Donneur d'ordre de la campagne** : TOTEM\n**Colonne Ressources du périmètre** : SEE ALL\n**Provenance du repère** : import\n**Adresse du site** : Complexe sportif Edmond VACANT 15 Rue Louis DALMAS\n**Numéro de département** : 63\n**Nom du site** : MOZAC_BIS\n**Coordonnées** : 45.890819, 3.089320\n[[https://www.google.com/maps?q=45.890819,3.089320|Google Maps 🌍]] · [[https://www.google.com/maps/@?api=1&map_action=pano&viewpoint=45.890819,3.089320|Street View]]\n**Déchèteries pro les plus proches** :\n[[https://www.google.com/maps?q=45.9198,3.08284|Déchèterie de Chatel Guyon (Châtel-Guyon, 3.3 km)]] — 0473869389\n[[https://www.google.com/maps?q=45.8674,3.05041|Déchèterie de Volvic (Volvic, 4.0 km)]] — 0473333789\n[[https://www.google.com/maps?q=45.912,3.14184|Déchèterie de Riom (Riom, 4.7 km)]] — 0473336892\n[[https://www.google.com/maps/search/d%C3%A9ch%C3%A8terie/@45.890819,3.089320,12z|Toutes les déchèteries autour du site 🗑️]]",
    "origine": "import",
    "campagne": "Espaces Verts 2026 P2-SEE ALL",
    "towerco": "TOTEM",
    "ressources": "SEE ALL",
    "nom_site": "MOZAC_BIS",
    "adresse": "Complexe sportif Edmond VACANT 15 Rue Louis DALMAS",
    "departement": "63",
    "etat_terrain": "fait",
    "declare_par": "L K",
    "declare_le": "2026-09-25",
    "calque": "mp-ev-2026-p2-seeall",
    "code_fra": "FRA06300087",
    "acces_autonome": "a_confirmer",
    "acces_motif": "fiche d'accès vide",
    "_umap_options": {
     "color": "#15803D",
     "iconClass": "Default"
    }
   }
  },
  {
   "type": "Feature",
   "geometry": {
    "type": "Point",
    "coordinates": [
     2.904436,
     45.73083
    ]
   },
   "properties": {
    "name": "FRA06300088 — ANTERIOUX",
    "description": "**Verdict d'autonomie** : a_confirmer\n**Motif du verdict** : fiche d'accès vide\n**Déclaration du terrain** : fait\n**Auteur de la déclaration** : L K\n**Date de la déclaration** : 2026-09-24\n**Campagne d'appartenance** : Espaces Verts 2026 P2-SEE ALL\n**Donneur d'ordre de la campagne** : TOTEM\n**Colonne Ressources du périmètre** : SEE ALL\n**Provenance du repère** : import\n**Adresse du site** : les Bramauds\n**Numéro de département** : 63\n**Nom du site** : ANTERIOUX\n**Coordonnées** : 45.730830, 2.904436\n[[https://www.google.com/maps?q=45.730830,2.904436|Google Maps 🌍]] · [[https://www.google.com/maps/@?api=1&map_action=pano&viewpoint=45.730830,2.904436|Street View]]\n**Déchèteries pro les plus proches** :\n[[https://www.google.com/maps?q=45.7053,3.02121|Déchèterie de Theix Saint-genès (Saint-Genès-Champanelle, 9.5 km)]] — 0473873147\n[[https://www.google.com/maps?q=45.6854,2.79759|Déchèterie de Rochefort (Rochefort-Montagne, 9.7 km)]] — 0473659099\n[[https://www.google.com/maps?q=45.8503,2.89756|Déchèterie de St Ours les Roches (Saint-Ours, 13.3 km)]] — 0473887994\n[[https://www.google.com/maps/search/d%C3%A9ch%C3%A8terie/@45.730830,2.904436,12z|Toutes les déchèteries autour du site 🗑️]]",
    "origine": "import",
    "campagne": "Espaces Verts 2026 P2-SEE ALL",
    "towerco": "TOTEM",
    "ressources": "SEE ALL",
    "nom_site": "ANTERIOUX",
    "adresse": "les Bramauds",
    "departement": "63",
    "etat_terrain": "fait",
    "declare_par": "L K",
    "declare_le": "2026-09-24",
    "calque": "mp-ev-2026-p2-seeall",
    "code_fra": "FRA06300088",
    "acces_autonome": "a_confirmer",
    "acces_motif": "fiche d'accès vide",
    "_umap_options": {
     "color": "#15803D",
     "iconClass": "Default"
    }
   }
  },
  {
   "type": "Feature",
   "geometry": {
    "type": "Point",
    "coordinates": [
     2.947222,
     45.741389
    ]
   },
   "properties": {
    "name": "FRA06300089 — MORENO",
    "description": "**Verdict d'autonomie** : a_confirmer\n**Motif du verdict** : fiche d'accès vide\n**Déclaration du terrain** : fait\n**Auteur de la déclaration** : L K\n**Date de la déclaration** : 2026-09-24\n**Campagne d'appartenance** : Espaces Verts 2026 P2-SEE ALL\n**Donneur d'ordre de la campagne** : TOTEM\n**Colonne Ressources du périmètre** : SEE ALL\n**Provenance du repère** : import\n**Adresse du site** : COL de la MORENO EDF : St Genes Champanelle\n**Numéro de département** : 63\n**Nom du site** : MORENO\n**Coordonnées** : 45.741389, 2.947222\n[[https://www.google.com/maps?q=45.741389,2.947222|Google Maps 🌍]] · [[https://www.google.com/maps/@?api=1&map_action=pano&viewpoint=45.741389,2.947222|Street View]]\n**Déchèteries pro les plus proches** :\n[[https://www.google.com/maps?q=45.7053,3.02121|Déchèterie de Theix Saint-genès (Saint-Genès-Champanelle, 7.0 km)]] — 0473873147\n[[https://www.google.com/maps?q=45.7431,3.10739|Déchèterie de Romagnat (ROMAGNAT, 12.4 km)]] — 0473449726\n[[https://www.google.com/maps?q=45.8503,2.89756|Déchèterie de St Ours les Roches (Saint-Ours, 12.7 km)]] — 0473887994\n[[https://www.google.com/maps/search/d%C3%A9ch%C3%A8terie/@45.741389,2.947222,12z|Toutes les déchèteries autour du site 🗑️]]",
    "origine": "import",
    "campagne": "Espaces Verts 2026 P2-SEE ALL",
    "towerco": "TOTEM",
    "ressources": "SEE ALL",
    "nom_site": "MORENO",
    "adresse": "COL de la MORENO EDF : St Genes Champanelle",
    "departement": "63",
    "etat_terrain": "fait",
    "declare_par": "L K",
    "declare_le": "2026-09-24",
    "calque": "mp-ev-2026-p2-seeall",
    "code_fra": "FRA06300089",
    "acces_autonome": "a_confirmer",
    "acces_motif": "fiche d'accès vide",
    "_umap_options": {
     "color": "#15803D",
     "iconClass": "Default"
    }
   }
  },
  {
   "type": "Feature",
   "geometry": {
    "type": "Point",
    "coordinates": [
     2.791356,
     45.696266
    ]
   },
   "properties": {
    "name": "FRA06300090 — ROCHEFORT_MONTAGNE",
    "description": "**Verdict d'autonomie** : a_confirmer\n**Motif du verdict** : fiche d'accès vide\n**Déclaration du terrain** : fait\n**Auteur de la déclaration** : L K\n**Date de la déclaration** : 2026-09-17\n**Campagne d'appartenance** : Espaces Verts 2026 P2-SEE ALL\n**Donneur d'ordre de la campagne** : TOTEM\n**Colonne Ressources du périmètre** : SEE ALL\n**Provenance du repère** : import\n**Adresse du site** : Le Bouchetel Chemin des Cros\n**Numéro de département** : 63\n**Nom du site** : ROCHEFORT_MONTAGNE\n**Coordonnées** : 45.696266, 2.791356\n[[https://www.google.com/maps?q=45.696266,2.791356|Google Maps 🌍]] · [[https://www.google.com/maps/@?api=1&map_action=pano&viewpoint=45.696266,2.791356|Street View]]\n**Déchèteries pro les plus proches** :\n[[https://www.google.com/maps?q=45.6854,2.79759|Déchèterie de Rochefort (Rochefort-Montagne, 1.3 km)]] — 0473659099\n[[https://www.google.com/maps?q=45.5911,2.72045|Déchèterie de la Bourboule (La Bourboule, 12.9 km)]] — 0473655154\n[[https://www.google.com/maps?q=45.6244,2.62825|Mini Déchèterie Saint-sauves-d'auvergne (Saint-Sauves-d'Auvergne, 15.0 km)]]\n[[https://www.google.com/maps/search/d%C3%A9ch%C3%A8terie/@45.696266,2.791356,12z|Toutes les déchèteries autour du site 🗑️]]",
    "origine": "import",
    "campagne": "Espaces Verts 2026 P2-SEE ALL",
    "towerco": "TOTEM",
    "ressources": "SEE ALL",
    "nom_site": "ROCHEFORT_MONTAGNE",
    "adresse": "Le Bouchetel Chemin des Cros",
    "departement": "63",
    "etat_terrain": "fait",
    "declare_par": "L K",
    "declare_le": "2026-09-17",
    "calque": "mp-ev-2026-p2-seeall",
    "code_fra": "FRA06300090",
    "acces_autonome": "a_confirmer",
    "acces_motif": "fiche d'accès vide",
    "_umap_options": {
     "color": "#15803D",
     "iconClass": "Default"
    }
   }
  },
  {
   "type": "Feature",
   "geometry": {
    "type": "Point",
    "coordinates": [
     2.827679,
     45.62009
    ]
   },
   "properties": {
    "name": "FRA06300091 — ND_RS_DOMAINE_NORDIQUE_GUERY_ORF",
    "description": "**Verdict d'autonomie** : a_confirmer\n**Motif du verdict** : fiche d'accès vide\n**Déclaration du terrain** : fait\n**Auteur de la déclaration** : L K\n**Date de la déclaration** : 2026-09-17\n**Campagne d'appartenance** : Espaces Verts 2026 P2-SEE ALL\n**Donneur d'ordre de la campagne** : TOTEM\n**Colonne Ressources du périmètre** : SEE ALL\n**Provenance du repère** : import\n**Adresse du site** : Puy de l Ouire\n**Numéro de département** : 63\n**Nom du site** : ND_RS_DOMAINE_NORDIQUE_GUERY_ORF\n**Coordonnées** : 45.620090, 2.827679\n[[https://www.google.com/maps?q=45.620090,2.827679|Google Maps 🌍]] · [[https://www.google.com/maps/@?api=1&map_action=pano&viewpoint=45.620090,2.827679|Street View]]\n**Déchèteries pro les plus proches** :\n[[https://www.google.com/maps?q=45.6854,2.79759|Déchèterie de Rochefort (Rochefort-Montagne, 7.6 km)]] — 0473659099\n[[https://www.google.com/maps?q=45.5911,2.72045|Déchèterie de la Bourboule (La Bourboule, 8.9 km)]] — 0473655154\n[[https://www.google.com/maps?q=45.5214,2.94542|Déchèterie de Besse (BESSE-ET-SAINT-ANASTAISE, 14.3 km)]] — 0473795316\n[[https://www.google.com/maps/search/d%C3%A9ch%C3%A8terie/@45.620090,2.827679,12z|Toutes les déchèteries autour du site 🗑️]]",
    "origine": "import",
    "campagne": "Espaces Verts 2026 P2-SEE ALL",
    "towerco": "TOTEM",
    "ressources": "SEE ALL",
    "nom_site": "ND_RS_DOMAINE_NORDIQUE_GUERY_ORF",
    "adresse": "Puy de l Ouire",
    "departement": "63",
    "etat_terrain": "fait",
    "declare_par": "L K",
    "declare_le": "2026-09-17",
    "calque": "mp-ev-2026-p2-seeall",
    "code_fra": "FRA06300091",
    "acces_autonome": "a_confirmer",
    "acces_motif": "fiche d'accès vide",
    "_umap_options": {
     "color": "#15803D",
     "iconClass": "Default"
    }
   }
  },
  {
   "type": "Feature",
   "geometry": {
    "type": "Point",
    "coordinates": [
     3.725556,
     45.415
    ]
   },
   "properties": {
    "name": "FRA06300093 — ARLANC",
    "description": "**Verdict d'autonomie** : a_confirmer\n**Motif du verdict** : fiche d'accès vide\n**Campagne d'appartenance** : Espaces Verts 2026 P2-SEE ALL\n**Donneur d'ordre de la campagne** : TOTEM\n**Colonne Ressources du périmètre** : SEE ALL\n**Provenance du repère** : import\n**Adresse du site** : Rue DOCTEUR SABATERIE Site FT\n**Numéro de département** : 63\n**Nom du site** : ARLANC\n**Coordonnées** : 45.415000, 3.725556\n[[https://www.google.com/maps?q=45.415000,3.725556|Google Maps 🌍]] · [[https://www.google.com/maps/@?api=1&map_action=pano&viewpoint=45.415000,3.725556|Street View]]\n**Déchèteries pro les plus proches** :\n[[https://www.google.com/maps?q=45.3297,3.69991|Decheterie de la Chaise-dieu (La Chaise-Dieu, 9.7 km)]] — 0471007633\n[[https://www.google.com/maps?q=45.3233,3.83417|Déchèterie de Craponne (Craponne-sur-Arzon, 13.3 km)]] — 0471033715\n[[https://www.google.com/maps?q=45.3516,3.99166|Decheterie de St Pal de Chalencon (Saint-Pal-de-Chalencon, 21.9 km)]] — 0471007633\n[[https://www.google.com/maps/search/d%C3%A9ch%C3%A8terie/@45.415000,3.725556,12z|Toutes les déchèteries autour du site 🗑️]]",
    "origine": "import",
    "campagne": "Espaces Verts 2026 P2-SEE ALL",
    "towerco": "TOTEM",
    "ressources": "SEE ALL",
    "nom_site": "ARLANC",
    "adresse": "Rue DOCTEUR SABATERIE Site FT",
    "departement": "63",
    "calque": "mp-ev-2026-p2-seeall",
    "code_fra": "FRA06300093",
    "acces_autonome": "a_confirmer",
    "acces_motif": "fiche d'accès vide",
    "_umap_options": {
     "color": "#67718A",
     "iconClass": "Default"
    }
   }
  },
  {
   "type": "Feature",
   "geometry": {
    "type": "Point",
    "coordinates": [
     3.807184,
     45.404942
    ]
   },
   "properties": {
    "name": "FRA06300094 — ZB2_MEDEYROLLES",
    "description": "**Verdict d'autonomie** : a_confirmer\n**Motif du verdict** : fiche d'accès vide\n**Campagne d'appartenance** : Espaces Verts 2026 P2-SEE ALL\n**Donneur d'ordre de la campagne** : TOTEM\n**Colonne Ressources du périmètre** : SEE ALL\n**Provenance du repère** : import\n**Adresse du site** : Lieu-dit La Casse Chemin rural\n**Numéro de département** : 63\n**Nom du site** : ZB2_MEDEYROLLES\n**Coordonnées** : 45.404942, 3.807184\n[[https://www.google.com/maps?q=45.404942,3.807184|Google Maps 🌍]] · [[https://www.google.com/maps/@?api=1&map_action=pano&viewpoint=45.404942,3.807184|Street View]]\n**Déchèteries pro les plus proches** :\n[[https://www.google.com/maps?q=45.3233,3.83417|Déchèterie de Craponne (Craponne-sur-Arzon, 9.3 km)]] — 0471033715\n[[https://www.google.com/maps?q=45.3297,3.69991|Decheterie de la Chaise-dieu (La Chaise-Dieu, 11.8 km)]] — 0471007633\n[[https://www.google.com/maps?q=45.3516,3.99166|Decheterie de St Pal de Chalencon (Saint-Pal-de-Chalencon, 15.6 km)]] — 0471007633\n[[https://www.google.com/maps/search/d%C3%A9ch%C3%A8terie/@45.404942,3.807184,12z|Toutes les déchèteries autour du site 🗑️]]",
    "origine": "import",
    "campagne": "Espaces Verts 2026 P2-SEE ALL",
    "towerco": "TOTEM",
    "ressources": "SEE ALL",
    "nom_site": "ZB2_MEDEYROLLES",
    "adresse": "Lieu-dit La Casse Chemin rural",
    "departement": "63",
    "calque": "mp-ev-2026-p2-seeall",
    "code_fra": "FRA06300094",
    "acces_autonome": "a_confirmer",
    "acces_motif": "fiche d'accès vide",
    "_umap_options": {
     "color": "#67718A",
     "iconClass": "Default"
    }
   }
  },
  {
   "type": "Feature",
   "geometry": {
    "type": "Point",
    "coordinates": [
     2.948986,
     45.816004
    ]
   },
   "properties": {
    "name": "FRA06300095 — PONTGIBAUD",
    "description": "**Verdict d'autonomie** : autonome\n**Motif du verdict** : clé électronique ILOQ ou ABLOY\n**Numéro de DAS** : DAS-N0237286\n**Statut de la DAS** : Acceptée\n**Début de validité** : 2026-09-30\n**Fin de validité** : 2026-09-30\n**Délai de prévenance** : 5 jours\n**Origine de la DAS** : airtable\n**Déclaration du terrain** : fait\n**Auteur de la déclaration** : L K\n**Date de la déclaration** : 2026-09-24\n**Campagne d'appartenance** : Espaces Verts 2026 P2-SEE ALL\n**Donneur d'ordre de la campagne** : TOTEM\n**Colonne Ressources du périmètre** : SEE ALL\n**Provenance du repère** : import\n**Adresse du site** : Lieu-dit LEMPTEGY\n**Numéro de département** : 63\n**Nom du site** : PONTGIBAUD\n**Coordonnées** : 45.816004, 2.948986\n[[https://www.google.com/maps?q=45.816004,2.948986|Google Maps 🌍]] · [[https://www.google.com/maps/@?api=1&map_action=pano&viewpoint=45.816004,2.948986|Street View]]\n**Déchèteries pro les plus proches** :\n[[https://www.google.com/maps?q=45.8503,2.89756|Déchèterie de St Ours les Roches (Saint-Ours, 5.5 km)]] — 0473887994\n[[https://www.google.com/maps?q=45.8271,3.06482|Déchèterie de Blanzat (BLANZAT, 9.1 km)]] — 0473876350\n[[https://www.google.com/maps?q=45.8674,3.05041|Déchèterie de Volvic (Volvic, 9.7 km)]] — 0473333789\n[[https://www.google.com/maps/search/d%C3%A9ch%C3%A8terie/@45.816004,2.948986,12z|Toutes les déchèteries autour du site 🗑️]]\n\n**Fiche d'accès**\nDigicode: NON\nBadge: NON\nBoite à clés:\nPortail / Portillon: Mécanique\nDélais de prévenance: 5.0\n\nAccès équipement(s):\nBadge:\nClés: Clé électronique ABLOY\nCadenas:\n\nAccès aérien(s):\nDigicode: NON\nBadge:\nClés: Clé mécanique\nCadenas:\n\nCommentaire d'accès: 10/09/2025 M cockpit O+M:\nPrévenir Mr Jean Michel VALETTE de HABITANTS FONTETES CNE DE ST OURS 5 jours à l'avance au 0686376869 (appel ou sms)\nAccès en autonomie.\n\n30/09/2026 FK EXPERIS\nMr Jean Michel VALETTE ne fait plus partie de cette société il faut contacter\nMr THIERRY VALETTE +33680306104\npour la prévenance\nmail :\nsectiondesfontetes@saintourslesroches.fr",
    "origine": "import",
    "campagne": "Espaces Verts 2026 P2-SEE ALL",
    "towerco": "TOTEM",
    "ressources": "SEE ALL",
    "nom_site": "PONTGIBAUD",
    "adresse": "Lieu-dit LEMPTEGY",
    "departement": "63",
    "das_numero": "DAS-N0237286",
    "das_statut": "Acceptée",
    "das_debut": "2026-09-30",
    "das_fin": "2026-09-30",
    "das_provenance": "airtable",
    "acces_detail": "Digicode: NON\nBadge: NON\nBoite à clés:\nPortail / Portillon: Mécanique\nDélais de prévenance: 5.0\n\nAccès équipement(s):\nBadge:\nClés: Clé électronique ABLOY\nCadenas:\n\nAccès aérien(s):\nDigicode: NON\nBadge:\nClés: Clé mécanique\nCadenas:\n\nCommentaire d'accès: 10/09/2025 M cockpit O+M:\nPrévenir Mr Jean Michel VALETTE de HABITANTS FONTETES CNE DE ST OURS 5 jours à l'avance au 0686376869 (appel ou sms)\nAccès en autonomie.\n\n30/09/2026 FK EXPERIS\nMr Jean Michel VALETTE ne fait plus partie de cette société il faut contacter\nMr THIERRY VALETTE +33680306104\npour la prévenance\nmail :\nsectiondesfontetes@saintourslesroches.fr",
    "das_prevenance": "5 jours",
    "etat_terrain": "fait",
    "declare_par": "L K",
    "declare_le": "2026-09-24",
    "calque": "mp-ev-2026-p2-seeall",
    "code_fra": "FRA06300095",
    "acces_autonome": "autonome",
    "acces_motif": "clé électronique ILOQ ou ABLOY",
    "_umap_options": {
     "color": "#15803D",
     "iconClass": "Default"
    }
   }
  },
  {
   "type": "Feature",
   "geometry": {
    "type": "Point",
    "coordinates": [
     2.888889,
     45.831389
    ]
   },
   "properties": {
    "name": "FRA06300097 — ST_OURS",
    "description": "**Verdict d'autonomie** : a_confirmer\n**Motif du verdict** : fiche d'accès vide\n**Déclaration du terrain** : fait\n**Auteur de la déclaration** : L K\n**Date de la déclaration** : 2026-09-24\n**Campagne d'appartenance** : Espaces Verts 2026 P2-SEE ALL\n**Donneur d'ordre de la campagne** : TOTEM\n**Colonne Ressources du périmètre** : SEE ALL\n**Provenance du repère** : import\n**Adresse du site** : COMMUNAL DE LA CHALLE\n**Numéro de département** : 63\n**Nom du site** : ST_OURS\n**Coordonnées** : 45.831389, 2.888889\n[[https://www.google.com/maps?q=45.831389,2.888889|Google Maps 🌍]] · [[https://www.google.com/maps/@?api=1&map_action=pano&viewpoint=45.831389,2.888889|Street View]]\n**Déchèteries pro les plus proches** :\n[[https://www.google.com/maps?q=45.8503,2.89756|Déchèterie de St Ours les Roches (Saint-Ours, 2.2 km)]] — 0473887994\n[[https://www.google.com/maps?q=45.9295,2.82151|Déchèterie les Ancizes-comps (Les Ancizes-Comps, 12.1 km)]] — 0473976509\n[[https://www.google.com/maps?q=45.8674,3.05041|Déchèterie de Volvic (Volvic, 13.1 km)]] — 0473333789\n[[https://www.google.com/maps/search/d%C3%A9ch%C3%A8terie/@45.831389,2.888889,12z|Toutes les déchèteries autour du site 🗑️]]",
    "origine": "import",
    "campagne": "Espaces Verts 2026 P2-SEE ALL",
    "towerco": "TOTEM",
    "ressources": "SEE ALL",
    "nom_site": "ST_OURS",
    "adresse": "COMMUNAL DE LA CHALLE",
    "departement": "63",
    "etat_terrain": "fait",
    "declare_par": "L K",
    "declare_le": "2026-09-24",
    "calque": "mp-ev-2026-p2-seeall",
    "code_fra": "FRA06300097",
    "acces_autonome": "a_confirmer",
    "acces_motif": "fiche d'accès vide",
    "_umap_options": {
     "color": "#15803D",
     "iconClass": "Default"
    }
   }
  },
  {
   "type": "Feature",
   "geometry": {
    "type": "Point",
    "coordinates": [
     2.832999,
     45.851088
    ]
   },
   "properties": {
    "name": "FRA06300098 — LAMOTHE_A89",
    "description": "**Verdict d'autonomie** : a_confirmer\n**Motif du verdict** : fiche d'accès vide\n**Déclaration du terrain** : fait\n**Auteur de la déclaration** : L K\n**Date de la déclaration** : 2026-09-16\n**Campagne d'appartenance** : Espaces Verts 2026 P2-SEE ALL\n**Donneur d'ordre de la campagne** : TOTEM\n**Colonne Ressources du périmètre** : SEE ALL\n**Provenance du repère** : import\n**Adresse du site** : Lieu dit Puy à l'Âne\n**Numéro de département** : 63\n**Nom du site** : LAMOTHE_A89\n**Coordonnées** : 45.851088, 2.832999\n[[https://www.google.com/maps?q=45.851088,2.832999|Google Maps 🌍]] · [[https://www.google.com/maps/@?api=1&map_action=pano&viewpoint=45.851088,2.832999|Street View]]\n**Déchèteries pro les plus proches** :\n[[https://www.google.com/maps?q=45.8503,2.89756|Déchèterie de St Ours les Roches (Saint-Ours, 5.0 km)]] — 0473887994\n[[https://www.google.com/maps?q=45.9295,2.82151|Déchèterie les Ancizes-comps (Les Ancizes-Comps, 8.8 km)]] — 0473976509\n[[https://www.google.com/maps?q=45.8531,2.69929|Déchèterie de Pontaumur (Pontaumur, 10.4 km)]] — 0473797889\n[[https://www.google.com/maps/search/d%C3%A9ch%C3%A8terie/@45.851088,2.832999,12z|Toutes les déchèteries autour du site 🗑️]]",
    "origine": "import",
    "campagne": "Espaces Verts 2026 P2-SEE ALL",
    "towerco": "TOTEM",
    "ressources": "SEE ALL",
    "nom_site": "LAMOTHE_A89",
    "adresse": "Lieu dit Puy à l'Âne",
    "departement": "63",
    "etat_terrain": "fait",
    "declare_par": "L K",
    "declare_le": "2026-09-16",
    "calque": "mp-ev-2026-p2-seeall",
    "code_fra": "FRA06300098",
    "acces_autonome": "a_confirmer",
    "acces_motif": "fiche d'accès vide",
    "_umap_options": {
     "color": "#15803D",
     "iconClass": "Default"
    }
   }
  },
  {
   "type": "Feature",
   "geometry": {
    "type": "Point",
    "coordinates": [
     2.780377,
     45.820448
    ]
   },
   "properties": {
    "name": "FRA06300099 — BROMONT_A89",
    "description": "**Verdict d'autonomie** : a_confirmer\n**Motif du verdict** : fiche d'accès vide\n**Déclaration du terrain** : fait\n**Auteur de la déclaration** : L K\n**Date de la déclaration** : 2026-09-16\n**Campagne d'appartenance** : Espaces Verts 2026 P2-SEE ALL\n**Donneur d'ordre de la campagne** : TOTEM\n**Colonne Ressources du périmètre** : SEE ALL\n**Provenance du repère** : import\n**Adresse du site** : Lieu-dit Chemin du Bois de Fourneuve\n**Numéro de département** : 63\n**Nom du site** : BROMONT_A89\n**Coordonnées** : 45.820448, 2.780377\n[[https://www.google.com/maps?q=45.820448,2.780377|Google Maps 🌍]] · [[https://www.google.com/maps/@?api=1&map_action=pano&viewpoint=45.820448,2.780377|Street View]]\n**Déchèteries pro les plus proches** :\n[[https://www.google.com/maps?q=45.8531,2.69929|Déchèterie de Pontaumur (Pontaumur, 7.3 km)]] — 0473797889\n[[https://www.google.com/maps?q=45.8503,2.89756|Déchèterie de St Ours les Roches (Saint-Ours, 9.7 km)]] — 0473887994\n[[https://www.google.com/maps?q=45.9295,2.82151|Déchèterie les Ancizes-comps (Les Ancizes-Comps, 12.5 km)]] — 0473976509\n[[https://www.google.com/maps/search/d%C3%A9ch%C3%A8terie/@45.820448,2.780377,12z|Toutes les déchèteries autour du site 🗑️]]",
    "origine": "import",
    "campagne": "Espaces Verts 2026 P2-SEE ALL",
    "towerco": "TOTEM",
    "ressources": "SEE ALL",
    "nom_site": "BROMONT_A89",
    "adresse": "Lieu-dit Chemin du Bois de Fourneuve",
    "departement": "63",
    "etat_terrain": "fait",
    "declare_par": "L K",
    "declare_le": "2026-09-16",
    "calque": "mp-ev-2026-p2-seeall",
    "code_fra": "FRA06300099",
    "acces_autonome": "a_confirmer",
    "acces_motif": "fiche d'accès vide",
    "_umap_options": {
     "color": "#15803D",
     "iconClass": "Default"
    }
   }
  },
  {
   "type": "Feature",
   "geometry": {
    "type": "Point",
    "coordinates": [
     2.816104,
     45.54222
    ]
   },
   "properties": {
    "name": "FRA06300100 — LES_LONGES",
    "description": "**Verdict d'autonomie** : a_confirmer\n**Motif du verdict** : fiche d'accès vide\n**Déclaration du terrain** : fait\n**Auteur de la déclaration** : L K\n**Date de la déclaration** : 2026-09-17\n**Campagne d'appartenance** : Espaces Verts 2026 P2-SEE ALL\n**Donneur d'ordre de la campagne** : TOTEM\n**Colonne Ressources du périmètre** : SEE ALL\n**Provenance du repère** : import\n**Adresse du site** : CHEMIN DIT DE LA VALLEE\n**Numéro de département** : 63\n**Nom du site** : LES_LONGES\n**Coordonnées** : 45.542220, 2.816104\n[[https://www.google.com/maps?q=45.542220,2.816104|Google Maps 🌍]] · [[https://www.google.com/maps/@?api=1&map_action=pano&viewpoint=45.542220,2.816104|Street View]]\n**Déchèteries pro les plus proches** :\n[[https://www.google.com/maps?q=45.5911,2.72045|Déchèterie de la Bourboule (La Bourboule, 9.2 km)]] — 0473655154\n[[https://www.google.com/maps?q=45.5214,2.94542|Déchèterie de Besse (BESSE-ET-SAINT-ANASTAISE, 10.3 km)]] — 0473795316\n[[https://www.google.com/maps?q=45.6854,2.79759|Déchèterie de Rochefort (Rochefort-Montagne, 16.0 km)]] — 0473659099\n[[https://www.google.com/maps/search/d%C3%A9ch%C3%A8terie/@45.542220,2.816104,12z|Toutes les déchèteries autour du site 🗑️]]",
    "origine": "import",
    "campagne": "Espaces Verts 2026 P2-SEE ALL",
    "towerco": "TOTEM",
    "ressources": "SEE ALL",
    "nom_site": "LES_LONGES",
    "adresse": "CHEMIN DIT DE LA VALLEE",
    "departement": "63",
    "etat_terrain": "fait",
    "declare_par": "L K",
    "declare_le": "2026-09-17",
    "calque": "mp-ev-2026-p2-seeall",
    "code_fra": "FRA06300100",
    "acces_autonome": "a_confirmer",
    "acces_motif": "fiche d'accès vide",
    "_umap_options": {
     "color": "#15803D",
     "iconClass": "Default"
    }
   }
  },
  {
   "type": "Feature",
   "geometry": {
    "type": "Point",
    "coordinates": [
     3.598336,
     45.846764
    ]
   },
   "properties": {
    "name": "FRA06300101 — CELLES_SUR_DUROLLE",
    "description": "**Verdict d'autonomie** : a_confirmer\n**Motif du verdict** : fiche d'accès vide\n**Campagne d'appartenance** : Espaces Verts 2026 P2-SEE ALL\n**Donneur d'ordre de la campagne** : TOTEM\n**Colonne Ressources du périmètre** : SEE ALL\n**Provenance du repère** : import\n**Adresse du site** : LIEU DIT LES LAVANDES LA GRIMARDIE\n**Numéro de département** : 63\n**Nom du site** : CELLES_SUR_DUROLLE\n**Coordonnées** : 45.846764, 3.598336\n[[https://www.google.com/maps?q=45.846764,3.598336|Google Maps 🌍]] · [[https://www.google.com/maps/@?api=1&map_action=pano&viewpoint=45.846764,3.598336|Street View]]\n**Déchèteries pro les plus proches** :\n[[https://www.google.com/maps?q=45.8819,3.59646|Déchèterie de Saint Rémy sur Durolle (Saint-Rémy-sur-Durolle, 3.9 km)]] — 0473801211\n[[https://www.google.com/maps?q=45.8352,3.51399|Decheterie de Thiers (THIERS, 6.7 km)]] — 0473801506\n[[https://www.google.com/maps?q=45.7657,3.54218|Déchèterie de Courpière (Courpière, 10.0 km)]] — 0473512512\n[[https://www.google.com/maps/search/d%C3%A9ch%C3%A8terie/@45.846764,3.598336,12z|Toutes les déchèteries autour du site 🗑️]]",
    "origine": "import",
    "campagne": "Espaces Verts 2026 P2-SEE ALL",
    "towerco": "TOTEM",
    "ressources": "SEE ALL",
    "nom_site": "CELLES_SUR_DUROLLE",
    "adresse": "LIEU DIT LES LAVANDES LA GRIMARDIE",
    "departement": "63",
    "calque": "mp-ev-2026-p2-seeall",
    "code_fra": "FRA06300101",
    "acces_autonome": "a_confirmer",
    "acces_motif": "fiche d'accès vide",
    "_umap_options": {
     "color": "#67718A",
     "iconClass": "Default"
    }
   }
  },
  {
   "type": "Feature",
   "geometry": {
    "type": "Point",
    "coordinates": [
     3.256028,
     45.979735
    ]
   },
   "properties": {
    "name": "FRA06300103 — THURET",
    "description": "**Verdict d'autonomie** : a_confirmer\n**Motif du verdict** : fiche d'accès vide\n**Déclaration du terrain** : fait\n**Auteur de la déclaration** : L K\n**Date de la déclaration** : 2026-09-26\n**Campagne d'appartenance** : Espaces Verts 2026 P2-SEE ALL\n**Donneur d'ordre de la campagne** : TOTEM\n**Colonne Ressources du périmètre** : SEE ALL\n**Provenance du repère** : import\n**Adresse du site** : Lieu-dit CHAMP PATURA EDF : Rue de La Croix Blanche\n**Numéro de département** : 63\n**Nom du site** : THURET\n**Coordonnées** : 45.979735, 3.256028\n[[https://www.google.com/maps?q=45.979735,3.256028|Google Maps 🌍]] · [[https://www.google.com/maps/@?api=1&map_action=pano&viewpoint=45.979735,3.256028|Street View]]\n**Déchèteries pro les plus proches** :\n[[https://www.google.com/maps?q=46.0001,3.19782|Déchèterie d'Aigueperse (Aigueperse, 5.0 km)]] — 0473386906\n[[https://www.google.com/maps?q=45.9061,3.25155|Déchèterie de Ennezat (Ennezat, 8.2 km)]] — 0473648355\n[[https://www.google.com/maps?q=45.9244,3.3426|Déchèterie de Maringues (Maringues, 9.1 km)]] — 0473792268\n[[https://www.google.com/maps/search/d%C3%A9ch%C3%A8terie/@45.979735,3.256028,12z|Toutes les déchèteries autour du site 🗑️]]",
    "origine": "import",
    "campagne": "Espaces Verts 2026 P2-SEE ALL",
    "towerco": "TOTEM",
    "ressources": "SEE ALL",
    "nom_site": "THURET",
    "adresse": "Lieu-dit CHAMP PATURA EDF : Rue de La Croix Blanche",
    "departement": "63",
    "etat_terrain": "fait",
    "declare_par": "L K",
    "declare_le": "2026-09-26",
    "calque": "mp-ev-2026-p2-seeall",
    "code_fra": "FRA06300103",
    "acces_autonome": "a_confirmer",
    "acces_motif": "fiche d'accès vide",
    "_umap_options": {
     "color": "#15803D",
     "iconClass": "Default"
    }
   }
  },
  {
   "type": "Feature",
   "geometry": {
    "type": "Point",
    "coordinates": [
     3.218611,
     46.035833
    ]
   },
   "properties": {
    "name": "FRA06300104 — AIGUEPERSE",
    "description": "**Verdict d'autonomie** : a_confirmer\n**Motif du verdict** : fiche d'accès vide\n**Déclaration du terrain** : fait\n**Auteur de la déclaration** : L K\n**Date de la déclaration** : 2026-09-26\n**Campagne d'appartenance** : Espaces Verts 2026 P2-SEE ALL\n**Donneur d'ordre de la campagne** : TOTEM\n**Colonne Ressources du périmètre** : SEE ALL\n**Provenance du repère** : import\n**Adresse du site** : la Butte\n**Numéro de département** : 63\n**Nom du site** : AIGUEPERSE\n**Coordonnées** : 46.035833, 3.218611\n[[https://www.google.com/maps?q=46.035833,3.218611|Google Maps 🌍]] · [[https://www.google.com/maps/@?api=1&map_action=pano&viewpoint=46.035833,3.218611|Street View]]\n**Déchèteries pro les plus proches** :\n[[https://www.google.com/maps?q=46.0001,3.19782|Déchèterie d'Aigueperse (Aigueperse, 4.3 km)]] — 0473386906\n[[https://www.google.com/maps?q=46.0918,3.194|Déchèterie de Gannat (Gannat, 6.5 km)]] — 0608559854\n[[https://www.google.com/maps?q=45.9956,3.08882|Pôle de valorisation Combronde (Combronde, 11.0 km)]]\n[[https://www.google.com/maps/search/d%C3%A9ch%C3%A8terie/@46.035833,3.218611,12z|Toutes les déchèteries autour du site 🗑️]]",
    "origine": "import",
    "campagne": "Espaces Verts 2026 P2-SEE ALL",
    "towerco": "TOTEM",
    "ressources": "SEE ALL",
    "nom_site": "AIGUEPERSE",
    "adresse": "la Butte",
    "departement": "63",
    "etat_terrain": "fait",
    "declare_par": "L K",
    "declare_le": "2026-09-26",
    "calque": "mp-ev-2026-p2-seeall",
    "code_fra": "FRA06300104",
    "acces_autonome": "a_confirmer",
    "acces_motif": "fiche d'accès vide",
    "_umap_options": {
     "color": "#15803D",
     "iconClass": "Default"
    }
   }
  },
  {
   "type": "Feature",
   "geometry": {
    "type": "Point",
    "coordinates": [
     3.235113,
     45.636747
    ]
   },
   "properties": {
    "name": "FRA06300105 — VIC_LE_COMTE",
    "description": "**Verdict d'autonomie** : a_confirmer\n**Motif du verdict** : fiche d'accès vide\n**Déclaration du terrain** : fait\n**Auteur de la déclaration** : L K\n**Date de la déclaration** : 2026-09-23\n**Campagne d'appartenance** : Espaces Verts 2026 P2-SEE ALL\n**Donneur d'ordre de la campagne** : TOTEM\n**Colonne Ressources du périmètre** : SEE ALL\n**Provenance du repère** : import\n**Adresse du site** : RESERVOIR D EAU DE VIC LE COMT\n**Numéro de département** : 63\n**Nom du site** : VIC_LE_COMTE\n**Coordonnées** : 45.636747, 3.235113\n[[https://www.google.com/maps?q=45.636747,3.235113|Google Maps 🌍]] · [[https://www.google.com/maps/@?api=1&map_action=pano&viewpoint=45.636747,3.235113|Street View]]\n**Déchèteries pro les plus proches** :\n[[https://www.google.com/maps?q=45.6466,3.2314|Déchèterie de Vic le Comte (VIC-LE-COMTE, 1.1 km)]] — 0473692382\n[[https://www.google.com/maps?q=45.6935,3.16097|Déchèterie de Veyre Monton (Veyre-Monton, 8.5 km)]] — 0473709287\n[[https://www.google.com/maps?q=45.5546,3.26724|Déchèterie d'Issoire (ISSOIRE, 9.5 km)]] — 0473893275\n[[https://www.google.com/maps/search/d%C3%A9ch%C3%A8terie/@45.636747,3.235113,12z|Toutes les déchèteries autour du site 🗑️]]",
    "origine": "import",
    "campagne": "Espaces Verts 2026 P2-SEE ALL",
    "towerco": "TOTEM",
    "ressources": "SEE ALL",
    "nom_site": "VIC_LE_COMTE",
    "adresse": "RESERVOIR D EAU DE VIC LE COMT",
    "departement": "63",
    "etat_terrain": "fait",
    "declare_par": "L K",
    "declare_le": "2026-09-23",
    "calque": "mp-ev-2026-p2-seeall",
    "code_fra": "FRA06300105",
    "acces_autonome": "a_confirmer",
    "acces_motif": "fiche d'accès vide",
    "_umap_options": {
     "color": "#15803D",
     "iconClass": "Default"
    }
   }
  },
  {
   "type": "Feature",
   "geometry": {
    "type": "Point",
    "coordinates": [
     3.226172,
     45.619139
    ]
   },
   "properties": {
    "name": "FRA06300106 — PARENT",
    "description": "**Verdict d'autonomie** : a_confirmer\n**Motif du verdict** : fiche d'accès vide\n**Déclaration du terrain** : fait\n**Auteur de la déclaration** : L K\n**Date de la déclaration** : 2026-09-23\n**Campagne d'appartenance** : Espaces Verts 2026 P2-SEE ALL\n**Donneur d'ordre de la campagne** : TOTEM\n**Colonne Ressources du périmètre** : SEE ALL\n**Provenance du repère** : import\n**Adresse du site** : Lieu-dit La Voisseiras D760, Route de Buron\n**Numéro de département** : 63\n**Nom du site** : PARENT\n**Coordonnées** : 45.619139, 3.226172\n[[https://www.google.com/maps?q=45.619139,3.226172|Google Maps 🌍]] · [[https://www.google.com/maps/@?api=1&map_action=pano&viewpoint=45.619139,3.226172|Street View]]\n**Déchèteries pro les plus proches** :\n[[https://www.google.com/maps?q=45.6466,3.2314|Déchèterie de Vic le Comte (VIC-LE-COMTE, 3.1 km)]] — 0473692382\n[[https://www.google.com/maps?q=45.5546,3.26724|Déchèterie d'Issoire (ISSOIRE, 7.9 km)]] — 0473893275\n[[https://www.google.com/maps?q=45.6935,3.16097|Déchèterie de Veyre Monton (Veyre-Monton, 9.7 km)]] — 0473709287\n[[https://www.google.com/maps/search/d%C3%A9ch%C3%A8terie/@45.619139,3.226172,12z|Toutes les déchèteries autour du site 🗑️]]",
    "origine": "import",
    "campagne": "Espaces Verts 2026 P2-SEE ALL",
    "towerco": "TOTEM",
    "ressources": "SEE ALL",
    "nom_site": "PARENT",
    "adresse": "Lieu-dit La Voisseiras D760, Route de Buron",
    "departement": "63",
    "etat_terrain": "fait",
    "declare_par": "L K",
    "declare_le": "2026-09-23",
    "calque": "mp-ev-2026-p2-seeall",
    "code_fra": "FRA06300106",
    "acces_autonome": "a_confirmer",
    "acces_motif": "fiche d'accès vide",
    "_umap_options": {
     "color": "#15803D",
     "iconClass": "Default"
    }
   }
  },
  {
   "type": "Feature",
   "geometry": {
    "type": "Point",
    "coordinates": [
     3.542084,
     45.861444
    ]
   },
   "properties": {
    "name": "FRA06300109 — THIERS_CENTRE_BIS",
    "description": "**Verdict d'autonomie** : a_confirmer\n**Motif du verdict** : fiche d'accès vide\n**Campagne d'appartenance** : Espaces Verts 2026 P2-SEE ALL\n**Donneur d'ordre de la campagne** : TOTEM\n**Colonne Ressources du périmètre** : SEE ALL\n**Provenance du repère** : import\n**Adresse du site** : Val de Thiers\n**Numéro de département** : 63\n**Nom du site** : THIERS_CENTRE_BIS\n**Coordonnées** : 45.861444, 3.542084\n[[https://www.google.com/maps?q=45.861444,3.542084|Google Maps 🌍]] · [[https://www.google.com/maps/@?api=1&map_action=pano&viewpoint=45.861444,3.542084|Street View]]\n**Déchèteries pro les plus proches** :\n[[https://www.google.com/maps?q=45.8352,3.51399|Decheterie de Thiers (THIERS, 3.6 km)]] — 0473801506\n[[https://www.google.com/maps?q=45.8819,3.59646|Déchèterie de Saint Rémy sur Durolle (Saint-Rémy-sur-Durolle, 4.8 km)]] — 0473801211\n[[https://www.google.com/maps?q=45.7657,3.54218|Déchèterie de Courpière (Courpière, 10.6 km)]] — 0473512512\n[[https://www.google.com/maps/search/d%C3%A9ch%C3%A8terie/@45.861444,3.542084,12z|Toutes les déchèteries autour du site 🗑️]]",
    "origine": "import",
    "campagne": "Espaces Verts 2026 P2-SEE ALL",
    "towerco": "TOTEM",
    "ressources": "SEE ALL",
    "nom_site": "THIERS_CENTRE_BIS",
    "adresse": "Val de Thiers",
    "departement": "63",
    "calque": "mp-ev-2026-p2-seeall",
    "code_fra": "FRA06300109",
    "acces_autonome": "a_confirmer",
    "acces_motif": "fiche d'accès vide",
    "_umap_options": {
     "color": "#67718A",
     "iconClass": "Default"
    }
   }
  },
  {
   "type": "Feature",
   "geometry": {
    "type": "Point",
    "coordinates": [
     3.502607,
     45.855157
    ]
   },
   "properties": {
    "name": "FRA06300110 — PRADOUX",
    "description": "**Verdict d'autonomie** : a_confirmer\n**Motif du verdict** : fiche d'accès vide\n**Campagne d'appartenance** : Espaces Verts 2026 P2-SEE ALL\n**Donneur d'ordre de la campagne** : TOTEM\n**Colonne Ressources du périmètre** : SEE ALL\n**Provenance du repère** : import\n**Adresse du site** : 9997 Zone industrielle de Felet\n**Numéro de département** : 63\n**Nom du site** : PRADOUX\n**Coordonnées** : 45.855157, 3.502607\n[[https://www.google.com/maps?q=45.855157,3.502607|Google Maps 🌍]] · [[https://www.google.com/maps/@?api=1&map_action=pano&viewpoint=45.855157,3.502607|Street View]]\n**Déchèteries pro les plus proches** :\n[[https://www.google.com/maps?q=45.8352,3.51399|Decheterie de Thiers (THIERS, 2.4 km)]] — 0473801506\n[[https://www.google.com/maps?q=45.8819,3.59646|Déchèterie de Saint Rémy sur Durolle (Saint-Rémy-sur-Durolle, 7.9 km)]] — 0473801211\n[[https://www.google.com/maps?q=45.8175,3.38385|Pôle de valorisation de Lezoux (Lezoux, 10.1 km)]] — 0473626928\n[[https://www.google.com/maps/search/d%C3%A9ch%C3%A8terie/@45.855157,3.502607,12z|Toutes les déchèteries autour du site 🗑️]]",
    "origine": "import",
    "campagne": "Espaces Verts 2026 P2-SEE ALL",
    "towerco": "TOTEM",
    "ressources": "SEE ALL",
    "nom_site": "PRADOUX",
    "adresse": "9997 Zone industrielle de Felet",
    "departement": "63",
    "calque": "mp-ev-2026-p2-seeall",
    "code_fra": "FRA06300110",
    "acces_autonome": "a_confirmer",
    "acces_motif": "fiche d'accès vide",
    "_umap_options": {
     "color": "#67718A",
     "iconClass": "Default"
    }
   }
  },
  {
   "type": "Feature",
   "geometry": {
    "type": "Point",
    "coordinates": [
     3.359936,
     46.022119
    ]
   },
   "properties": {
    "name": "FRA06300111 — RANDAN",
    "description": "**Verdict d'autonomie** : a_confirmer\n**Motif du verdict** : fiche d'accès vide\n**Campagne d'appartenance** : Espaces Verts 2026 P2-SEE ALL\n**Donneur d'ordre de la campagne** : TOTEM\n**Colonne Ressources du périmètre** : SEE ALL\n**Provenance du repère** : import\n**Adresse du site** : Lieu-dit Les Charmes\n**Numéro de département** : 63\n**Nom du site** : RANDAN\n**Coordonnées** : 46.022119, 3.359936\n[[https://www.google.com/maps?q=46.022119,3.359936|Google Maps 🌍]] · [[https://www.google.com/maps/@?api=1&map_action=pano&viewpoint=46.022119,3.359936|Street View]]\n**Déchèteries pro les plus proches** :\n[[https://www.google.com/maps?q=46.0756,3.46009|Déchèterie de Saint Yorre (Saint-Yorre, 9.8 km)]] — 0685017215\n[[https://www.google.com/maps?q=45.9244,3.3426|Déchèterie de Maringues (Maringues, 10.9 km)]] — 0473792268\n[[https://www.google.com/maps?q=45.9501,3.48088|Déchèterie de Puy-guillaume (Puy-Guillaume, 12.3 km)]] — 0473946739\n[[https://www.google.com/maps/search/d%C3%A9ch%C3%A8terie/@46.022119,3.359936,12z|Toutes les déchèteries autour du site 🗑️]]",
    "origine": "import",
    "campagne": "Espaces Verts 2026 P2-SEE ALL",
    "towerco": "TOTEM",
    "ressources": "SEE ALL",
    "nom_site": "RANDAN",
    "adresse": "Lieu-dit Les Charmes",
    "departement": "63",
    "calque": "mp-ev-2026-p2-seeall",
    "code_fra": "FRA06300111",
    "acces_autonome": "a_confirmer",
    "acces_motif": "fiche d'accès vide",
    "_umap_options": {
     "color": "#67718A",
     "iconClass": "Default"
    }
   }
  },
  {
   "type": "Feature",
   "geometry": {
    "type": "Point",
    "coordinates": [
     3.275111,
     45.419258
    ]
   },
   "properties": {
    "name": "FRA06300114 — CHARBONNIER_LES_MINES_A75",
    "description": "**Verdict d'autonomie** : a_confirmer\n**Motif du verdict** : fiche d'accès vide\n**Déclaration du terrain** : fait\n**Auteur de la déclaration** : L K\n**Date de la déclaration** : 2026-09-23\n**Campagne d'appartenance** : Espaces Verts 2026 P2-SEE ALL\n**Donneur d'ordre de la campagne** : TOTEM\n**Colonne Ressources du périmètre** : SEE ALL\n**Provenance du repère** : import\n**Adresse du site** : Chemin de la Chaux\n**Numéro de département** : 63\n**Nom du site** : CHARBONNIER_LES_MINES_A75\n**Coordonnées** : 45.419258, 3.275111\n[[https://www.google.com/maps?q=45.419258,3.275111|Google Maps 🌍]] · [[https://www.google.com/maps/@?api=1&map_action=pano&viewpoint=45.419258,3.275111|Street View]]\n**Déchèteries pro les plus proches** :\n[[https://www.google.com/maps?q=45.4191,3.33776|Déchèterie de Brassac (Brassac les mines, 4.9 km)]] — 0473542348\n[[https://www.google.com/maps?q=45.3776,3.11747|Déchèterie de la Planove Ardres-sur-couze (Ardes, 13.2 km)]]\n[[https://www.google.com/maps?q=45.3111,3.37105|Déchèterie de Brioude (BRIOUDE, 14.2 km)]] — 0471749551\n[[https://www.google.com/maps/search/d%C3%A9ch%C3%A8terie/@45.419258,3.275111,12z|Toutes les déchèteries autour du site 🗑️]]",
    "origine": "import",
    "campagne": "Espaces Verts 2026 P2-SEE ALL",
    "towerco": "TOTEM",
    "ressources": "SEE ALL",
    "nom_site": "CHARBONNIER_LES_MINES_A75",
    "adresse": "Chemin de la Chaux",
    "departement": "63",
    "etat_terrain": "fait",
    "declare_par": "L K",
    "declare_le": "2026-09-23",
    "calque": "mp-ev-2026-p2-seeall",
    "code_fra": "FRA06300114",
    "acces_autonome": "a_confirmer",
    "acces_motif": "fiche d'accès vide",
    "_umap_options": {
     "color": "#15803D",
     "iconClass": "Default"
    }
   }
  },
  {
   "type": "Feature",
   "geometry": {
    "type": "Point",
    "coordinates": [
     3.32694,
     45.914442
    ]
   },
   "properties": {
    "name": "FRA06300115 — MARINGUES",
    "description": "**Verdict d'autonomie** : a_confirmer\n**Motif du verdict** : fiche d'accès vide\n**Campagne d'appartenance** : Espaces Verts 2026 P2-SEE ALL\n**Donneur d'ordre de la campagne** : TOTEM\n**Colonne Ressources du périmètre** : SEE ALL\n**Provenance du repère** : import\n**Adresse du site** : Route de Riom\n**Numéro de département** : 63\n**Nom du site** : MARINGUES\n**Coordonnées** : 45.914442, 3.326940\n[[https://www.google.com/maps?q=45.914442,3.326940|Google Maps 🌍]] · [[https://www.google.com/maps/@?api=1&map_action=pano&viewpoint=45.914442,3.326940|Street View]]\n**Déchèteries pro les plus proches** :\n[[https://www.google.com/maps?q=45.9244,3.3426|Déchèterie de Maringues (Maringues, 1.6 km)]] — 0473792268\n[[https://www.google.com/maps?q=45.9061,3.25155|Déchèterie de Ennezat (Ennezat, 5.9 km)]] — 0473648355\n[[https://www.google.com/maps?q=45.8175,3.38385|Pôle de valorisation de Lezoux (Lezoux, 11.6 km)]] — 0473626928\n[[https://www.google.com/maps/search/d%C3%A9ch%C3%A8terie/@45.914442,3.326940,12z|Toutes les déchèteries autour du site 🗑️]]",
    "origine": "import",
    "campagne": "Espaces Verts 2026 P2-SEE ALL",
    "towerco": "TOTEM",
    "ressources": "SEE ALL",
    "nom_site": "MARINGUES",
    "adresse": "Route de Riom",
    "departement": "63",
    "calque": "mp-ev-2026-p2-seeall",
    "code_fra": "FRA06300115",
    "acces_autonome": "a_confirmer",
    "acces_motif": "fiche d'accès vide",
    "_umap_options": {
     "color": "#67718A",
     "iconClass": "Default"
    }
   }
  },
  {
   "type": "Feature",
   "geometry": {
    "type": "Point",
    "coordinates": [
     3.155438,
     45.811812
    ]
   },
   "properties": {
    "name": "FRA06300116 — PATURAL",
    "description": "**Verdict d'autonomie** : a_confirmer\n**Motif du verdict** : fiche d'accès vide\n**Campagne d'appartenance** : Espaces Verts 2026 P2-SEE ALL\n**Donneur d'ordre de la campagne** : TOTEM\n**Colonne Ressources du périmètre** : SEE ALL\n**Provenance du repère** : import\n**Adresse du site** : Lieu dit Pradoux\n**Numéro de département** : 63\n**Nom du site** : PATURAL\n**Coordonnées** : 45.811812, 3.155438\n[[https://www.google.com/maps?q=45.811812,3.155438|Google Maps 🌍]] · [[https://www.google.com/maps/@?api=1&map_action=pano&viewpoint=45.811812,3.155438|Street View]]\n**Déchèteries pro les plus proches** :\n[[https://www.google.com/maps?q=45.8255,3.13467|Déchèterie de Gerzat (Gerzat, 2.2 km)]] — 0463669530\n[[https://www.google.com/maps?q=45.7965,3.12879|Déchèterie de Gravanches Clermont-ferrand (Clermont-Ferrand, 2.7 km)]] — 0473248920\n[[https://www.google.com/maps?q=45.8271,3.06482|Déchèterie de Blanzat (BLANZAT, 7.2 km)]] — 0473876350\n[[https://www.google.com/maps/search/d%C3%A9ch%C3%A8terie/@45.811812,3.155438,12z|Toutes les déchèteries autour du site 🗑️]]",
    "origine": "import",
    "campagne": "Espaces Verts 2026 P2-SEE ALL",
    "towerco": "TOTEM",
    "ressources": "SEE ALL",
    "nom_site": "PATURAL",
    "adresse": "Lieu dit Pradoux",
    "departement": "63",
    "calque": "mp-ev-2026-p2-seeall",
    "code_fra": "FRA06300116",
    "acces_autonome": "a_confirmer",
    "acces_motif": "fiche d'accès vide",
    "_umap_options": {
     "color": "#67718A",
     "iconClass": "Default"
    }
   }
  },
  {
   "type": "Feature",
   "geometry": {
    "type": "Point",
    "coordinates": [
     3.185091,
     45.840833
    ]
   },
   "properties": {
    "name": "FRA06300117 — LES_MARTRES",
    "description": "**Verdict d'autonomie** : a_confirmer\n**Motif du verdict** : fiche d'accès vide\n**Campagne d'appartenance** : Espaces Verts 2026 P2-SEE ALL\n**Donneur d'ordre de la campagne** : TOTEM\n**Colonne Ressources du périmètre** : SEE ALL\n**Provenance du repère** : import\n**Adresse du site** : Lieu dit la Pegoire\n**Numéro de département** : 63\n**Nom du site** : LES_MARTRES\n**Coordonnées** : 45.840833, 3.185091\n[[https://www.google.com/maps?q=45.840833,3.185091|Google Maps 🌍]] · [[https://www.google.com/maps/@?api=1&map_action=pano&viewpoint=45.840833,3.185091|Street View]]\n**Déchèteries pro les plus proches** :\n[[https://www.google.com/maps?q=45.8255,3.13467|Déchèterie de Gerzat (Gerzat, 4.3 km)]] — 0463669530\n[[https://www.google.com/maps?q=45.7965,3.12879|Déchèterie de Gravanches Clermont-ferrand (Clermont-Ferrand, 6.6 km)]] — 0473248920\n[[https://www.google.com/maps?q=45.7823,3.23804|Déchèterie de Pont du Chateau (PONT DU CHATEAU, 7.7 km)]]\n[[https://www.google.com/maps/search/d%C3%A9ch%C3%A8terie/@45.840833,3.185091,12z|Toutes les déchèteries autour du site 🗑️]]",
    "origine": "import",
    "campagne": "Espaces Verts 2026 P2-SEE ALL",
    "towerco": "TOTEM",
    "ressources": "SEE ALL",
    "nom_site": "LES_MARTRES",
    "adresse": "Lieu dit la Pegoire",
    "departement": "63",
    "calque": "mp-ev-2026-p2-seeall",
    "code_fra": "FRA06300117",
    "acces_autonome": "a_confirmer",
    "acces_motif": "fiche d'accès vide",
    "_umap_options": {
     "color": "#67718A",
     "iconClass": "Default"
    }
   }
  },
  {
   "type": "Feature",
   "geometry": {
    "type": "Point",
    "coordinates": [
     3.14453,
     45.840925
    ]
   },
   "properties": {
    "name": "FRA06300118 — GERZAT_IRIS",
    "description": "**Verdict d'autonomie** : a_confirmer\n**Motif du verdict** : fiche d'accès vide\n**Déclaration du terrain** : fait\n**Auteur de la déclaration** : L K\n**Date de la déclaration** : 2026-09-25\n**Campagne d'appartenance** : Espaces Verts 2026 P2-SEE ALL\n**Donneur d'ordre de la campagne** : TOTEM\n**Colonne Ressources du périmètre** : SEE ALL\n**Provenance du repère** : import\n**Adresse du site** : Rue du Sund du Puy\n**Numéro de département** : 63\n**Nom du site** : GERZAT_IRIS\n**Coordonnées** : 45.840925, 3.144530\n[[https://www.google.com/maps?q=45.840925,3.144530|Google Maps 🌍]] · [[https://www.google.com/maps/@?api=1&map_action=pano&viewpoint=45.840925,3.144530|Street View]]\n**Déchèteries pro les plus proches** :\n[[https://www.google.com/maps?q=45.8255,3.13467|Déchèterie de Gerzat (Gerzat, 1.9 km)]] — 0463669530\n[[https://www.google.com/maps?q=45.7965,3.12879|Déchèterie de Gravanches Clermont-ferrand (Clermont-Ferrand, 5.1 km)]] — 0473248920\n[[https://www.google.com/maps?q=45.8271,3.06482|Déchèterie de Blanzat (BLANZAT, 6.4 km)]] — 0473876350\n[[https://www.google.com/maps/search/d%C3%A9ch%C3%A8terie/@45.840925,3.144530,12z|Toutes les déchèteries autour du site 🗑️]]",
    "origine": "import",
    "campagne": "Espaces Verts 2026 P2-SEE ALL",
    "towerco": "TOTEM",
    "ressources": "SEE ALL",
    "nom_site": "GERZAT_IRIS",
    "adresse": "Rue du Sund du Puy",
    "departement": "63",
    "etat_terrain": "fait",
    "declare_par": "L K",
    "declare_le": "2026-09-25",
    "calque": "mp-ev-2026-p2-seeall",
    "code_fra": "FRA06300118",
    "acces_autonome": "a_confirmer",
    "acces_motif": "fiche d'accès vide",
    "_umap_options": {
     "color": "#15803D",
     "iconClass": "Default"
    }
   }
  },
  {
   "type": "Feature",
   "geometry": {
    "type": "Point",
    "coordinates": [
     3.167481,
     45.773548
    ]
   },
   "properties": {
    "name": "FRA06300121 — CLT_GANDAILLAT_BIS",
    "description": "**Verdict d'autonomie** : a_confirmer\n**Motif du verdict** : fiche d'accès vide\n**Campagne d'appartenance** : Espaces Verts 2026 P2-SEE ALL\n**Donneur d'ordre de la campagne** : TOTEM\n**Colonne Ressources du périmètre** : SEE ALL\n**Provenance du repère** : import\n**Adresse du site** : LES DEBAS NORD\n**Numéro de département** : 63\n**Nom du site** : CLT_GANDAILLAT_BIS\n**Coordonnées** : 45.773548, 3.167481\n[[https://www.google.com/maps?q=45.773548,3.167481|Google Maps 🌍]] · [[https://www.google.com/maps/@?api=1&map_action=pano&viewpoint=45.773548,3.167481|Street View]]\n**Déchèteries pro les plus proches** :\n[[https://www.google.com/maps?q=45.7965,3.12879|Déchèterie de Gravanches Clermont-ferrand (Clermont-Ferrand, 3.9 km)]] — 0473248920\n[[https://www.google.com/maps?q=45.7397,3.19798|Déchèterie de Cournon (COURNON-D'AUVERGNE, 4.4 km)]] — 0473844344\n[[https://www.google.com/maps?q=45.7823,3.23804|Déchèterie de Pont du Chateau (PONT DU CHATEAU, 5.6 km)]]\n[[https://www.google.com/maps/search/d%C3%A9ch%C3%A8terie/@45.773548,3.167481,12z|Toutes les déchèteries autour du site 🗑️]]",
    "origine": "import",
    "campagne": "Espaces Verts 2026 P2-SEE ALL",
    "towerco": "TOTEM",
    "ressources": "SEE ALL",
    "nom_site": "CLT_GANDAILLAT_BIS",
    "adresse": "LES DEBAS NORD",
    "departement": "63",
    "calque": "mp-ev-2026-p2-seeall",
    "code_fra": "FRA06300121",
    "acces_autonome": "a_confirmer",
    "acces_motif": "fiche d'accès vide",
    "_umap_options": {
     "color": "#67718A",
     "iconClass": "Default"
    }
   }
  },
  {
   "type": "Feature",
   "geometry": {
    "type": "Point",
    "coordinates": [
     2.575271,
     45.85694
    ]
   },
   "properties": {
    "name": "FRA06300122 — CONDAT_EN_COMBRAILLES",
    "description": "**Verdict d'autonomie** : a_confirmer\n**Motif du verdict** : fiche d'accès vide\n**Déclaration du terrain** : fait\n**Auteur de la déclaration** : L K\n**Date de la déclaration** : 2026-09-17\n**Campagne d'appartenance** : Espaces Verts 2026 P2-SEE ALL\n**Donneur d'ordre de la campagne** : TOTEM\n**Colonne Ressources du périmètre** : SEE ALL\n**Provenance du repère** : import\n**Adresse du site** : ZA La COUV Site FT - Voie communale prés du croisement D108/D941\n**Numéro de département** : 63\n**Nom du site** : CONDAT_EN_COMBRAILLES\n**Coordonnées** : 45.856940, 2.575271\n[[https://www.google.com/maps?q=45.856940,2.575271|Google Maps 🌍]] · [[https://www.google.com/maps/@?api=1&map_action=pano&viewpoint=45.856940,2.575271|Street View]]\n**Déchèteries pro les plus proches** :\n[[https://www.google.com/maps?q=45.8531,2.69929|Déchèterie de Pontaumur (Pontaumur, 9.6 km)]] — 0473797889\n[[https://www.google.com/maps?q=45.8097,2.46898|Déchèterie de Giat (Giat, 9.8 km)]] — 0473217772\n[[https://www.google.com/maps?q=45.7383,2.57662|Déchèterie de Saint Germain Pres Herment (Saint-Germain-près-Herment, 13.2 km)]] — 0473221548\n[[https://www.google.com/maps/search/d%C3%A9ch%C3%A8terie/@45.856940,2.575271,12z|Toutes les déchèteries autour du site 🗑️]]",
    "origine": "import",
    "campagne": "Espaces Verts 2026 P2-SEE ALL",
    "towerco": "TOTEM",
    "ressources": "SEE ALL",
    "nom_site": "CONDAT_EN_COMBRAILLES",
    "adresse": "ZA La COUV Site FT - Voie communale prés du croisement D108/D941",
    "departement": "63",
    "etat_terrain": "fait",
    "declare_par": "L K",
    "declare_le": "2026-09-17",
    "calque": "mp-ev-2026-p2-seeall",
    "code_fra": "FRA06300122",
    "acces_autonome": "a_confirmer",
    "acces_motif": "fiche d'accès vide",
    "_umap_options": {
     "color": "#15803D",
     "iconClass": "Default"
    }
   }
  },
  {
   "type": "Feature",
   "geometry": {
    "type": "Point",
    "coordinates": [
     2.808319,
     46.022497
    ]
   },
   "properties": {
    "name": "FRA06300125 — ST_GERVAIS_D_AUVERGNE",
    "description": "**Verdict d'autonomie** : a_confirmer\n**Motif du verdict** : fiche d'accès vide\n**Déclaration du terrain** : fait\n**Auteur de la déclaration** : L K\n**Date de la déclaration** : 2026-09-16\n**Campagne d'appartenance** : Espaces Verts 2026 P2-SEE ALL\n**Donneur d'ordre de la campagne** : TOTEM\n**Colonne Ressources du périmètre** : SEE ALL\n**Provenance du repère** : import\n**Adresse du site** : CHATEAU D EAU SIAEP\n**Numéro de département** : 63\n**Nom du site** : ST_GERVAIS_D_AUVERGNE\n**Coordonnées** : 46.022497, 2.808319\n[[https://www.google.com/maps?q=46.022497,2.808319|Google Maps 🌍]] · [[https://www.google.com/maps/@?api=1&map_action=pano&viewpoint=46.022497,2.808319|Street View]]\n**Déchèteries pro les plus proches** :\n[[https://www.google.com/maps?q=46.0274,2.80271|Decheterie de Saint Gervais d'Auvergne (Saint-Gervais-D'Auvergne, 0.7 km)]] — 0473858949\n[[https://www.google.com/maps?q=45.9906,2.92755|Déchèterie  Saint Angel (Saint-Angel, 9.9 km)]] — 0473647444\n[[https://www.google.com/maps?q=45.9295,2.82151|Déchèterie les Ancizes-comps (Les Ancizes-Comps, 10.4 km)]] — 0473976509\n[[https://www.google.com/maps/search/d%C3%A9ch%C3%A8terie/@46.022497,2.808319,12z|Toutes les déchèteries autour du site 🗑️]]",
    "origine": "import",
    "campagne": "Espaces Verts 2026 P2-SEE ALL",
    "towerco": "TOTEM",
    "ressources": "SEE ALL",
    "nom_site": "ST_GERVAIS_D_AUVERGNE",
    "adresse": "CHATEAU D EAU SIAEP",
    "departement": "63",
    "etat_terrain": "fait",
    "declare_par": "L K",
    "declare_le": "2026-09-16",
    "calque": "mp-ev-2026-p2-seeall",
    "code_fra": "FRA06300125",
    "acces_autonome": "a_confirmer",
    "acces_motif": "fiche d'accès vide",
    "_umap_options": {
     "color": "#15803D",
     "iconClass": "Default"
    }
   }
  },
  {
   "type": "Feature",
   "geometry": {
    "type": "Point",
    "coordinates": [
     2.801557,
     45.977333
    ]
   },
   "properties": {
    "name": "FRA06300126 — ND_RS_COUREIX_ORF",
    "description": "**Verdict d'autonomie** : a_confirmer\n**Motif du verdict** : fiche d'accès vide\n**Déclaration du terrain** : fait\n**Auteur de la déclaration** : L K\n**Date de la déclaration** : 2026-09-16\n**Campagne d'appartenance** : Espaces Verts 2026 P2-SEE ALL\n**Donneur d'ordre de la campagne** : TOTEM\n**Colonne Ressources du périmètre** : SEE ALL\n**Provenance du repère** : import\n**Adresse du site** : Lieu-dit Le Champ - RD 523\n**Numéro de département** : 63\n**Nom du site** : ND_RS_COUREIX_ORF\n**Coordonnées** : 45.977333, 2.801557\n[[https://www.google.com/maps?q=45.977333,2.801557|Google Maps 🌍]] · [[https://www.google.com/maps/@?api=1&map_action=pano&viewpoint=45.977333,2.801557|Street View]]\n**Déchèteries pro les plus proches** :\n[[https://www.google.com/maps?q=45.9295,2.82151|Déchèterie les Ancizes-comps (Les Ancizes-Comps, 5.5 km)]] — 0473976509\n[[https://www.google.com/maps?q=46.0274,2.80271|Decheterie de Saint Gervais d'Auvergne (Saint-Gervais-D'Auvergne, 5.6 km)]] — 0473858949\n[[https://www.google.com/maps?q=45.9906,2.92755|Déchèterie  Saint Angel (Saint-Angel, 9.8 km)]] — 0473647444\n[[https://www.google.com/maps/search/d%C3%A9ch%C3%A8terie/@45.977333,2.801557,12z|Toutes les déchèteries autour du site 🗑️]]",
    "origine": "import",
    "campagne": "Espaces Verts 2026 P2-SEE ALL",
    "towerco": "TOTEM",
    "ressources": "SEE ALL",
    "nom_site": "ND_RS_COUREIX_ORF",
    "adresse": "Lieu-dit Le Champ - RD 523",
    "departement": "63",
    "etat_terrain": "fait",
    "declare_par": "L K",
    "declare_le": "2026-09-16",
    "calque": "mp-ev-2026-p2-seeall",
    "code_fra": "FRA06300126",
    "acces_autonome": "a_confirmer",
    "acces_motif": "fiche d'accès vide",
    "_umap_options": {
     "color": "#15803D",
     "iconClass": "Default"
    }
   }
  },
  {
   "type": "Feature",
   "geometry": {
    "type": "Point",
    "coordinates": [
     3.03944,
     45.332771
    ]
   },
   "properties": {
    "name": "FRA06300129 — ZB2_ANZAT_LUGUET",
    "description": "**Verdict d'autonomie** : a_confirmer\n**Motif du verdict** : fiche d'accès vide\n**Déclaration du terrain** : fait\n**Auteur de la déclaration** : L K\n**Date de la déclaration** : 2026-09-22\n**Campagne d'appartenance** : Espaces Verts 2026 P2-SEE ALL\n**Donneur d'ordre de la campagne** : TOTEM\n**Colonne Ressources du périmètre** : SEE ALL\n**Provenance du repère** : import\n**Adresse du site** : Lieu-Dit Sur la Combe Voie Communale n°26 d Anzat\n**Numéro de département** : 63\n**Nom du site** : ZB2_ANZAT_LUGUET\n**Coordonnées** : 45.332771, 3.039440\n[[https://www.google.com/maps?q=45.332771,3.039440|Google Maps 🌍]] · [[https://www.google.com/maps/@?api=1&map_action=pano&viewpoint=45.332771,3.039440|Street View]]\n**Déchèteries pro les plus proches** :\n[[https://www.google.com/maps?q=45.3776,3.11747|Déchèterie de la Planove Ardres-sur-couze (Ardes, 7.9 km)]]\n[[https://www.google.com/maps?q=45.2609,3.19189|Déchèterie de Massiac (MASSIAC, 14.4 km)]] — 0471230711\n[[https://www.google.com/maps?q=45.1441,2.97886|Déchèterie de Neussargues (Neussargues-Moissac, 21.5 km)]] — 0471202262\n[[https://www.google.com/maps/search/d%C3%A9ch%C3%A8terie/@45.332771,3.039440,12z|Toutes les déchèteries autour du site 🗑️]]",
    "origine": "import",
    "campagne": "Espaces Verts 2026 P2-SEE ALL",
    "towerco": "TOTEM",
    "ressources": "SEE ALL",
    "nom_site": "ZB2_ANZAT_LUGUET",
    "adresse": "Lieu-Dit Sur la Combe Voie Communale n°26 d Anzat",
    "departement": "63",
    "etat_terrain": "fait",
    "declare_par": "L K",
    "declare_le": "2026-09-22",
    "calque": "mp-ev-2026-p2-seeall",
    "code_fra": "FRA06300129",
    "acces_autonome": "a_confirmer",
    "acces_motif": "fiche d'accès vide",
    "_umap_options": {
     "color": "#15803D",
     "iconClass": "Default"
    }
   }
  },
  {
   "type": "Feature",
   "geometry": {
    "type": "Point",
    "coordinates": [
     3.253496,
     45.82833
    ]
   },
   "properties": {
    "name": "FRA06300131 — PEAGE_DES_MARTRES",
    "description": "**Verdict d'autonomie** : a_confirmer\n**Motif du verdict** : fiche d'accès vide\n**Campagne d'appartenance** : Espaces Verts 2026 P2-SEE ALL\n**Donneur d'ordre de la campagne** : TOTEM\n**Colonne Ressources du périmètre** : SEE ALL\n**Provenance du repère** : import\n**Adresse du site** : LA SUCHARDE\n**Numéro de département** : 63\n**Nom du site** : PEAGE_DES_MARTRES\n**Coordonnées** : 45.828330, 3.253496\n[[https://www.google.com/maps?q=45.828330,3.253496|Google Maps 🌍]] · [[https://www.google.com/maps/@?api=1&map_action=pano&viewpoint=45.828330,3.253496|Street View]]\n**Déchèteries pro les plus proches** :\n[[https://www.google.com/maps?q=45.7823,3.23804|Déchèterie de Pont du Chateau (PONT DU CHATEAU, 5.3 km)]]\n[[https://www.google.com/maps?q=45.9061,3.25155|Déchèterie de Ennezat (Ennezat, 8.6 km)]] — 0473648355\n[[https://www.google.com/maps?q=45.8255,3.13467|Déchèterie de Gerzat (Gerzat, 9.2 km)]] — 0463669530\n[[https://www.google.com/maps/search/d%C3%A9ch%C3%A8terie/@45.828330,3.253496,12z|Toutes les déchèteries autour du site 🗑️]]",
    "origine": "import",
    "campagne": "Espaces Verts 2026 P2-SEE ALL",
    "towerco": "TOTEM",
    "ressources": "SEE ALL",
    "nom_site": "PEAGE_DES_MARTRES",
    "adresse": "LA SUCHARDE",
    "departement": "63",
    "calque": "mp-ev-2026-p2-seeall",
    "code_fra": "FRA06300131",
    "acces_autonome": "a_confirmer",
    "acces_motif": "fiche d'accès vide",
    "_umap_options": {
     "color": "#67718A",
     "iconClass": "Default"
    }
   }
  },
  {
   "type": "Feature",
   "geometry": {
    "type": "Point",
    "coordinates": [
     3.02059,
     46.054106
    ]
   },
   "properties": {
    "name": "FRA06300132 — ST_PARDOUX",
    "description": "**Verdict d'autonomie** : a_confirmer\n**Motif du verdict** : fiche d'accès vide\n**Déclaration du terrain** : fait\n**Auteur de la déclaration** : L K\n**Date de la déclaration** : 2026-09-16\n**Campagne d'appartenance** : Espaces Verts 2026 P2-SEE ALL\n**Donneur d'ordre de la campagne** : TOTEM\n**Colonne Ressources du périmètre** : SEE ALL\n**Provenance du repère** : import\n**Adresse du site** : Lieu-dit MALTESIES Site FT\n**Numéro de département** : 63\n**Nom du site** : ST_PARDOUX\n**Coordonnées** : 46.054106, 3.020590\n[[https://www.google.com/maps?q=46.054106,3.020590|Google Maps 🌍]] · [[https://www.google.com/maps/@?api=1&map_action=pano&viewpoint=46.054106,3.020590|Street View]]\n**Déchèteries pro les plus proches** :\n[[https://www.google.com/maps?q=45.9956,3.08882|Pôle de valorisation Combronde (Combronde, 8.4 km)]]\n[[https://www.google.com/maps?q=46.1177,3.0887|Déchèterie de Ebreuil (Ébreuil, 8.8 km)]] — 0673673672\n[[https://www.google.com/maps?q=45.9906,2.92755|Déchèterie  Saint Angel (Saint-Angel, 10.1 km)]] — 0473647444\n[[https://www.google.com/maps/search/d%C3%A9ch%C3%A8terie/@46.054106,3.020590,12z|Toutes les déchèteries autour du site 🗑️]]",
    "origine": "import",
    "campagne": "Espaces Verts 2026 P2-SEE ALL",
    "towerco": "TOTEM",
    "ressources": "SEE ALL",
    "nom_site": "ST_PARDOUX",
    "adresse": "Lieu-dit MALTESIES Site FT",
    "departement": "63",
    "etat_terrain": "fait",
    "declare_par": "L K",
    "declare_le": "2026-09-16",
    "calque": "mp-ev-2026-p2-seeall",
    "code_fra": "FRA06300132",
    "acces_autonome": "a_confirmer",
    "acces_motif": "fiche d'accès vide",
    "_umap_options": {
     "color": "#15803D",
     "iconClass": "Default"
    }
   }
  },
  {
   "type": "Feature",
   "geometry": {
    "type": "Point",
    "coordinates": [
     3.052222,
     45.708889
    ]
   },
   "properties": {
    "name": "FRA06300133 — VARENNES",
    "description": "**Verdict d'autonomie** : a_confirmer\n**Motif du verdict** : fiche d'accès vide\n**Déclaration du terrain** : fait\n**Auteur de la déclaration** : L K\n**Date de la déclaration** : 2026-09-24\n**Campagne d'appartenance** : Espaces Verts 2026 P2-SEE ALL\n**Donneur d'ordre de la campagne** : TOTEM\n**Colonne Ressources du périmètre** : SEE ALL\n**Provenance du repère** : import\n**Adresse du site** : RESERVOIR D EAU LDT TERNEIRE\n**Numéro de département** : 63\n**Nom du site** : VARENNES\n**Coordonnées** : 45.708889, 3.052222\n[[https://www.google.com/maps?q=45.708889,3.052222|Google Maps 🌍]] · [[https://www.google.com/maps/@?api=1&map_action=pano&viewpoint=45.708889,3.052222|Street View]]\n**Déchèteries pro les plus proches** :\n[[https://www.google.com/maps?q=45.7053,3.02121|Déchèterie de Theix Saint-genès (Saint-Genès-Champanelle, 2.4 km)]] — 0473873147\n[[https://www.google.com/maps?q=45.7431,3.10739|Déchèterie de Romagnat (ROMAGNAT, 5.7 km)]] — 0473449726\n[[https://www.google.com/maps?q=45.6935,3.16097|Déchèterie de Veyre Monton (Veyre-Monton, 8.6 km)]] — 0473709287\n[[https://www.google.com/maps/search/d%C3%A9ch%C3%A8terie/@45.708889,3.052222,12z|Toutes les déchèteries autour du site 🗑️]]",
    "origine": "import",
    "campagne": "Espaces Verts 2026 P2-SEE ALL",
    "towerco": "TOTEM",
    "ressources": "SEE ALL",
    "nom_site": "VARENNES",
    "adresse": "RESERVOIR D EAU LDT TERNEIRE",
    "departement": "63",
    "etat_terrain": "fait",
    "declare_par": "L K",
    "declare_le": "2026-09-24",
    "calque": "mp-ev-2026-p2-seeall",
    "code_fra": "FRA06300133",
    "acces_autonome": "a_confirmer",
    "acces_motif": "fiche d'accès vide",
    "_umap_options": {
     "color": "#15803D",
     "iconClass": "Default"
    }
   }
  },
  {
   "type": "Feature",
   "geometry": {
    "type": "Point",
    "coordinates": [
     3.074443,
     45.650551
    ]
   },
   "properties": {
    "name": "FRA06300134 — ST_SATURNIN_CHAPELLE",
    "description": "**Verdict d'autonomie** : a_confirmer\n**Motif du verdict** : fiche d'accès vide\n**Déclaration du terrain** : fait\n**Auteur de la déclaration** : L K\n**Date de la déclaration** : 2026-09-23\n**Campagne d'appartenance** : Espaces Verts 2026 P2-SEE ALL\n**Donneur d'ordre de la campagne** : TOTEM\n**Colonne Ressources du périmètre** : SEE ALL\n**Provenance du repère** : import\n**Adresse du site** : Lieu-dit Rieux Fourchat Chemin forestier du bois\n**Numéro de département** : 63\n**Nom du site** : ST_SATURNIN_CHAPELLE\n**Coordonnées** : 45.650551, 3.074443\n[[https://www.google.com/maps?q=45.650551,3.074443|Google Maps 🌍]] · [[https://www.google.com/maps/@?api=1&map_action=pano&viewpoint=45.650551,3.074443|Street View]]\n**Déchèteries pro les plus proches** :\n[[https://www.google.com/maps?q=45.7053,3.02121|Déchèterie de Theix Saint-genès (Saint-Genès-Champanelle, 7.4 km)]] — 0473873147\n[[https://www.google.com/maps?q=45.5803,3.09214|Déchèterie de Montaigut le Blanc (Montaigut-le-Blanc, 7.9 km)]] — 0473967211\n[[https://www.google.com/maps?q=45.6935,3.16097|Déchèterie de Veyre Monton (Veyre-Monton, 8.2 km)]] — 0473709287\n[[https://www.google.com/maps/search/d%C3%A9ch%C3%A8terie/@45.650551,3.074443,12z|Toutes les déchèteries autour du site 🗑️]]",
    "origine": "import",
    "campagne": "Espaces Verts 2026 P2-SEE ALL",
    "towerco": "TOTEM",
    "ressources": "SEE ALL",
    "nom_site": "ST_SATURNIN_CHAPELLE",
    "adresse": "Lieu-dit Rieux Fourchat Chemin forestier du bois",
    "departement": "63",
    "etat_terrain": "fait",
    "declare_par": "L K",
    "declare_le": "2026-09-23",
    "calque": "mp-ev-2026-p2-seeall",
    "code_fra": "FRA06300134",
    "acces_autonome": "a_confirmer",
    "acces_motif": "fiche d'accès vide",
    "_umap_options": {
     "color": "#15803D",
     "iconClass": "Default"
    }
   }
  },
  {
   "type": "Feature",
   "geometry": {
    "type": "Point",
    "coordinates": [
     3.367549,
     45.54747
    ]
   },
   "properties": {
    "name": "FRA06300135 — SAUXILLANGES",
    "description": "**Verdict d'autonomie** : a_confirmer\n**Motif du verdict** : fiche d'accès vide\n**Campagne d'appartenance** : Espaces Verts 2026 P2-SEE ALL\n**Donneur d'ordre de la campagne** : TOTEM\n**Colonne Ressources du périmètre** : SEE ALL\n**Provenance du repère** : import\n**Adresse du site** : Lieu-dit Complexe Sportif\n**Numéro de département** : 63\n**Nom du site** : SAUXILLANGES\n**Coordonnées** : 45.547470, 3.367549\n[[https://www.google.com/maps?q=45.547470,3.367549|Google Maps 🌍]] · [[https://www.google.com/maps/@?api=1&map_action=pano&viewpoint=45.547470,3.367549|Street View]]\n**Déchèteries pro les plus proches** :\n[[https://www.google.com/maps?q=45.5516,3.36848|Déchèterie de Sauxillanges (SAUXILLANGES, 0.5 km)]] — 0473968892\n[[https://www.google.com/maps?q=45.5546,3.26724|Déchèterie d'Issoire (ISSOIRE, 7.9 km)]] — 0473893275\n[[https://www.google.com/maps?q=45.4191,3.33776|Déchèterie de Brassac (Brassac les mines, 14.5 km)]] — 0473542348\n[[https://www.google.com/maps/search/d%C3%A9ch%C3%A8terie/@45.547470,3.367549,12z|Toutes les déchèteries autour du site 🗑️]]",
    "origine": "import",
    "campagne": "Espaces Verts 2026 P2-SEE ALL",
    "towerco": "TOTEM",
    "ressources": "SEE ALL",
    "nom_site": "SAUXILLANGES",
    "adresse": "Lieu-dit Complexe Sportif",
    "departement": "63",
    "calque": "mp-ev-2026-p2-seeall",
    "code_fra": "FRA06300135",
    "acces_autonome": "a_confirmer",
    "acces_motif": "fiche d'accès vide",
    "_umap_options": {
     "color": "#67718A",
     "iconClass": "Default"
    }
   }
  },
  {
   "type": "Feature",
   "geometry": {
    "type": "Point",
    "coordinates": [
     3.256552,
     45.539494
    ]
   },
   "properties": {
    "name": "FRA06300140 — ISSOIRE_CENTRE",
    "description": "**Verdict d'autonomie** : a_confirmer\n**Motif du verdict** : fiche d'accès vide\n**Déclaration du terrain** : fait\n**Auteur de la déclaration** : L K\n**Date de la déclaration** : 2026-09-23\n**Campagne d'appartenance** : Espaces Verts 2026 P2-SEE ALL\n**Donneur d'ordre de la campagne** : TOTEM\n**Colonne Ressources du périmètre** : SEE ALL\n**Provenance du repère** : import\n**Adresse du site** : Rue Rolland Bonnard ZA Les Croisettes\n**Numéro de département** : 63\n**Nom du site** : ISSOIRE_CENTRE\n**Coordonnées** : 45.539494, 3.256552\n[[https://www.google.com/maps?q=45.539494,3.256552|Google Maps 🌍]] · [[https://www.google.com/maps/@?api=1&map_action=pano&viewpoint=45.539494,3.256552|Street View]]\n**Déchèteries pro les plus proches** :\n[[https://www.google.com/maps?q=45.5546,3.26724|Déchèterie d'Issoire (ISSOIRE, 1.9 km)]] — 0473893275\n[[https://www.google.com/maps?q=45.5516,3.36848|Déchèterie de Sauxillanges (SAUXILLANGES, 8.8 km)]] — 0473968892\n[[https://www.google.com/maps?q=45.6466,3.2314|Déchèterie de Vic le Comte (VIC-LE-COMTE, 12.1 km)]] — 0473692382\n[[https://www.google.com/maps/search/d%C3%A9ch%C3%A8terie/@45.539494,3.256552,12z|Toutes les déchèteries autour du site 🗑️]]",
    "origine": "import",
    "campagne": "Espaces Verts 2026 P2-SEE ALL",
    "towerco": "TOTEM",
    "ressources": "SEE ALL",
    "nom_site": "ISSOIRE_CENTRE",
    "adresse": "Rue Rolland Bonnard ZA Les Croisettes",
    "departement": "63",
    "etat_terrain": "fait",
    "declare_par": "L K",
    "declare_le": "2026-09-23",
    "calque": "mp-ev-2026-p2-seeall",
    "code_fra": "FRA06300140",
    "acces_autonome": "a_confirmer",
    "acces_motif": "fiche d'accès vide",
    "_umap_options": {
     "color": "#15803D",
     "iconClass": "Default"
    }
   }
  },
  {
   "type": "Feature",
   "geometry": {
    "type": "Point",
    "coordinates": [
     3.184237,
     45.542557
    ]
   },
   "properties": {
    "name": "FRA06300141 — PERRIER",
    "description": "**Verdict d'autonomie** : a_confirmer\n**Motif du verdict** : fiche d'accès vide\n**Déclaration du terrain** : fait\n**Auteur de la déclaration** : L K\n**Date de la déclaration** : 2026-09-23\n**Campagne d'appartenance** : Espaces Verts 2026 P2-SEE ALL\n**Donneur d'ordre de la campagne** : TOTEM\n**Colonne Ressources du périmètre** : SEE ALL\n**Provenance du repère** : import\n**Adresse du site** : PUY de MERCOEUR\n**Numéro de département** : 63\n**Nom du site** : PERRIER\n**Coordonnées** : 45.542557, 3.184237\n[[https://www.google.com/maps?q=45.542557,3.184237|Google Maps 🌍]] · [[https://www.google.com/maps/@?api=1&map_action=pano&viewpoint=45.542557,3.184237|Street View]]\n**Déchèteries pro les plus proches** :\n[[https://www.google.com/maps?q=45.5546,3.26724|Déchèterie d'Issoire (ISSOIRE, 6.6 km)]] — 0473893275\n[[https://www.google.com/maps?q=45.5803,3.09214|Déchèterie de Montaigut le Blanc (Montaigut-le-Blanc, 8.3 km)]] — 0473967211\n[[https://www.google.com/maps?q=45.6466,3.2314|Déchèterie de Vic le Comte (VIC-LE-COMTE, 12.1 km)]] — 0473692382\n[[https://www.google.com/maps/search/d%C3%A9ch%C3%A8terie/@45.542557,3.184237,12z|Toutes les déchèteries autour du site 🗑️]]",
    "origine": "import",
    "campagne": "Espaces Verts 2026 P2-SEE ALL",
    "towerco": "TOTEM",
    "ressources": "SEE ALL",
    "nom_site": "PERRIER",
    "adresse": "PUY de MERCOEUR",
    "departement": "63",
    "etat_terrain": "fait",
    "declare_par": "L K",
    "declare_le": "2026-09-23",
    "calque": "mp-ev-2026-p2-seeall",
    "code_fra": "FRA06300141",
    "acces_autonome": "a_confirmer",
    "acces_motif": "fiche d'accès vide",
    "_umap_options": {
     "color": "#15803D",
     "iconClass": "Default"
    }
   }
  },
  {
   "type": "Feature",
   "geometry": {
    "type": "Point",
    "coordinates": [
     3.146777,
     45.514799
    ]
   },
   "properties": {
    "name": "FRA06300142 — ND_RS_TOURZEL_RONZIERES_ORF",
    "description": "**Verdict d'autonomie** : a_confirmer\n**Motif du verdict** : fiche d'accès vide\n**Déclaration du terrain** : fait\n**Auteur de la déclaration** : L K\n**Date de la déclaration** : 2026-09-23\n**Campagne d'appartenance** : Espaces Verts 2026 P2-SEE ALL\n**Donneur d'ordre de la campagne** : TOTEM\n**Colonne Ressources du périmètre** : SEE ALL\n**Provenance du repère** : import\n**Adresse du site** : Lieu-dit Les Batisses, chemin du champ Pointu\n**Numéro de département** : 63\n**Nom du site** : ND_RS_TOURZEL_RONZIERES_ORF\n**Coordonnées** : 45.514799, 3.146777\n[[https://www.google.com/maps?q=45.514799,3.146777|Google Maps 🌍]] · [[https://www.google.com/maps/@?api=1&map_action=pano&viewpoint=45.514799,3.146777|Street View]]\n**Déchèteries pro les plus proches** :\n[[https://www.google.com/maps?q=45.5803,3.09214|Déchèterie de Montaigut le Blanc (Montaigut-le-Blanc, 8.4 km)]] — 0473967211\n[[https://www.google.com/maps?q=45.5546,3.26724|Déchèterie d'Issoire (ISSOIRE, 10.4 km)]] — 0473893275\n[[https://www.google.com/maps?q=45.3776,3.11747|Déchèterie de la Planove Ardres-sur-couze (Ardes, 15.4 km)]]\n[[https://www.google.com/maps/search/d%C3%A9ch%C3%A8terie/@45.514799,3.146777,12z|Toutes les déchèteries autour du site 🗑️]]",
    "origine": "import",
    "campagne": "Espaces Verts 2026 P2-SEE ALL",
    "towerco": "TOTEM",
    "ressources": "SEE ALL",
    "nom_site": "ND_RS_TOURZEL_RONZIERES_ORF",
    "adresse": "Lieu-dit Les Batisses, chemin du champ Pointu",
    "departement": "63",
    "etat_terrain": "fait",
    "declare_par": "L K",
    "declare_le": "2026-09-23",
    "calque": "mp-ev-2026-p2-seeall",
    "code_fra": "FRA06300142",
    "acces_autonome": "a_confirmer",
    "acces_motif": "fiche d'accès vide",
    "_umap_options": {
     "color": "#15803D",
     "iconClass": "Default"
    }
   }
  },
  {
   "type": "Feature",
   "geometry": {
    "type": "Point",
    "coordinates": [
     3.10135,
     45.702752
    ]
   },
   "properties": {
    "name": "FRA06300143 — OPME",
    "description": "**Verdict d'autonomie** : a_confirmer\n**Motif du verdict** : fiche d'accès vide\n**Déclaration du terrain** : fait\n**Auteur de la déclaration** : L K\n**Date de la déclaration** : 2026-09-24\n**Campagne d'appartenance** : Espaces Verts 2026 P2-SEE ALL\n**Donneur d'ordre de la campagne** : TOTEM\n**Colonne Ressources du périmètre** : SEE ALL\n**Provenance du repère** : import\n**Adresse du site** : Chemin DES VIGNES RIZOLLES NORD\n**Numéro de département** : 63\n**Nom du site** : OPME\n**Coordonnées** : 45.702752, 3.101350\n[[https://www.google.com/maps?q=45.702752,3.101350|Google Maps 🌍]] · [[https://www.google.com/maps/@?api=1&map_action=pano&viewpoint=45.702752,3.101350|Street View]]\n**Déchèteries pro les plus proches** :\n[[https://www.google.com/maps?q=45.7431,3.10739|Déchèterie de Romagnat (ROMAGNAT, 4.5 km)]] — 0473449726\n[[https://www.google.com/maps?q=45.6935,3.16097|Déchèterie de Veyre Monton (Veyre-Monton, 4.7 km)]] — 0473709287\n[[https://www.google.com/maps?q=45.7053,3.02121|Déchèterie de Theix Saint-genès (Saint-Genès-Champanelle, 6.2 km)]] — 0473873147\n[[https://www.google.com/maps/search/d%C3%A9ch%C3%A8terie/@45.702752,3.101350,12z|Toutes les déchèteries autour du site 🗑️]]",
    "origine": "import",
    "campagne": "Espaces Verts 2026 P2-SEE ALL",
    "towerco": "TOTEM",
    "ressources": "SEE ALL",
    "nom_site": "OPME",
    "adresse": "Chemin DES VIGNES RIZOLLES NORD",
    "departement": "63",
    "etat_terrain": "fait",
    "declare_par": "L K",
    "declare_le": "2026-09-24",
    "calque": "mp-ev-2026-p2-seeall",
    "code_fra": "FRA06300143",
    "acces_autonome": "a_confirmer",
    "acces_motif": "fiche d'accès vide",
    "_umap_options": {
     "color": "#15803D",
     "iconClass": "Default"
    }
   }
  },
  {
   "type": "Feature",
   "geometry": {
    "type": "Point",
    "coordinates": [
     3.084433,
     45.720275
    ]
   },
   "properties": {
    "name": "FRA06300145 — ROMAGNAT_OUEST",
    "description": "**Verdict d'autonomie** : a_confirmer\n**Motif du verdict** : fiche d'accès vide\n**Déclaration du terrain** : fait\n**Auteur de la déclaration** : L K\n**Date de la déclaration** : 2026-09-24\n**Campagne d'appartenance** : Espaces Verts 2026 P2-SEE ALL\n**Donneur d'ordre de la campagne** : TOTEM\n**Colonne Ressources du périmètre** : SEE ALL\n**Provenance du repère** : import\n**Adresse du site** : Chemin des Plantades\n**Numéro de département** : 63\n**Nom du site** : ROMAGNAT_OUEST\n**Coordonnées** : 45.720275, 3.084433\n[[https://www.google.com/maps?q=45.720275,3.084433|Google Maps 🌍]] · [[https://www.google.com/maps/@?api=1&map_action=pano&viewpoint=45.720275,3.084433|Street View]]\n**Déchèteries pro les plus proches** :\n[[https://www.google.com/maps?q=45.7431,3.10739|Déchèterie de Romagnat (ROMAGNAT, 3.1 km)]] — 0473449726\n[[https://www.google.com/maps?q=45.7053,3.02121|Déchèterie de Theix Saint-genès (Saint-Genès-Champanelle, 5.2 km)]] — 0473873147\n[[https://www.google.com/maps?q=45.6935,3.16097|Déchèterie de Veyre Monton (Veyre-Monton, 6.6 km)]] — 0473709287\n[[https://www.google.com/maps/search/d%C3%A9ch%C3%A8terie/@45.720275,3.084433,12z|Toutes les déchèteries autour du site 🗑️]]",
    "origine": "import",
    "campagne": "Espaces Verts 2026 P2-SEE ALL",
    "towerco": "TOTEM",
    "ressources": "SEE ALL",
    "nom_site": "ROMAGNAT_OUEST",
    "adresse": "Chemin des Plantades",
    "departement": "63",
    "etat_terrain": "fait",
    "declare_par": "L K",
    "declare_le": "2026-09-24",
    "calque": "mp-ev-2026-p2-seeall",
    "code_fra": "FRA06300145",
    "acces_autonome": "a_confirmer",
    "acces_motif": "fiche d'accès vide",
    "_umap_options": {
     "color": "#15803D",
     "iconClass": "Default"
    }
   }
  },
  {
   "type": "Feature",
   "geometry": {
    "type": "Point",
    "coordinates": [
     3.620686,
     45.885814
    ]
   },
   "properties": {
    "name": "FRA06300146 — LARMENTIER",
    "description": "**Verdict d'autonomie** : a_confirmer\n**Motif du verdict** : fiche d'accès vide\n**Campagne d'appartenance** : Espaces Verts 2026 P2-SEE ALL\n**Donneur d'ordre de la campagne** : TOTEM\n**Colonne Ressources du périmètre** : SEE ALL\n**Provenance du repère** : import\n**Adresse du site** : LA FONTANE\n**Numéro de département** : 63\n**Nom du site** : LARMENTIER\n**Coordonnées** : 45.885814, 3.620686\n[[https://www.google.com/maps?q=45.885814,3.620686|Google Maps 🌍]] · [[https://www.google.com/maps/@?api=1&map_action=pano&viewpoint=45.885814,3.620686|Street View]]\n**Déchèteries pro les plus proches** :\n[[https://www.google.com/maps?q=45.8819,3.59646|Déchèterie de Saint Rémy sur Durolle (Saint-Rémy-sur-Durolle, 1.9 km)]] — 0473801211\n[[https://www.google.com/maps?q=45.8352,3.51399|Decheterie de Thiers (THIERS, 10.0 km)]] — 0473801506\n[[https://www.google.com/maps?q=45.9501,3.48088|Déchèterie de Puy-guillaume (Puy-Guillaume, 13.0 km)]] — 0473946739\n[[https://www.google.com/maps/search/d%C3%A9ch%C3%A8terie/@45.885814,3.620686,12z|Toutes les déchèteries autour du site 🗑️]]",
    "origine": "import",
    "campagne": "Espaces Verts 2026 P2-SEE ALL",
    "towerco": "TOTEM",
    "ressources": "SEE ALL",
    "nom_site": "LARMENTIER",
    "adresse": "LA FONTANE",
    "departement": "63",
    "calque": "mp-ev-2026-p2-seeall",
    "code_fra": "FRA06300146",
    "acces_autonome": "a_confirmer",
    "acces_motif": "fiche d'accès vide",
    "_umap_options": {
     "color": "#67718A",
     "iconClass": "Default"
    }
   }
  },
  {
   "type": "Feature",
   "geometry": {
    "type": "Point",
    "coordinates": [
     2.909167,
     46.117778
    ]
   },
   "properties": {
    "name": "FRA06300147 — MENAT",
    "description": "**Verdict d'autonomie** : a_confirmer\n**Motif du verdict** : fiche d'accès vide\n**Déclaration du terrain** : fait\n**Auteur de la déclaration** : L K\n**Date de la déclaration** : 2026-09-16\n**Campagne d'appartenance** : Espaces Verts 2026 P2-SEE ALL\n**Donneur d'ordre de la campagne** : TOTEM\n**Colonne Ressources du périmètre** : SEE ALL\n**Provenance du repère** : import\n**Adresse du site** : Lieu-dit LACHAUX\n**Numéro de département** : 63\n**Nom du site** : MENAT\n**Coordonnées** : 46.117778, 2.909167\n[[https://www.google.com/maps?q=46.117778,2.909167|Google Maps 🌍]] · [[https://www.google.com/maps/@?api=1&map_action=pano&viewpoint=46.117778,2.909167|Street View]]\n**Déchèteries pro les plus proches** :\n[[https://www.google.com/maps?q=46.1687,2.84168|Déchèterie de Saint Eloy les Mines (Saint-Éloy-les-Mines, 7.7 km)]]\n[[https://www.google.com/maps?q=46.0274,2.80271|Decheterie de Saint Gervais d'Auvergne (Saint-Gervais-D'Auvergne, 13.0 km)]] — 0473858949\n[[https://www.google.com/maps?q=46.1177,3.0887|Déchèterie de Ebreuil (Ébreuil, 13.8 km)]] — 0673673672\n[[https://www.google.com/maps/search/d%C3%A9ch%C3%A8terie/@46.117778,2.909167,12z|Toutes les déchèteries autour du site 🗑️]]",
    "origine": "import",
    "campagne": "Espaces Verts 2026 P2-SEE ALL",
    "towerco": "TOTEM",
    "ressources": "SEE ALL",
    "nom_site": "MENAT",
    "adresse": "Lieu-dit LACHAUX",
    "departement": "63",
    "etat_terrain": "fait",
    "declare_par": "L K",
    "declare_le": "2026-09-16",
    "calque": "mp-ev-2026-p2-seeall",
    "code_fra": "FRA06300147",
    "acces_autonome": "a_confirmer",
    "acces_motif": "fiche d'accès vide",
    "_umap_options": {
     "color": "#15803D",
     "iconClass": "Default"
    }
   }
  },
  {
   "type": "Feature",
   "geometry": {
    "type": "Point",
    "coordinates": [
     3.276667,
     45.446667
    ]
   },
   "properties": {
    "name": "FRA06300148 — BREUIL_SUR_COUZE",
    "description": "**Verdict d'autonomie** : a_confirmer\n**Motif du verdict** : fiche d'accès vide\n**Déclaration du terrain** : fait\n**Auteur de la déclaration** : L K\n**Date de la déclaration** : 2026-09-23\n**Campagne d'appartenance** : Espaces Verts 2026 P2-SEE ALL\n**Donneur d'ordre de la campagne** : TOTEM\n**Colonne Ressources du périmètre** : SEE ALL\n**Provenance du repère** : import\n**Adresse du site** : Chemin du Querré\n**Numéro de département** : 63\n**Nom du site** : BREUIL_SUR_COUZE\n**Coordonnées** : 45.446667, 3.276667\n[[https://www.google.com/maps?q=45.446667,3.276667|Google Maps 🌍]] · [[https://www.google.com/maps/@?api=1&map_action=pano&viewpoint=45.446667,3.276667|Street View]]\n**Déchèteries pro les plus proches** :\n[[https://www.google.com/maps?q=45.4191,3.33776|Déchèterie de Brassac (Brassac les mines, 5.7 km)]] — 0473542348\n[[https://www.google.com/maps?q=45.5546,3.26724|Déchèterie d'Issoire (ISSOIRE, 12.0 km)]] — 0473893275\n[[https://www.google.com/maps?q=45.5516,3.36848|Déchèterie de Sauxillanges (SAUXILLANGES, 13.7 km)]] — 0473968892\n[[https://www.google.com/maps/search/d%C3%A9ch%C3%A8terie/@45.446667,3.276667,12z|Toutes les déchèteries autour du site 🗑️]]",
    "origine": "import",
    "campagne": "Espaces Verts 2026 P2-SEE ALL",
    "towerco": "TOTEM",
    "ressources": "SEE ALL",
    "nom_site": "BREUIL_SUR_COUZE",
    "adresse": "Chemin du Querré",
    "departement": "63",
    "etat_terrain": "fait",
    "declare_par": "L K",
    "declare_le": "2026-09-23",
    "calque": "mp-ev-2026-p2-seeall",
    "code_fra": "FRA06300148",
    "acces_autonome": "a_confirmer",
    "acces_motif": "fiche d'accès vide",
    "_umap_options": {
     "color": "#15803D",
     "iconClass": "Default"
    }
   }
  },
  {
   "type": "Feature",
   "geometry": {
    "type": "Point",
    "coordinates": [
     3.308555,
     45.439611
    ]
   },
   "properties": {
    "name": "FRA06300149 — AUZAT_LA_COMBELLE",
    "description": "**Verdict d'autonomie** : a_confirmer\n**Motif du verdict** : fiche d'accès vide\n**Déclaration du terrain** : fait\n**Auteur de la déclaration** : L K\n**Date de la déclaration** : 2026-09-23\n**Campagne d'appartenance** : Espaces Verts 2026 P2-SEE ALL\n**Donneur d'ordre de la campagne** : TOTEM\n**Colonne Ressources du périmètre** : SEE ALL\n**Provenance du repère** : import\n**Adresse du site** : Rampe du Château d'Eau\n**Numéro de département** : 63\n**Nom du site** : AUZAT_LA_COMBELLE\n**Coordonnées** : 45.439611, 3.308555\n[[https://www.google.com/maps?q=45.439611,3.308555|Google Maps 🌍]] · [[https://www.google.com/maps/@?api=1&map_action=pano&viewpoint=45.439611,3.308555|Street View]]\n**Déchèteries pro les plus proches** :\n[[https://www.google.com/maps?q=45.4191,3.33776|Déchèterie de Brassac (Brassac les mines, 3.2 km)]] — 0473542348\n[[https://www.google.com/maps?q=45.5546,3.26724|Déchèterie d'Issoire (ISSOIRE, 13.2 km)]] — 0473893275\n[[https://www.google.com/maps?q=45.5516,3.36848|Déchèterie de Sauxillanges (SAUXILLANGES, 13.3 km)]] — 0473968892\n[[https://www.google.com/maps/search/d%C3%A9ch%C3%A8terie/@45.439611,3.308555,12z|Toutes les déchèteries autour du site 🗑️]]",
    "origine": "import",
    "campagne": "Espaces Verts 2026 P2-SEE ALL",
    "towerco": "TOTEM",
    "ressources": "SEE ALL",
    "nom_site": "AUZAT_LA_COMBELLE",
    "adresse": "Rampe du Château d'Eau",
    "departement": "63",
    "etat_terrain": "fait",
    "declare_par": "L K",
    "declare_le": "2026-09-23",
    "calque": "mp-ev-2026-p2-seeall",
    "code_fra": "FRA06300149",
    "acces_autonome": "a_confirmer",
    "acces_motif": "fiche d'accès vide",
    "_umap_options": {
     "color": "#15803D",
     "iconClass": "Default"
    }
   }
  },
  {
   "type": "Feature",
   "geometry": {
    "type": "Point",
    "coordinates": [
     3.465272,
     45.476384
    ]
   },
   "properties": {
    "name": "FRA06300150 — VERNET_LA_VARENNE",
    "description": "**Verdict d'autonomie** : a_confirmer\n**Motif du verdict** : fiche d'accès vide\n**Campagne d'appartenance** : Espaces Verts 2026 P2-SEE ALL\n**Donneur d'ordre de la campagne** : TOTEM\n**Colonne Ressources du périmètre** : SEE ALL\n**Provenance du repère** : import\n**Adresse du site** : Lieu-dit Pylône FT - (C1) - VERNET LA VARENNE\n**Numéro de département** : 63\n**Nom du site** : VERNET_LA_VARENNE\n**Coordonnées** : 45.476384, 3.465272\n[[https://www.google.com/maps?q=45.476384,3.465272|Google Maps 🌍]] · [[https://www.google.com/maps/@?api=1&map_action=pano&viewpoint=45.476384,3.465272|Street View]]\n**Déchèteries pro les plus proches** :\n[[https://www.google.com/maps?q=45.5516,3.36848|Déchèterie de Sauxillanges (SAUXILLANGES, 11.3 km)]] — 0473968892\n[[https://www.google.com/maps?q=45.4191,3.33776|Déchèterie de Brassac (Brassac les mines, 11.8 km)]] — 0473542348\n[[https://www.google.com/maps?q=45.5546,3.26724|Déchèterie d'Issoire (ISSOIRE, 17.7 km)]] — 0473893275\n[[https://www.google.com/maps/search/d%C3%A9ch%C3%A8terie/@45.476384,3.465272,12z|Toutes les déchèteries autour du site 🗑️]]",
    "origine": "import",
    "campagne": "Espaces Verts 2026 P2-SEE ALL",
    "towerco": "TOTEM",
    "ressources": "SEE ALL",
    "nom_site": "VERNET_LA_VARENNE",
    "adresse": "Lieu-dit Pylône FT - (C1) - VERNET LA VARENNE",
    "departement": "63",
    "calque": "mp-ev-2026-p2-seeall",
    "code_fra": "FRA06300150",
    "acces_autonome": "a_confirmer",
    "acces_motif": "fiche d'accès vide",
    "_umap_options": {
     "color": "#67718A",
     "iconClass": "Default"
    }
   }
  },
  {
   "type": "Feature",
   "geometry": {
    "type": "Point",
    "coordinates": [
     3.557848,
     45.640173
    ]
   },
   "properties": {
    "name": "FRA06300151 — CUNLHAT",
    "description": "**Verdict d'autonomie** : a_confirmer\n**Motif du verdict** : fiche d'accès vide\n**Campagne d'appartenance** : Espaces Verts 2026 P2-SEE ALL\n**Donneur d'ordre de la campagne** : TOTEM\n**Colonne Ressources du périmètre** : SEE ALL\n**Provenance du repère** : import\n**Adresse du site** : Lieu-dit ROUSSY\n**Numéro de département** : 63\n**Nom du site** : CUNLHAT\n**Coordonnées** : 45.640173, 3.557848\n[[https://www.google.com/maps?q=45.640173,3.557848|Google Maps 🌍]] · [[https://www.google.com/maps/@?api=1&map_action=pano&viewpoint=45.640173,3.557848|Street View]]\n**Déchèteries pro les plus proches** :\n[[https://www.google.com/maps?q=45.7657,3.54218|Déchèterie de Courpière (Courpière, 14.0 km)]] — 0473512512\n[[https://www.google.com/maps?q=45.5516,3.36848|Déchèterie de Sauxillanges (SAUXILLANGES, 17.7 km)]] — 0473968892\n[[https://www.google.com/maps?q=45.714,3.35215|Déchèterie de Billom (Montmorin, 18.0 km)]] — 0473620251\n[[https://www.google.com/maps/search/d%C3%A9ch%C3%A8terie/@45.640173,3.557848,12z|Toutes les déchèteries autour du site 🗑️]]",
    "origine": "import",
    "campagne": "Espaces Verts 2026 P2-SEE ALL",
    "towerco": "TOTEM",
    "ressources": "SEE ALL",
    "nom_site": "CUNLHAT",
    "adresse": "Lieu-dit ROUSSY",
    "departement": "63",
    "calque": "mp-ev-2026-p2-seeall",
    "code_fra": "FRA06300151",
    "acces_autonome": "a_confirmer",
    "acces_motif": "fiche d'accès vide",
    "_umap_options": {
     "color": "#67718A",
     "iconClass": "Default"
    }
   }
  },
  {
   "type": "Feature",
   "geometry": {
    "type": "Point",
    "coordinates": [
     3.577218,
     45.663606
    ]
   },
   "properties": {
    "name": "FRA06300152 — ZB2_TOURS_SUR_MEYMONT",
    "description": "**Verdict d'autonomie** : a_confirmer\n**Motif du verdict** : fiche d'accès vide\n**Campagne d'appartenance** : Espaces Verts 2026 P2-SEE ALL\n**Donneur d'ordre de la campagne** : TOTEM\n**Colonne Ressources du périmètre** : SEE ALL\n**Provenance du repère** : import\n**Adresse du site** : Lieu-dit L Oligne D.225 - Rte Dptale de Veyre-Monton\n**Numéro de département** : 63\n**Nom du site** : ZB2_TOURS_SUR_MEYMONT\n**Coordonnées** : 45.663606, 3.577218\n[[https://www.google.com/maps?q=45.663606,3.577218|Google Maps 🌍]] · [[https://www.google.com/maps/@?api=1&map_action=pano&viewpoint=45.663606,3.577218|Street View]]\n**Déchèteries pro les plus proches** :\n[[https://www.google.com/maps?q=45.7657,3.54218|Déchèterie de Courpière (Courpière, 11.7 km)]] — 0473512512\n[[https://www.google.com/maps?q=45.714,3.35215|Déchèterie de Billom (Montmorin, 18.4 km)]] — 0473620251\n[[https://www.google.com/maps?q=45.8352,3.51399|Decheterie de Thiers (THIERS, 19.7 km)]] — 0473801506\n[[https://www.google.com/maps/search/d%C3%A9ch%C3%A8terie/@45.663606,3.577218,12z|Toutes les déchèteries autour du site 🗑️]]",
    "origine": "import",
    "campagne": "Espaces Verts 2026 P2-SEE ALL",
    "towerco": "TOTEM",
    "ressources": "SEE ALL",
    "nom_site": "ZB2_TOURS_SUR_MEYMONT",
    "adresse": "Lieu-dit L Oligne D.225 - Rte Dptale de Veyre-Monton",
    "departement": "63",
    "calque": "mp-ev-2026-p2-seeall",
    "code_fra": "FRA06300152",
    "acces_autonome": "a_confirmer",
    "acces_motif": "fiche d'accès vide",
    "_umap_options": {
     "color": "#67718A",
     "iconClass": "Default"
    }
   }
  },
  {
   "type": "Feature",
   "geometry": {
    "type": "Point",
    "coordinates": [
     3.584993,
     45.696389
    ]
   },
   "properties": {
    "name": "FRA06300153 — OLLIERGUES_D906",
    "description": "**Verdict d'autonomie** : a_confirmer\n**Motif du verdict** : fiche d'accès vide\n**Campagne d'appartenance** : Espaces Verts 2026 P2-SEE ALL\n**Donneur d'ordre de la campagne** : TOTEM\n**Colonne Ressources du périmètre** : SEE ALL\n**Provenance du repère** : import\n**Adresse du site** : Lieu-dit Le Garret Prés de D225\n**Numéro de département** : 63\n**Nom du site** : OLLIERGUES_D906\n**Coordonnées** : 45.696389, 3.584993\n[[https://www.google.com/maps?q=45.696389,3.584993|Google Maps 🌍]] · [[https://www.google.com/maps/@?api=1&map_action=pano&viewpoint=45.696389,3.584993|Street View]]\n**Déchèteries pro les plus proches** :\n[[https://www.google.com/maps?q=45.7657,3.54218|Déchèterie de Courpière (Courpière, 8.4 km)]] — 0473512512\n[[https://www.google.com/maps?q=45.8352,3.51399|Decheterie de Thiers (THIERS, 16.4 km)]] — 0473801506\n[[https://www.google.com/maps?q=45.714,3.35215|Déchèterie de Billom (Montmorin, 18.2 km)]] — 0473620251\n[[https://www.google.com/maps/search/d%C3%A9ch%C3%A8terie/@45.696389,3.584993,12z|Toutes les déchèteries autour du site 🗑️]]",
    "origine": "import",
    "campagne": "Espaces Verts 2026 P2-SEE ALL",
    "towerco": "TOTEM",
    "ressources": "SEE ALL",
    "nom_site": "OLLIERGUES_D906",
    "adresse": "Lieu-dit Le Garret Prés de D225",
    "departement": "63",
    "calque": "mp-ev-2026-p2-seeall",
    "code_fra": "FRA06300153",
    "acces_autonome": "a_confirmer",
    "acces_motif": "fiche d'accès vide",
    "_umap_options": {
     "color": "#67718A",
     "iconClass": "Default"
    }
   }
  },
  {
   "type": "Feature",
   "geometry": {
    "type": "Point",
    "coordinates": [
     3.734866,
     45.545183
    ]
   },
   "properties": {
    "name": "FRA06300155 — AMBERT_ZI",
    "description": "**Verdict d'autonomie** : a_confirmer\n**Motif du verdict** : fiche d'accès vide\n**Campagne d'appartenance** : Espaces Verts 2026 P2-SEE ALL\n**Donneur d'ordre de la campagne** : TOTEM\n**Colonne Ressources du périmètre** : SEE ALL\n**Provenance du repère** : import\n**Adresse du site** : Rue Gustave Eiffel Parcelle 144\n**Numéro de département** : 63\n**Nom du site** : AMBERT_ZI\n**Coordonnées** : 45.545183, 3.734866\n[[https://www.google.com/maps?q=45.545183,3.734866|Google Maps 🌍]] · [[https://www.google.com/maps/@?api=1&map_action=pano&viewpoint=45.545183,3.734866|Street View]]\n**Déchèteries pro les plus proches** :\n[[https://www.google.com/maps?q=45.3297,3.69991|Decheterie de la Chaise-dieu (La Chaise-Dieu, 24.1 km)]] — 0471007633\n[[https://www.google.com/maps?q=45.3233,3.83417|Déchèterie de Craponne (Craponne-sur-Arzon, 25.9 km)]] — 0471033715\n[[https://www.google.com/maps?q=45.4307,4.03994|Déchèterie Estivareilles (Estivareilles, 27.0 km)]] — 0477507483\n[[https://www.google.com/maps/search/d%C3%A9ch%C3%A8terie/@45.545183,3.734866,12z|Toutes les déchèteries autour du site 🗑️]]",
    "origine": "import",
    "campagne": "Espaces Verts 2026 P2-SEE ALL",
    "towerco": "TOTEM",
    "ressources": "SEE ALL",
    "nom_site": "AMBERT_ZI",
    "adresse": "Rue Gustave Eiffel Parcelle 144",
    "departement": "63",
    "calque": "mp-ev-2026-p2-seeall",
    "code_fra": "FRA06300155",
    "acces_autonome": "a_confirmer",
    "acces_motif": "fiche d'accès vide",
    "_umap_options": {
     "color": "#67718A",
     "iconClass": "Default"
    }
   }
  },
  {
   "type": "Feature",
   "geometry": {
    "type": "Point",
    "coordinates": [
     3.790989,
     45.465781
    ]
   },
   "properties": {
    "name": "FRA06300156 — ZB2_ST_JUST",
    "description": "**Verdict d'autonomie** : a_confirmer\n**Motif du verdict** : fiche d'accès vide\n**Campagne d'appartenance** : Espaces Verts 2026 P2-SEE ALL\n**Donneur d'ordre de la campagne** : TOTEM\n**Colonne Ressources du périmètre** : SEE ALL\n**Provenance du repère** : import\n**Adresse du site** : Lieu-dit Le Suc du Tour Chemin rural\n**Numéro de département** : 63\n**Nom du site** : ZB2_ST_JUST\n**Coordonnées** : 45.465781, 3.790989\n[[https://www.google.com/maps?q=45.465781,3.790989|Google Maps 🌍]] · [[https://www.google.com/maps/@?api=1&map_action=pano&viewpoint=45.465781,3.790989|Street View]]\n**Déchèteries pro les plus proches** :\n[[https://www.google.com/maps?q=45.3233,3.83417|Déchèterie de Craponne (Craponne-sur-Arzon, 16.2 km)]] — 0471033715\n[[https://www.google.com/maps?q=45.3297,3.69991|Decheterie de la Chaise-dieu (La Chaise-Dieu, 16.7 km)]] — 0471007633\n[[https://www.google.com/maps?q=45.4307,4.03994|Déchèterie Estivareilles (Estivareilles, 19.8 km)]] — 0477507483\n[[https://www.google.com/maps/search/d%C3%A9ch%C3%A8terie/@45.465781,3.790989,12z|Toutes les déchèteries autour du site 🗑️]]",
    "origine": "import",
    "campagne": "Espaces Verts 2026 P2-SEE ALL",
    "towerco": "TOTEM",
    "ressources": "SEE ALL",
    "nom_site": "ZB2_ST_JUST",
    "adresse": "Lieu-dit Le Suc du Tour Chemin rural",
    "departement": "63",
    "calque": "mp-ev-2026-p2-seeall",
    "code_fra": "FRA06300156",
    "acces_autonome": "a_confirmer",
    "acces_motif": "fiche d'accès vide",
    "_umap_options": {
     "color": "#67718A",
     "iconClass": "Default"
    }
   }
  },
  {
   "type": "Feature",
   "geometry": {
    "type": "Point",
    "coordinates": [
     2.478601,
     45.798326
    ]
   },
   "properties": {
    "name": "FRA06300158 — GIAT",
    "description": "**Verdict d'autonomie** : a_confirmer\n**Motif du verdict** : fiche d'accès vide\n**Déclaration du terrain** : fait\n**Auteur de la déclaration** : L K\n**Date de la déclaration** : 2026-09-17\n**Campagne d'appartenance** : Espaces Verts 2026 P2-SEE ALL\n**Donneur d'ordre de la campagne** : TOTEM\n**Colonne Ressources du périmètre** : SEE ALL\n**Provenance du repère** : import\n**Adresse du site** : RTE D HERMENT Site FT\n**Numéro de département** : 63\n**Nom du site** : GIAT\n**Coordonnées** : 45.798326, 2.478601\n[[https://www.google.com/maps?q=45.798326,2.478601|Google Maps 🌍]] · [[https://www.google.com/maps/@?api=1&map_action=pano&viewpoint=45.798326,2.478601|Street View]]\n**Déchèteries pro les plus proches** :\n[[https://www.google.com/maps?q=45.8097,2.46898|Déchèterie de Giat (Giat, 1.5 km)]] — 0473217772\n[[https://www.google.com/maps?q=45.7383,2.57662|Déchèterie de Saint Germain Pres Herment (Saint-Germain-près-Herment, 10.1 km)]] — 0473221548\n[[https://www.google.com/maps?q=45.6379,2.44012|Déchèterie de Eygurande (Les Grandes Sagnes) (Eygurande, 18.1 km)]] — 0644241823\n[[https://www.google.com/maps/search/d%C3%A9ch%C3%A8terie/@45.798326,2.478601,12z|Toutes les déchèteries autour du site 🗑️]]",
    "origine": "import",
    "campagne": "Espaces Verts 2026 P2-SEE ALL",
    "towerco": "TOTEM",
    "ressources": "SEE ALL",
    "nom_site": "GIAT",
    "adresse": "RTE D HERMENT Site FT",
    "departement": "63",
    "etat_terrain": "fait",
    "declare_par": "L K",
    "declare_le": "2026-09-17",
    "calque": "mp-ev-2026-p2-seeall",
    "code_fra": "FRA06300158",
    "acces_autonome": "a_confirmer",
    "acces_motif": "fiche d'accès vide",
    "_umap_options": {
     "color": "#15803D",
     "iconClass": "Default"
    }
   }
  },
  {
   "type": "Feature",
   "geometry": {
    "type": "Point",
    "coordinates": [
     3.938931,
     45.477407
    ]
   },
   "properties": {
    "name": "FRA06300159 — ZB2_LA_CHAULME",
    "description": "**Verdict d'autonomie** : a_confirmer\n**Motif du verdict** : fiche d'accès vide\n**Campagne d'appartenance** : Espaces Verts 2026 P2-SEE ALL\n**Donneur d'ordre de la campagne** : TOTEM\n**Colonne Ressources du périmètre** : SEE ALL\n**Provenance du repère** : import\n**Adresse du site** : Lieu-dit Le Capay\n**Numéro de département** : 63\n**Nom du site** : ZB2_LA_CHAULME\n**Coordonnées** : 45.477407, 3.938931\n[[https://www.google.com/maps?q=45.477407,3.938931|Google Maps 🌍]] · [[https://www.google.com/maps/@?api=1&map_action=pano&viewpoint=45.477407,3.938931|Street View]]\n**Déchèteries pro les plus proches** :\n[[https://www.google.com/maps?q=45.4307,4.03994|Déchèterie Estivareilles (Estivareilles, 9.4 km)]] — 0477507483\n[[https://www.google.com/maps?q=45.3516,3.99166|Decheterie de St Pal de Chalencon (Saint-Pal-de-Chalencon, 14.6 km)]] — 0471007633\n[[https://www.google.com/maps?q=45.6012,4.10492|Déchèterie Savigneux (Savigneux, 18.9 km)]] — 0477587869\n[[https://www.google.com/maps/search/d%C3%A9ch%C3%A8terie/@45.477407,3.938931,12z|Toutes les déchèteries autour du site 🗑️]]",
    "origine": "import",
    "campagne": "Espaces Verts 2026 P2-SEE ALL",
    "towerco": "TOTEM",
    "ressources": "SEE ALL",
    "nom_site": "ZB2_LA_CHAULME",
    "adresse": "Lieu-dit Le Capay",
    "departement": "63",
    "calque": "mp-ev-2026-p2-seeall",
    "code_fra": "FRA06300159",
    "acces_autonome": "a_confirmer",
    "acces_motif": "fiche d'accès vide",
    "_umap_options": {
     "color": "#67718A",
     "iconClass": "Default"
    }
   }
  },
  {
   "type": "Feature",
   "geometry": {
    "type": "Point",
    "coordinates": [
     2.707773,
     45.541111
    ]
   },
   "properties": {
    "name": "FRA06300162 — ZB_LA_TOUR_D_AUVERGNE",
    "description": "**Verdict d'autonomie** : a_confirmer\n**Motif du verdict** : fiche d'accès vide\n**Déclaration du terrain** : fait\n**Auteur de la déclaration** : L K\n**Date de la déclaration** : 2026-09-18\n**Campagne d'appartenance** : Espaces Verts 2026 P2-SEE ALL\n**Donneur d'ordre de la campagne** : TOTEM\n**Colonne Ressources du périmètre** : SEE ALL\n**Provenance du repère** : import\n**Adresse du site** : Lieu-dit La Fage Chemin de Sauzet - Site FT\n**Numéro de département** : 63\n**Nom du site** : ZB_LA_TOUR_D_AUVERGNE\n**Coordonnées** : 45.541111, 2.707773\n[[https://www.google.com/maps?q=45.541111,2.707773|Google Maps 🌍]] · [[https://www.google.com/maps/@?api=1&map_action=pano&viewpoint=45.541111,2.707773|Street View]]\n**Déchèteries pro les plus proches** :\n[[https://www.google.com/maps?q=45.5911,2.72045|Déchèterie de la Bourboule (La Bourboule, 5.6 km)]] — 0473655154\n[[https://www.google.com/maps?q=45.5141,2.5971|Déchèterie de Bagnols (Bagnols, 9.1 km)]] — 0473222396\n[[https://www.google.com/maps?q=45.6244,2.62825|Mini Déchèterie Saint-sauves-d'auvergne (Saint-Sauves-d'Auvergne, 11.1 km)]]\n[[https://www.google.com/maps/search/d%C3%A9ch%C3%A8terie/@45.541111,2.707773,12z|Toutes les déchèteries autour du site 🗑️]]",
    "origine": "import",
    "campagne": "Espaces Verts 2026 P2-SEE ALL",
    "towerco": "TOTEM",
    "ressources": "SEE ALL",
    "nom_site": "ZB_LA_TOUR_D_AUVERGNE",
    "adresse": "Lieu-dit La Fage Chemin de Sauzet - Site FT",
    "departement": "63",
    "etat_terrain": "fait",
    "declare_par": "L K",
    "declare_le": "2026-09-18",
    "calque": "mp-ev-2026-p2-seeall",
    "code_fra": "FRA06300162",
    "acces_autonome": "a_confirmer",
    "acces_motif": "fiche d'accès vide",
    "_umap_options": {
     "color": "#15803D",
     "iconClass": "Default"
    }
   }
  },
  {
   "type": "Feature",
   "geometry": {
    "type": "Point",
    "coordinates": [
     2.561944,
     45.532322
    ]
   },
   "properties": {
    "name": "FRA06300163 — ZBC_LARODDE",
    "description": "**Verdict d'autonomie** : a_confirmer\n**Motif du verdict** : fiche d'accès vide\n**Déclaration du terrain** : fait\n**Auteur de la déclaration** : L K\n**Date de la déclaration** : 2026-09-18\n**Campagne d'appartenance** : Espaces Verts 2026 P2-SEE ALL\n**Donneur d'ordre de la campagne** : TOTEM\n**Colonne Ressources du périmètre** : SEE ALL\n**Provenance du repère** : import\n**Adresse du site** : Lieu-dit Lèbre - Chaux Carrefour de Pruns\n**Numéro de département** : 63\n**Nom du site** : ZBC_LARODDE\n**Coordonnées** : 45.532322, 2.561944\n[[https://www.google.com/maps?q=45.532322,2.561944|Google Maps 🌍]] · [[https://www.google.com/maps/@?api=1&map_action=pano&viewpoint=45.532322,2.561944|Street View]]\n**Déchèteries pro les plus proches** :\n[[https://www.google.com/maps?q=45.5141,2.5971|Déchèterie de Bagnols (Bagnols, 3.4 km)]] — 0473222396\n[[https://www.google.com/maps?q=45.6244,2.62825|Mini Déchèterie Saint-sauves-d'auvergne (Saint-Sauves-d'Auvergne, 11.5 km)]]\n[[https://www.google.com/maps?q=45.5911,2.72045|Déchèterie de la Bourboule (La Bourboule, 14.0 km)]] — 0473655154\n[[https://www.google.com/maps/search/d%C3%A9ch%C3%A8terie/@45.532322,2.561944,12z|Toutes les déchèteries autour du site 🗑️]]",
    "origine": "import",
    "campagne": "Espaces Verts 2026 P2-SEE ALL",
    "towerco": "TOTEM",
    "ressources": "SEE ALL",
    "nom_site": "ZBC_LARODDE",
    "adresse": "Lieu-dit Lèbre - Chaux Carrefour de Pruns",
    "departement": "63",
    "etat_terrain": "fait",
    "declare_par": "L K",
    "declare_le": "2026-09-18",
    "calque": "mp-ev-2026-p2-seeall",
    "code_fra": "FRA06300163",
    "acces_autonome": "a_confirmer",
    "acces_motif": "fiche d'accès vide",
    "_umap_options": {
     "color": "#15803D",
     "iconClass": "Default"
    }
   }
  },
  {
   "type": "Feature",
   "geometry": {
    "type": "Point",
    "coordinates": [
     2.856374,
     46.223885
    ]
   },
   "properties": {
    "name": "FRA06300164 — LAPEYROUSE",
    "description": "**Verdict d'autonomie** : a_confirmer\n**Motif du verdict** : fiche d'accès vide\n**Déclaration du terrain** : fait\n**Auteur de la déclaration** : L K\n**Date de la déclaration** : 2026-09-15\n**Campagne d'appartenance** : Espaces Verts 2026 P2-SEE ALL\n**Donneur d'ordre de la campagne** : TOTEM\n**Colonne Ressources du périmètre** : SEE ALL\n**Provenance du repère** : import\n**Adresse du site** : Puits de l Abbaye\n**Numéro de département** : 63\n**Nom du site** : LAPEYROUSE\n**Coordonnées** : 46.223885, 2.856374\n[[https://www.google.com/maps?q=46.223885,2.856374|Google Maps 🌍]] · [[https://www.google.com/maps/@?api=1&map_action=pano&viewpoint=46.223885,2.856374|Street View]]\n**Déchèteries pro les plus proches** :\n[[https://www.google.com/maps?q=46.1687,2.84168|Déchèterie de Saint Eloy les Mines (Saint-Éloy-les-Mines, 6.2 km)]]\n[[https://www.google.com/maps?q=46.2868,2.76052|Déchèterie de Commentry (Commentry, 10.2 km)]] — 0470641167\n[[https://www.google.com/maps?q=46.3222,2.94341|Déchèterie de Montmarault (Montmarault, 12.8 km)]] — 0470029946\n[[https://www.google.com/maps/search/d%C3%A9ch%C3%A8terie/@46.223885,2.856374,12z|Toutes les déchèteries autour du site 🗑️]]",
    "origine": "import",
    "campagne": "Espaces Verts 2026 P2-SEE ALL",
    "towerco": "TOTEM",
    "ressources": "SEE ALL",
    "nom_site": "LAPEYROUSE",
    "adresse": "Puits de l Abbaye",
    "departement": "63",
    "etat_terrain": "fait",
    "declare_par": "L K",
    "declare_le": "2026-09-15",
    "calque": "mp-ev-2026-p2-seeall",
    "code_fra": "FRA06300164",
    "acces_autonome": "a_confirmer",
    "acces_motif": "fiche d'accès vide",
    "_umap_options": {
     "color": "#15803D",
     "iconClass": "Default"
    }
   }
  },
  {
   "type": "Feature",
   "geometry": {
    "type": "Point",
    "coordinates": [
     2.826108,
     46.161939
    ]
   },
   "properties": {
    "name": "FRA06300165 — ST_ELOY_LES_CHAPOUNES",
    "description": "**Verdict d'autonomie** : a_confirmer\n**Motif du verdict** : fiche d'accès vide\n**Déclaration du terrain** : fait\n**Auteur de la déclaration** : L K\n**Date de la déclaration** : 2026-09-15\n**Campagne d'appartenance** : Espaces Verts 2026 P2-SEE ALL\n**Donneur d'ordre de la campagne** : TOTEM\n**Colonne Ressources du périmètre** : SEE ALL\n**Provenance du repère** : import\n**Adresse du site** : Rue Pierre de Coubertin\n**Numéro de département** : 63\n**Nom du site** : ST_ELOY_LES_CHAPOUNES\n**Coordonnées** : 46.161939, 2.826108\n[[https://www.google.com/maps?q=46.161939,2.826108|Google Maps 🌍]] · [[https://www.google.com/maps/@?api=1&map_action=pano&viewpoint=46.161939,2.826108|Street View]]\n**Déchèteries pro les plus proches** :\n[[https://www.google.com/maps?q=46.1687,2.84168|Déchèterie de Saint Eloy les Mines (Saint-Éloy-les-Mines, 1.4 km)]]\n[[https://www.google.com/maps?q=46.1083,2.69899|Decheterie de Pionsat (Pionsat, 11.5 km)]] — 0473526139\n[[https://www.google.com/maps?q=46.2868,2.76052|Déchèterie de Commentry (Commentry, 14.8 km)]] — 0470641167\n[[https://www.google.com/maps/search/d%C3%A9ch%C3%A8terie/@46.161939,2.826108,12z|Toutes les déchèteries autour du site 🗑️]]",
    "origine": "import",
    "campagne": "Espaces Verts 2026 P2-SEE ALL",
    "towerco": "TOTEM",
    "ressources": "SEE ALL",
    "nom_site": "ST_ELOY_LES_CHAPOUNES",
    "adresse": "Rue Pierre de Coubertin",
    "departement": "63",
    "etat_terrain": "fait",
    "declare_par": "L K",
    "declare_le": "2026-09-15",
    "calque": "mp-ev-2026-p2-seeall",
    "code_fra": "FRA06300165",
    "acces_autonome": "a_confirmer",
    "acces_motif": "fiche d'accès vide",
    "_umap_options": {
     "color": "#15803D",
     "iconClass": "Default"
    }
   }
  },
  {
   "type": "Feature",
   "geometry": {
    "type": "Point",
    "coordinates": [
     2.783465,
     45.788695
    ]
   },
   "properties": {
    "name": "FRA06300166 — PUY_DE_LA_VIALLE",
    "description": "**Verdict d'autonomie** : a_confirmer\n**Motif du verdict** : fiche d'accès vide\n**Déclaration du terrain** : fait\n**Auteur de la déclaration** : L K\n**Date de la déclaration** : 2026-09-16\n**Campagne d'appartenance** : Espaces Verts 2026 P2-SEE ALL\n**Donneur d'ordre de la campagne** : TOTEM\n**Colonne Ressources du périmètre** : SEE ALL\n**Provenance du repère** : import\n**Adresse du site** : LIEU DIT PUY DE LA VIALLE VERS\n**Numéro de département** : 63\n**Nom du site** : PUY_DE_LA_VIALLE\n**Coordonnées** : 45.788695, 2.783465\n[[https://www.google.com/maps?q=45.788695,2.783465|Google Maps 🌍]] · [[https://www.google.com/maps/@?api=1&map_action=pano&viewpoint=45.788695,2.783465|Street View]]\n**Déchèteries pro les plus proches** :\n[[https://www.google.com/maps?q=45.8531,2.69929|Déchèterie de Pontaumur (Pontaumur, 9.7 km)]] — 0473797889\n[[https://www.google.com/maps?q=45.8503,2.89756|Déchèterie de St Ours les Roches (Saint-Ours, 11.2 km)]] — 0473887994\n[[https://www.google.com/maps?q=45.6854,2.79759|Déchèterie de Rochefort (Rochefort-Montagne, 11.5 km)]] — 0473659099\n[[https://www.google.com/maps/search/d%C3%A9ch%C3%A8terie/@45.788695,2.783465,12z|Toutes les déchèteries autour du site 🗑️]]",
    "origine": "import",
    "campagne": "Espaces Verts 2026 P2-SEE ALL",
    "towerco": "TOTEM",
    "ressources": "SEE ALL",
    "nom_site": "PUY_DE_LA_VIALLE",
    "adresse": "LIEU DIT PUY DE LA VIALLE VERS",
    "departement": "63",
    "etat_terrain": "fait",
    "declare_par": "L K",
    "declare_le": "2026-09-16",
    "calque": "mp-ev-2026-p2-seeall",
    "code_fra": "FRA06300166",
    "acces_autonome": "a_confirmer",
    "acces_motif": "fiche d'accès vide",
    "_umap_options": {
     "color": "#15803D",
     "iconClass": "Default"
    }
   }
  },
  {
   "type": "Feature",
   "geometry": {
    "type": "Point",
    "coordinates": [
     2.83381,
     45.927955
    ]
   },
   "properties": {
    "name": "FRA06300168 — LES_ANCIZES",
    "description": "**Verdict d'autonomie** : a_confirmer\n**Motif du verdict** : fiche d'accès vide\n**Déclaration du terrain** : fait\n**Auteur de la déclaration** : L K\n**Date de la déclaration** : 2026-09-16\n**Campagne d'appartenance** : Espaces Verts 2026 P2-SEE ALL\n**Donneur d'ordre de la campagne** : TOTEM\n**Colonne Ressources du périmètre** : SEE ALL\n**Provenance du repère** : import\n**Adresse du site** : Rue de la Plaine des Champs\n**Numéro de département** : 63\n**Nom du site** : LES_ANCIZES\n**Coordonnées** : 45.927955, 2.833810\n[[https://www.google.com/maps?q=45.927955,2.833810|Google Maps 🌍]] · [[https://www.google.com/maps/@?api=1&map_action=pano&viewpoint=45.927955,2.833810|Street View]]\n**Déchèteries pro les plus proches** :\n[[https://www.google.com/maps?q=45.9295,2.82151|Déchèterie les Ancizes-comps (Les Ancizes-Comps, 1.0 km)]] — 0473976509\n[[https://www.google.com/maps?q=45.8503,2.89756|Déchèterie de St Ours les Roches (Saint-Ours, 9.9 km)]] — 0473887994\n[[https://www.google.com/maps?q=45.9906,2.92755|Déchèterie  Saint Angel (Saint-Angel, 10.1 km)]] — 0473647444\n[[https://www.google.com/maps/search/d%C3%A9ch%C3%A8terie/@45.927955,2.833810,12z|Toutes les déchèteries autour du site 🗑️]]",
    "origine": "import",
    "campagne": "Espaces Verts 2026 P2-SEE ALL",
    "towerco": "TOTEM",
    "ressources": "SEE ALL",
    "nom_site": "LES_ANCIZES",
    "adresse": "Rue de la Plaine des Champs",
    "departement": "63",
    "etat_terrain": "fait",
    "declare_par": "L K",
    "declare_le": "2026-09-16",
    "calque": "mp-ev-2026-p2-seeall",
    "code_fra": "FRA06300168",
    "acces_autonome": "a_confirmer",
    "acces_motif": "fiche d'accès vide",
    "_umap_options": {
     "color": "#15803D",
     "iconClass": "Default"
    }
   }
  },
  {
   "type": "Feature",
   "geometry": {
    "type": "Point",
    "coordinates": [
     2.95277,
     45.564718
    ]
   },
   "properties": {
    "name": "FRA06300169 — MUROL_LAC",
    "description": "**Verdict d'autonomie** : a_confirmer\n**Motif du verdict** : fiche d'accès vide\n**Déclaration du terrain** : fait\n**Auteur de la déclaration** : L K\n**Date de la déclaration** : 2026-09-17\n**Campagne d'appartenance** : Espaces Verts 2026 P2-SEE ALL\n**Donneur d'ordre de la campagne** : TOTEM\n**Colonne Ressources du périmètre** : SEE ALL\n**Provenance du repère** : import\n**Adresse du site** : Puy de Bessolles\n**Numéro de département** : 63\n**Nom du site** : MUROL_LAC\n**Coordonnées** : 45.564718, 2.952770\n[[https://www.google.com/maps?q=45.564718,2.952770|Google Maps 🌍]] · [[https://www.google.com/maps/@?api=1&map_action=pano&viewpoint=45.564718,2.952770|Street View]]\n**Déchèteries pro les plus proches** :\n[[https://www.google.com/maps?q=45.5214,2.94542|Déchèterie de Besse (BESSE-ET-SAINT-ANASTAISE, 4.9 km)]] — 0473795316\n[[https://www.google.com/maps?q=45.5803,3.09214|Déchèterie de Montaigut le Blanc (Montaigut-le-Blanc, 11.0 km)]] — 0473967211\n[[https://www.google.com/maps?q=45.7053,3.02121|Déchèterie de Theix Saint-genès (Saint-Genès-Champanelle, 16.5 km)]] — 0473873147\n[[https://www.google.com/maps/search/d%C3%A9ch%C3%A8terie/@45.564718,2.952770,12z|Toutes les déchèteries autour du site 🗑️]]",
    "origine": "import",
    "campagne": "Espaces Verts 2026 P2-SEE ALL",
    "towerco": "TOTEM",
    "ressources": "SEE ALL",
    "nom_site": "MUROL_LAC",
    "adresse": "Puy de Bessolles",
    "departement": "63",
    "etat_terrain": "fait",
    "declare_par": "L K",
    "declare_le": "2026-09-17",
    "calque": "mp-ev-2026-p2-seeall",
    "code_fra": "FRA06300169",
    "acces_autonome": "a_confirmer",
    "acces_motif": "fiche d'accès vide",
    "_umap_options": {
     "color": "#15803D",
     "iconClass": "Default"
    }
   }
  },
  {
   "type": "Feature",
   "geometry": {
    "type": "Point",
    "coordinates": [
     3.204305,
     45.753233
    ]
   },
   "properties": {
    "name": "FRA06300172 — PUY_DE_BANE",
    "description": "**Verdict d'autonomie** : a_confirmer\n**Motif du verdict** : fiche d'accès vide\n**Campagne d'appartenance** : Espaces Verts 2026 P2-SEE ALL\n**Donneur d'ordre de la campagne** : TOTEM\n**Colonne Ressources du périmètre** : SEE ALL\n**Provenance du repère** : import\n**Adresse du site** : 100 U Rue Pierre Corneille\n**Numéro de département** : 63\n**Nom du site** : PUY_DE_BANE\n**Coordonnées** : 45.753233, 3.204305\n[[https://www.google.com/maps?q=45.753233,3.204305|Google Maps 🌍]] · [[https://www.google.com/maps/@?api=1&map_action=pano&viewpoint=45.753233,3.204305|Street View]]\n**Déchèteries pro les plus proches** :\n[[https://www.google.com/maps?q=45.7397,3.19798|Déchèterie de Cournon (COURNON-D'AUVERGNE, 1.6 km)]] — 0473844344\n[[https://www.google.com/maps?q=45.7823,3.23804|Déchèterie de Pont du Chateau (PONT DU CHATEAU, 4.2 km)]]\n[[https://www.google.com/maps?q=45.6935,3.16097|Déchèterie de Veyre Monton (Veyre-Monton, 7.4 km)]] — 0473709287\n[[https://www.google.com/maps/search/d%C3%A9ch%C3%A8terie/@45.753233,3.204305,12z|Toutes les déchèteries autour du site 🗑️]]",
    "origine": "import",
    "campagne": "Espaces Verts 2026 P2-SEE ALL",
    "towerco": "TOTEM",
    "ressources": "SEE ALL",
    "nom_site": "PUY_DE_BANE",
    "adresse": "100 U Rue Pierre Corneille",
    "departement": "63",
    "calque": "mp-ev-2026-p2-seeall",
    "code_fra": "FRA06300172",
    "acces_autonome": "a_confirmer",
    "acces_motif": "fiche d'accès vide",
    "_umap_options": {
     "color": "#67718A",
     "iconClass": "Default"
    }
   }
  },
  {
   "type": "Feature",
   "geometry": {
    "type": "Point",
    "coordinates": [
     3.167417,
     45.748023
    ]
   },
   "properties": {
    "name": "FRA06300173 — COURNON_OUEST",
    "description": "**Verdict d'autonomie** : a_confirmer\n**Motif du verdict** : fiche d'accès vide\n**Campagne d'appartenance** : Espaces Verts 2026 P2-SEE ALL\n**Donneur d'ordre de la campagne** : TOTEM\n**Colonne Ressources du périmètre** : SEE ALL\n**Provenance du repère** : import\n**Adresse du site** : Lieu-dit 9 Rue Jean Mermoz\n**Numéro de département** : 63\n**Nom du site** : COURNON_OUEST\n**Coordonnées** : 45.748023, 3.167417\n[[https://www.google.com/maps?q=45.748023,3.167417|Google Maps 🌍]] · [[https://www.google.com/maps/@?api=1&map_action=pano&viewpoint=45.748023,3.167417|Street View]]\n**Déchèteries pro les plus proches** :\n[[https://www.google.com/maps?q=45.7397,3.19798|Déchèterie de Cournon (COURNON-D'AUVERGNE, 2.5 km)]] — 0473844344\n[[https://www.google.com/maps?q=45.7431,3.10739|Déchèterie de Romagnat (ROMAGNAT, 4.7 km)]] — 0473449726\n[[https://www.google.com/maps?q=45.6935,3.16097|Déchèterie de Veyre Monton (Veyre-Monton, 6.1 km)]] — 0473709287\n[[https://www.google.com/maps/search/d%C3%A9ch%C3%A8terie/@45.748023,3.167417,12z|Toutes les déchèteries autour du site 🗑️]]",
    "origine": "import",
    "campagne": "Espaces Verts 2026 P2-SEE ALL",
    "towerco": "TOTEM",
    "ressources": "SEE ALL",
    "nom_site": "COURNON_OUEST",
    "adresse": "Lieu-dit 9 Rue Jean Mermoz",
    "departement": "63",
    "calque": "mp-ev-2026-p2-seeall",
    "code_fra": "FRA06300173",
    "acces_autonome": "a_confirmer",
    "acces_motif": "fiche d'accès vide",
    "_umap_options": {
     "color": "#67718A",
     "iconClass": "Default"
    }
   }
  },
  {
   "type": "Feature",
   "geometry": {
    "type": "Point",
    "coordinates": [
     3.159184,
     45.740607
    ]
   },
   "properties": {
    "name": "FRA06300177 — COURNON_GDE_H_AUV_SITE1",
    "description": "**Verdict d'autonomie** : a_confirmer\n**Motif du verdict** : fiche d'accès vide\n**Campagne d'appartenance** : Espaces Verts 2026 P2-SEE ALL\n**Donneur d'ordre de la campagne** : TOTEM\n**Colonne Ressources du périmètre** : SEE ALL\n**Provenance du repère** : import\n**Adresse du site** : Rue de Sarliève - Grande Halle d Auvergne Cournon-d Auvergne\n**Numéro de département** : 63\n**Nom du site** : COURNON_GDE_H_AUV_SITE1\n**Coordonnées** : 45.740607, 3.159184\n[[https://www.google.com/maps?q=45.740607,3.159184|Google Maps 🌍]] · [[https://www.google.com/maps/@?api=1&map_action=pano&viewpoint=45.740607,3.159184|Street View]]\n**Déchèteries pro les plus proches** :\n[[https://www.google.com/maps?q=45.7397,3.19798|Déchèterie de Cournon (COURNON-D'AUVERGNE, 3.0 km)]] — 0473844344\n[[https://www.google.com/maps?q=45.7431,3.10739|Déchèterie de Romagnat (ROMAGNAT, 4.0 km)]] — 0473449726\n[[https://www.google.com/maps?q=45.6935,3.16097|Déchèterie de Veyre Monton (Veyre-Monton, 5.2 km)]] — 0473709287\n[[https://www.google.com/maps/search/d%C3%A9ch%C3%A8terie/@45.740607,3.159184,12z|Toutes les déchèteries autour du site 🗑️]]",
    "origine": "import",
    "campagne": "Espaces Verts 2026 P2-SEE ALL",
    "towerco": "TOTEM",
    "ressources": "SEE ALL",
    "nom_site": "COURNON_GDE_H_AUV_SITE1",
    "adresse": "Rue de Sarliève - Grande Halle d Auvergne Cournon-d Auvergne",
    "departement": "63",
    "calque": "mp-ev-2026-p2-seeall",
    "code_fra": "FRA06300177",
    "acces_autonome": "a_confirmer",
    "acces_motif": "fiche d'accès vide",
    "_umap_options": {
     "color": "#67718A",
     "iconClass": "Default"
    }
   }
  },
  {
   "type": "Feature",
   "geometry": {
    "type": "Point",
    "coordinates": [
     2.559659,
     45.486122
    ]
   },
   "properties": {
    "name": "FRA06300179 — ZBC_TREMOUILLES_ST_LOUP",
    "description": "**Verdict d'autonomie** : a_confirmer\n**Motif du verdict** : fiche d'accès vide\n**Déclaration du terrain** : fait\n**Auteur de la déclaration** : L K\n**Date de la déclaration** : 2026-09-18\n**Campagne d'appartenance** : Espaces Verts 2026 P2-SEE ALL\n**Donneur d'ordre de la campagne** : TOTEM\n**Colonne Ressources du périmètre** : SEE ALL\n**Provenance du repère** : import\n**Adresse du site** : Lieu-dit Pré de Trémouille Chemin communal\n**Numéro de département** : 63\n**Nom du site** : ZBC_TREMOUILLES_ST_LOUP\n**Coordonnées** : 45.486122, 2.559659\n[[https://www.google.com/maps?q=45.486122,2.559659|Google Maps 🌍]] · [[https://www.google.com/maps/@?api=1&map_action=pano&viewpoint=45.486122,2.559659|Street View]]\n**Déchèteries pro les plus proches** :\n[[https://www.google.com/maps?q=45.5141,2.5971|Déchèterie de Bagnols (Bagnols, 4.3 km)]] — 0473222396\n[[https://www.google.com/maps?q=45.3789,2.47609|Decheterie de Bort les Orgues (Bort-les-Orgues, 13.6 km)]] — 0555967844\n[[https://www.google.com/maps?q=45.6244,2.62825|Mini Déchèterie Saint-sauves-d'auvergne (Saint-Sauves-d'Auvergne, 16.3 km)]]\n[[https://www.google.com/maps/search/d%C3%A9ch%C3%A8terie/@45.486122,2.559659,12z|Toutes les déchèteries autour du site 🗑️]]",
    "origine": "import",
    "campagne": "Espaces Verts 2026 P2-SEE ALL",
    "towerco": "TOTEM",
    "ressources": "SEE ALL",
    "nom_site": "ZBC_TREMOUILLES_ST_LOUP",
    "adresse": "Lieu-dit Pré de Trémouille Chemin communal",
    "departement": "63",
    "etat_terrain": "fait",
    "declare_par": "L K",
    "declare_le": "2026-09-18",
    "calque": "mp-ev-2026-p2-seeall",
    "code_fra": "FRA06300179",
    "acces_autonome": "a_confirmer",
    "acces_motif": "fiche d'accès vide",
    "_umap_options": {
     "color": "#15803D",
     "iconClass": "Default"
    }
   }
  },
  {
   "type": "Feature",
   "geometry": {
    "type": "Point",
    "coordinates": [
     2.676959,
     45.664237
    ]
   },
   "properties": {
    "name": "FRA06300181 — ST_JULIEN_PUY_LAVEZE",
    "description": "**Verdict d'autonomie** : a_confirmer\n**Motif du verdict** : fiche d'accès vide\n**Déclaration du terrain** : fait\n**Auteur de la déclaration** : L K\n**Date de la déclaration** : 2026-09-17\n**Campagne d'appartenance** : Espaces Verts 2026 P2-SEE ALL\n**Donneur d'ordre de la campagne** : TOTEM\n**Colonne Ressources du périmètre** : SEE ALL\n**Provenance du repère** : import\n**Adresse du site** : Lieu-dit La Fumade\n**Numéro de département** : 63\n**Nom du site** : ST_JULIEN_PUY_LAVEZE\n**Coordonnées** : 45.664237, 2.676959\n[[https://www.google.com/maps?q=45.664237,2.676959|Google Maps 🌍]] · [[https://www.google.com/maps/@?api=1&map_action=pano&viewpoint=45.664237,2.676959|Street View]]\n**Déchèteries pro les plus proches** :\n[[https://www.google.com/maps?q=45.6244,2.62825|Mini Déchèterie Saint-sauves-d'auvergne (Saint-Sauves-d'Auvergne, 5.8 km)]]\n[[https://www.google.com/maps?q=45.5911,2.72045|Déchèterie de la Bourboule (La Bourboule, 8.8 km)]] — 0473655154\n[[https://www.google.com/maps?q=45.6854,2.79759|Déchèterie de Rochefort (Rochefort-Montagne, 9.7 km)]] — 0473659099\n[[https://www.google.com/maps/search/d%C3%A9ch%C3%A8terie/@45.664237,2.676959,12z|Toutes les déchèteries autour du site 🗑️]]",
    "origine": "import",
    "campagne": "Espaces Verts 2026 P2-SEE ALL",
    "towerco": "TOTEM",
    "ressources": "SEE ALL",
    "nom_site": "ST_JULIEN_PUY_LAVEZE",
    "adresse": "Lieu-dit La Fumade",
    "departement": "63",
    "etat_terrain": "fait",
    "declare_par": "L K",
    "declare_le": "2026-09-17",
    "calque": "mp-ev-2026-p2-seeall",
    "code_fra": "FRA06300181",
    "acces_autonome": "a_confirmer",
    "acces_motif": "fiche d'accès vide",
    "_umap_options": {
     "color": "#15803D",
     "iconClass": "Default"
    }
   }
  },
  {
   "type": "Feature",
   "geometry": {
    "type": "Point",
    "coordinates": [
     2.999715,
     45.763327
    ]
   },
   "properties": {
    "name": "FRA06300182 — MONTRODEIX",
    "description": "**Verdict d'autonomie** : a_confirmer\n**Motif du verdict** : fiche d'accès vide\n**Déclaration du terrain** : fait\n**Auteur de la déclaration** : L K\n**Date de la déclaration** : 2026-09-24\n**Campagne d'appartenance** : Espaces Verts 2026 P2-SEE ALL\n**Donneur d'ordre de la campagne** : TOTEM\n**Colonne Ressources du périmètre** : SEE ALL\n**Provenance du repère** : import\n**Adresse du site** : BTS MONTRODEIX PARC 921 SECTIO\n**Numéro de département** : 63\n**Nom du site** : MONTRODEIX\n**Coordonnées** : 45.763327, 2.999715\n[[https://www.google.com/maps?q=45.763327,2.999715|Google Maps 🌍]] · [[https://www.google.com/maps/@?api=1&map_action=pano&viewpoint=45.763327,2.999715|Street View]]\n**Déchèteries pro les plus proches** :\n[[https://www.google.com/maps?q=45.7053,3.02121|Déchèterie de Theix Saint-genès (Saint-Genès-Champanelle, 6.7 km)]] — 0473873147\n[[https://www.google.com/maps?q=45.8271,3.06482|Déchèterie de Blanzat (BLANZAT, 8.7 km)]] — 0473876350\n[[https://www.google.com/maps?q=45.7431,3.10739|Déchèterie de Romagnat (ROMAGNAT, 8.7 km)]] — 0473449726\n[[https://www.google.com/maps/search/d%C3%A9ch%C3%A8terie/@45.763327,2.999715,12z|Toutes les déchèteries autour du site 🗑️]]",
    "origine": "import",
    "campagne": "Espaces Verts 2026 P2-SEE ALL",
    "towerco": "TOTEM",
    "ressources": "SEE ALL",
    "nom_site": "MONTRODEIX",
    "adresse": "BTS MONTRODEIX PARC 921 SECTIO",
    "departement": "63",
    "etat_terrain": "fait",
    "declare_par": "L K",
    "declare_le": "2026-09-24",
    "calque": "mp-ev-2026-p2-seeall",
    "code_fra": "FRA06300182",
    "acces_autonome": "a_confirmer",
    "acces_motif": "fiche d'accès vide",
    "_umap_options": {
     "color": "#15803D",
     "iconClass": "Default"
    }
   }
  },
  {
   "type": "Feature",
   "geometry": {
    "type": "Point",
    "coordinates": [
     3.023324,
     45.779443
    ]
   },
   "properties": {
    "name": "FRA06300183 — ORCINES",
    "description": "**Verdict d'autonomie** : a_confirmer\n**Motif du verdict** : fiche d'accès vide\n**Déclaration du terrain** : fait\n**Auteur de la déclaration** : L K\n**Date de la déclaration** : 2026-09-24\n**Campagne d'appartenance** : Espaces Verts 2026 P2-SEE ALL\n**Donneur d'ordre de la campagne** : TOTEM\n**Colonne Ressources du périmètre** : SEE ALL\n**Provenance du repère** : import\n**Adresse du site** : BTS LDT LA BARAQUE ORCINES\n**Numéro de département** : 63\n**Nom du site** : ORCINES\n**Coordonnées** : 45.779443, 3.023324\n[[https://www.google.com/maps?q=45.779443,3.023324|Google Maps 🌍]] · [[https://www.google.com/maps/@?api=1&map_action=pano&viewpoint=45.779443,3.023324|Street View]]\n**Déchèteries pro les plus proches** :\n[[https://www.google.com/maps?q=45.8271,3.06482|Déchèterie de Blanzat (BLANZAT, 6.2 km)]] — 0473876350\n[[https://www.google.com/maps?q=45.7431,3.10739|Déchèterie de Romagnat (ROMAGNAT, 7.7 km)]] — 0473449726\n[[https://www.google.com/maps?q=45.7053,3.02121|Déchèterie de Theix Saint-genès (Saint-Genès-Champanelle, 8.2 km)]] — 0473873147\n[[https://www.google.com/maps/search/d%C3%A9ch%C3%A8terie/@45.779443,3.023324,12z|Toutes les déchèteries autour du site 🗑️]]",
    "origine": "import",
    "campagne": "Espaces Verts 2026 P2-SEE ALL",
    "towerco": "TOTEM",
    "ressources": "SEE ALL",
    "nom_site": "ORCINES",
    "adresse": "BTS LDT LA BARAQUE ORCINES",
    "departement": "63",
    "etat_terrain": "fait",
    "declare_par": "L K",
    "declare_le": "2026-09-24",
    "calque": "mp-ev-2026-p2-seeall",
    "code_fra": "FRA06300183",
    "acces_autonome": "a_confirmer",
    "acces_motif": "fiche d'accès vide",
    "_umap_options": {
     "color": "#15803D",
     "iconClass": "Default"
    }
   }
  },
  {
   "type": "Feature",
   "geometry": {
    "type": "Point",
    "coordinates": [
     3.285278,
     45.762222
    ]
   },
   "properties": {
    "name": "FRA06300184 — VERTAIZON",
    "description": "**Verdict d'autonomie** : a_confirmer\n**Motif du verdict** : fiche d'accès vide\n**Campagne d'appartenance** : Espaces Verts 2026 P2-SEE ALL\n**Donneur d'ordre de la campagne** : TOTEM\n**Colonne Ressources du périmètre** : SEE ALL\n**Provenance du repère** : import\n**Adresse du site** : Rue du Puy Challas\n**Numéro de département** : 63\n**Nom du site** : VERTAIZON\n**Coordonnées** : 45.762222, 3.285278\n[[https://www.google.com/maps?q=45.762222,3.285278|Google Maps 🌍]] · [[https://www.google.com/maps/@?api=1&map_action=pano&viewpoint=45.762222,3.285278|Street View]]\n**Déchèteries pro les plus proches** :\n[[https://www.google.com/maps?q=45.7823,3.23804|Déchèterie de Pont du Chateau (PONT DU CHATEAU, 4.3 km)]]\n[[https://www.google.com/maps?q=45.7397,3.19798|Déchèterie de Cournon (COURNON-D'AUVERGNE, 7.2 km)]] — 0473844344\n[[https://www.google.com/maps?q=45.714,3.35215|Déchèterie de Billom (Montmorin, 7.5 km)]] — 0473620251\n[[https://www.google.com/maps/search/d%C3%A9ch%C3%A8terie/@45.762222,3.285278,12z|Toutes les déchèteries autour du site 🗑️]]",
    "origine": "import",
    "campagne": "Espaces Verts 2026 P2-SEE ALL",
    "towerco": "TOTEM",
    "ressources": "SEE ALL",
    "nom_site": "VERTAIZON",
    "adresse": "Rue du Puy Challas",
    "departement": "63",
    "calque": "mp-ev-2026-p2-seeall",
    "code_fra": "FRA06300184",
    "acces_autonome": "a_confirmer",
    "acces_motif": "fiche d'accès vide",
    "_umap_options": {
     "color": "#67718A",
     "iconClass": "Default"
    }
   }
  },
  {
   "type": "Feature",
   "geometry": {
    "type": "Point",
    "coordinates": [
     3.4593,
     45.831142
    ]
   },
   "properties": {
    "name": "FRA06300185 — PESCHADOIRES_N89",
    "description": "**Verdict d'autonomie** : a_confirmer\n**Motif du verdict** : fiche d'accès vide\n**Campagne d'appartenance** : Espaces Verts 2026 P2-SEE ALL\n**Donneur d'ordre de la campagne** : TOTEM\n**Colonne Ressources du périmètre** : SEE ALL\n**Provenance du repère** : import\n**Adresse du site** : Lieu-dit Bois de la Font\n**Numéro de département** : 63\n**Nom du site** : PESCHADOIRES_N89\n**Coordonnées** : 45.831142, 3.459300\n[[https://www.google.com/maps?q=45.831142,3.459300|Google Maps 🌍]] · [[https://www.google.com/maps/@?api=1&map_action=pano&viewpoint=45.831142,3.459300|Street View]]\n**Déchèteries pro les plus proches** :\n[[https://www.google.com/maps?q=45.8352,3.51399|Decheterie de Thiers (THIERS, 4.3 km)]] — 0473801506\n[[https://www.google.com/maps?q=45.8175,3.38385|Pôle de valorisation de Lezoux (Lezoux, 6.0 km)]] — 0473626928\n[[https://www.google.com/maps?q=45.7657,3.54218|Déchèterie de Courpière (Courpière, 9.7 km)]] — 0473512512\n[[https://www.google.com/maps/search/d%C3%A9ch%C3%A8terie/@45.831142,3.459300,12z|Toutes les déchèteries autour du site 🗑️]]",
    "origine": "import",
    "campagne": "Espaces Verts 2026 P2-SEE ALL",
    "towerco": "TOTEM",
    "ressources": "SEE ALL",
    "nom_site": "PESCHADOIRES_N89",
    "adresse": "Lieu-dit Bois de la Font",
    "departement": "63",
    "calque": "mp-ev-2026-p2-seeall",
    "code_fra": "FRA06300185",
    "acces_autonome": "a_confirmer",
    "acces_motif": "fiche d'accès vide",
    "_umap_options": {
     "color": "#67718A",
     "iconClass": "Default"
    }
   }
  },
  {
   "type": "Feature",
   "geometry": {
    "type": "Point",
    "coordinates": [
     2.999441,
     45.693611
    ]
   },
   "properties": {
    "name": "FRA06300186 — AYDAT_LA_CASSIERE",
    "description": "**Verdict d'autonomie** : a_confirmer\n**Motif du verdict** : fiche d'accès vide\n**Déclaration du terrain** : fait\n**Auteur de la déclaration** : L K\n**Date de la déclaration** : 2026-09-24\n**Campagne d'appartenance** : Espaces Verts 2026 P2-SEE ALL\n**Donneur d'ordre de la campagne** : TOTEM\n**Colonne Ressources du périmètre** : SEE ALL\n**Provenance du repère** : import\n**Adresse du site** : LDT LA CASSIERE CHEMIN RURAL\n**Numéro de département** : 63\n**Nom du site** : AYDAT_LA_CASSIERE\n**Coordonnées** : 45.693611, 2.999441\n[[https://www.google.com/maps?q=45.693611,2.999441|Google Maps 🌍]] · [[https://www.google.com/maps/@?api=1&map_action=pano&viewpoint=45.693611,2.999441|Street View]]\n**Déchèteries pro les plus proches** :\n[[https://www.google.com/maps?q=45.7053,3.02121|Déchèterie de Theix Saint-genès (Saint-Genès-Champanelle, 2.1 km)]] — 0473873147\n[[https://www.google.com/maps?q=45.7431,3.10739|Déchèterie de Romagnat (ROMAGNAT, 10.0 km)]] — 0473449726\n[[https://www.google.com/maps?q=45.6935,3.16097|Déchèterie de Veyre Monton (Veyre-Monton, 12.5 km)]] — 0473709287\n[[https://www.google.com/maps/search/d%C3%A9ch%C3%A8terie/@45.693611,2.999441,12z|Toutes les déchèteries autour du site 🗑️]]",
    "origine": "import",
    "campagne": "Espaces Verts 2026 P2-SEE ALL",
    "towerco": "TOTEM",
    "ressources": "SEE ALL",
    "nom_site": "AYDAT_LA_CASSIERE",
    "adresse": "LDT LA CASSIERE CHEMIN RURAL",
    "departement": "63",
    "etat_terrain": "fait",
    "declare_par": "L K",
    "declare_le": "2026-09-24",
    "calque": "mp-ev-2026-p2-seeall",
    "code_fra": "FRA06300186",
    "acces_autonome": "a_confirmer",
    "acces_motif": "fiche d'accès vide",
    "_umap_options": {
     "color": "#15803D",
     "iconClass": "Default"
    }
   }
  },
  {
   "type": "Feature",
   "geometry": {
    "type": "Point",
    "coordinates": [
     2.942489,
     45.685278
    ]
   },
   "properties": {
    "name": "FRA06300187 — RANDANNE",
    "description": "**Verdict d'autonomie** : a_confirmer\n**Motif du verdict** : fiche d'accès vide\n**Déclaration du terrain** : fait\n**Auteur de la déclaration** : L K\n**Date de la déclaration** : 2026-09-24\n**Campagne d'appartenance** : Espaces Verts 2026 P2-SEE ALL\n**Donneur d'ordre de la campagne** : TOTEM\n**Colonne Ressources du périmètre** : SEE ALL\n**Provenance du repère** : import\n**Adresse du site** : Lieu-dit RN 89 - EDF : 63210 AURIERES\n**Numéro de département** : 63\n**Nom du site** : RANDANNE\n**Coordonnées** : 45.685278, 2.942489\n[[https://www.google.com/maps?q=45.685278,2.942489|Google Maps 🌍]] · [[https://www.google.com/maps/@?api=1&map_action=pano&viewpoint=45.685278,2.942489|Street View]]\n**Déchèteries pro les plus proches** :\n[[https://www.google.com/maps?q=45.7053,3.02121|Déchèterie de Theix Saint-genès (Saint-Genès-Champanelle, 6.5 km)]] — 0473873147\n[[https://www.google.com/maps?q=45.6854,2.79759|Déchèterie de Rochefort (Rochefort-Montagne, 11.3 km)]] — 0473659099\n[[https://www.google.com/maps?q=45.7431,3.10739|Déchèterie de Romagnat (ROMAGNAT, 14.3 km)]] — 0473449726\n[[https://www.google.com/maps/search/d%C3%A9ch%C3%A8terie/@45.685278,2.942489,12z|Toutes les déchèteries autour du site 🗑️]]",
    "origine": "import",
    "campagne": "Espaces Verts 2026 P2-SEE ALL",
    "towerco": "TOTEM",
    "ressources": "SEE ALL",
    "nom_site": "RANDANNE",
    "adresse": "Lieu-dit RN 89 - EDF : 63210 AURIERES",
    "departement": "63",
    "etat_terrain": "fait",
    "declare_par": "L K",
    "declare_le": "2026-09-24",
    "calque": "mp-ev-2026-p2-seeall",
    "code_fra": "FRA06300187",
    "acces_autonome": "a_confirmer",
    "acces_motif": "fiche d'accès vide",
    "_umap_options": {
     "color": "#15803D",
     "iconClass": "Default"
    }
   }
  },
  {
   "type": "Feature",
   "geometry": {
    "type": "Point",
    "coordinates": [
     3.475278,
     45.760548
    ]
   },
   "properties": {
    "name": "FRA06300192 — SERMENTIZON_FT",
    "description": "**Verdict d'autonomie** : a_confirmer\n**Motif du verdict** : fiche d'accès vide\n**Campagne d'appartenance** : Espaces Verts 2026 P2-SEE ALL\n**Donneur d'ordre de la campagne** : TOTEM\n**Colonne Ressources du périmètre** : SEE ALL\n**Provenance du repère** : import\n**Adresse du site** : Lieu-dit RICOU\n**Numéro de département** : 63\n**Nom du site** : SERMENTIZON_FT\n**Coordonnées** : 45.760548, 3.475278\n[[https://www.google.com/maps?q=45.760548,3.475278|Google Maps 🌍]] · [[https://www.google.com/maps/@?api=1&map_action=pano&viewpoint=45.760548,3.475278|Street View]]\n**Déchèteries pro les plus proches** :\n[[https://www.google.com/maps?q=45.7657,3.54218|Déchèterie de Courpière (Courpière, 5.2 km)]] — 0473512512\n[[https://www.google.com/maps?q=45.8352,3.51399|Decheterie de Thiers (THIERS, 8.8 km)]] — 0473801506\n[[https://www.google.com/maps?q=45.8175,3.38385|Pôle de valorisation de Lezoux (Lezoux, 9.5 km)]] — 0473626928\n[[https://www.google.com/maps/search/d%C3%A9ch%C3%A8terie/@45.760548,3.475278,12z|Toutes les déchèteries autour du site 🗑️]]",
    "origine": "import",
    "campagne": "Espaces Verts 2026 P2-SEE ALL",
    "towerco": "TOTEM",
    "ressources": "SEE ALL",
    "nom_site": "SERMENTIZON_FT",
    "adresse": "Lieu-dit RICOU",
    "departement": "63",
    "calque": "mp-ev-2026-p2-seeall",
    "code_fra": "FRA06300192",
    "acces_autonome": "a_confirmer",
    "acces_motif": "fiche d'accès vide",
    "_umap_options": {
     "color": "#67718A",
     "iconClass": "Default"
    }
   }
  },
  {
   "type": "Feature",
   "geometry": {
    "type": "Point",
    "coordinates": [
     3.517771,
     45.989714
    ]
   },
   "properties": {
    "name": "FRA06300193 — CHATELDON_FT",
    "description": "**Verdict d'autonomie** : a_confirmer\n**Motif du verdict** : fiche d'accès vide\n**Campagne d'appartenance** : Espaces Verts 2026 P2-SEE ALL\n**Donneur d'ordre de la campagne** : TOTEM\n**Colonne Ressources du périmètre** : SEE ALL\n**Provenance du repère** : import\n**Adresse du site** : LE CHATAIGNIER\n**Numéro de département** : 63\n**Nom du site** : CHATELDON_FT\n**Coordonnées** : 45.989714, 3.517771\n[[https://www.google.com/maps?q=45.989714,3.517771|Google Maps 🌍]] · [[https://www.google.com/maps/@?api=1&map_action=pano&viewpoint=45.989714,3.517771|Street View]]\n**Déchèteries pro les plus proches** :\n[[https://www.google.com/maps?q=45.9501,3.48088|Déchèterie de Puy-guillaume (Puy-Guillaume, 5.2 km)]] — 0473946739\n[[https://www.google.com/maps?q=46.0756,3.46009|Déchèterie de Saint Yorre (Saint-Yorre, 10.5 km)]] — 0685017215\n[[https://www.google.com/maps?q=46.0582,3.65774|Déchèterie de Mayet de Montagne (Le Mayet-de-Montagne, 13.2 km)]] — 0685017217\n[[https://www.google.com/maps/search/d%C3%A9ch%C3%A8terie/@45.989714,3.517771,12z|Toutes les déchèteries autour du site 🗑️]]",
    "origine": "import",
    "campagne": "Espaces Verts 2026 P2-SEE ALL",
    "towerco": "TOTEM",
    "ressources": "SEE ALL",
    "nom_site": "CHATELDON_FT",
    "adresse": "LE CHATAIGNIER",
    "departement": "63",
    "calque": "mp-ev-2026-p2-seeall",
    "code_fra": "FRA06300193",
    "acces_autonome": "a_confirmer",
    "acces_motif": "fiche d'accès vide",
    "_umap_options": {
     "color": "#67718A",
     "iconClass": "Default"
    }
   }
  },
  {
   "type": "Feature",
   "geometry": {
    "type": "Point",
    "coordinates": [
     2.720267,
     45.468882
    ]
   },
   "properties": {
    "name": "FRA06300198 — SAINT_DONAT_FT",
    "description": "**Verdict d'autonomie** : a_confirmer\n**Motif du verdict** : fiche d'accès vide\n**Déclaration du terrain** : fait\n**Auteur de la déclaration** : L K\n**Date de la déclaration** : 2026-09-17\n**Campagne d'appartenance** : Espaces Verts 2026 P2-SEE ALL\n**Donneur d'ordre de la campagne** : TOTEM\n**Colonne Ressources du périmètre** : SEE ALL\n**Provenance du repère** : import\n**Adresse du site** : Lieu-dit PUY de la CROIX\n**Numéro de département** : 63\n**Nom du site** : SAINT_DONAT_FT\n**Coordonnées** : 45.468882, 2.720267\n[[https://www.google.com/maps?q=45.468882,2.720267|Google Maps 🌍]] · [[https://www.google.com/maps/@?api=1&map_action=pano&viewpoint=45.468882,2.720267|Street View]]\n**Déchèteries pro les plus proches** :\n[[https://www.google.com/maps?q=45.5141,2.5971|Déchèterie de Bagnols (Bagnols, 10.8 km)]] — 0473222396\n[[https://www.google.com/maps?q=45.5911,2.72045|Déchèterie de la Bourboule (La Bourboule, 13.6 km)]] — 0473655154\n[[https://www.google.com/maps?q=45.3331,2.75404|Déchèterie de Condat (Condat, 15.3 km)]] — 0471689197\n[[https://www.google.com/maps/search/d%C3%A9ch%C3%A8terie/@45.468882,2.720267,12z|Toutes les déchèteries autour du site 🗑️]]",
    "origine": "import",
    "campagne": "Espaces Verts 2026 P2-SEE ALL",
    "towerco": "TOTEM",
    "ressources": "SEE ALL",
    "nom_site": "SAINT_DONAT_FT",
    "adresse": "Lieu-dit PUY de la CROIX",
    "departement": "63",
    "etat_terrain": "fait",
    "declare_par": "L K",
    "declare_le": "2026-09-17",
    "calque": "mp-ev-2026-p2-seeall",
    "code_fra": "FRA06300198",
    "acces_autonome": "a_confirmer",
    "acces_motif": "fiche d'accès vide",
    "_umap_options": {
     "color": "#15803D",
     "iconClass": "Default"
    }
   }
  },
  {
   "type": "Feature",
   "geometry": {
    "type": "Point",
    "coordinates": [
     2.586137,
     45.728693
    ]
   },
   "properties": {
    "name": "FRA06300206 — ND_RS_ST_GERMAIN_LASTIC_ORF",
    "description": "**Verdict d'autonomie** : a_confirmer\n**Motif du verdict** : fiche d'accès vide\n**Déclaration du terrain** : fait\n**Auteur de la déclaration** : L K\n**Date de la déclaration** : 2026-09-17\n**Campagne d'appartenance** : Espaces Verts 2026 P2-SEE ALL\n**Donneur d'ordre de la campagne** : TOTEM\n**Colonne Ressources du périmètre** : SEE ALL\n**Provenance du repère** : import\n**Adresse du site** : Lieu dit Bessandoux Route D82\n**Numéro de département** : 63\n**Nom du site** : ND_RS_ST_GERMAIN_LASTIC_ORF\n**Coordonnées** : 45.728693, 2.586137\n[[https://www.google.com/maps?q=45.728693,2.586137|Google Maps 🌍]] · [[https://www.google.com/maps/@?api=1&map_action=pano&viewpoint=45.728693,2.586137|Street View]]\n**Déchèteries pro les plus proches** :\n[[https://www.google.com/maps?q=45.7383,2.57662|Déchèterie de Saint Germain Pres Herment (Saint-Germain-près-Herment, 1.3 km)]] — 0473221548\n[[https://www.google.com/maps?q=45.6244,2.62825|Mini Déchèterie Saint-sauves-d'auvergne (Saint-Sauves-d'Auvergne, 12.0 km)]]\n[[https://www.google.com/maps?q=45.8097,2.46898|Déchèterie de Giat (Giat, 12.8 km)]] — 0473217772\n[[https://www.google.com/maps/search/d%C3%A9ch%C3%A8terie/@45.728693,2.586137,12z|Toutes les déchèteries autour du site 🗑️]]",
    "origine": "import",
    "campagne": "Espaces Verts 2026 P2-SEE ALL",
    "towerco": "TOTEM",
    "ressources": "SEE ALL",
    "nom_site": "ND_RS_ST_GERMAIN_LASTIC_ORF",
    "adresse": "Lieu dit Bessandoux Route D82",
    "departement": "63",
    "etat_terrain": "fait",
    "declare_par": "L K",
    "declare_le": "2026-09-17",
    "calque": "mp-ev-2026-p2-seeall",
    "code_fra": "FRA06300206",
    "acces_autonome": "a_confirmer",
    "acces_motif": "fiche d'accès vide",
    "_umap_options": {
     "color": "#15803D",
     "iconClass": "Default"
    }
   }
  },
  {
   "type": "Feature",
   "geometry": {
    "type": "Point",
    "coordinates": [
     3.245651,
     45.786673
    ]
   },
   "properties": {
    "name": "FRA06300218 — PONT_DU_CHATEAU_SUD",
    "description": "**Verdict d'autonomie** : a_confirmer\n**Motif du verdict** : fiche d'accès vide\n**Campagne d'appartenance** : Espaces Verts 2026 P2-SEE ALL\n**Donneur d'ordre de la campagne** : TOTEM\n**Colonne Ressources du périmètre** : SEE ALL\n**Provenance du repère** : import\n**Adresse du site** : B Lieu dit Bas du Chambon\n**Numéro de département** : 63\n**Nom du site** : PONT_DU_CHATEAU_SUD\n**Coordonnées** : 45.786673, 3.245651\n[[https://www.google.com/maps?q=45.786673,3.245651|Google Maps 🌍]] · [[https://www.google.com/maps/@?api=1&map_action=pano&viewpoint=45.786673,3.245651|Street View]]\n**Déchèteries pro les plus proches** :\n[[https://www.google.com/maps?q=45.7823,3.23804|Déchèterie de Pont du Chateau (PONT DU CHATEAU, 0.8 km)]]\n[[https://www.google.com/maps?q=45.7397,3.19798|Déchèterie de Cournon (COURNON-D'AUVERGNE, 6.4 km)]] — 0473844344\n[[https://www.google.com/maps?q=45.7965,3.12879|Déchèterie de Gravanches Clermont-ferrand (Clermont-Ferrand, 9.1 km)]] — 0473248920\n[[https://www.google.com/maps/search/d%C3%A9ch%C3%A8terie/@45.786673,3.245651,12z|Toutes les déchèteries autour du site 🗑️]]",
    "origine": "import",
    "campagne": "Espaces Verts 2026 P2-SEE ALL",
    "towerco": "TOTEM",
    "ressources": "SEE ALL",
    "nom_site": "PONT_DU_CHATEAU_SUD",
    "adresse": "B Lieu dit Bas du Chambon",
    "departement": "63",
    "calque": "mp-ev-2026-p2-seeall",
    "code_fra": "FRA06300218",
    "acces_autonome": "a_confirmer",
    "acces_motif": "fiche d'accès vide",
    "_umap_options": {
     "color": "#67718A",
     "iconClass": "Default"
    }
   }
  }
 ],
 "_umap_options": {
  "name": "Espaces Verts 2026 P2-SEE ALL",
  "displayOnLoad": true,
  "browsable": true,
  "popupTemplate": "Default"
 }
}
