{
 "type": "FeatureCollection",
 "features": [
  {
   "type": "Feature",
   "geometry": {
    "type": "Point",
    "coordinates": [
     1.1327884,
     48.5402304
    ]
   },
   "properties": {
    "name": "FRA02800067 — DIGNY",
    "description": "**Numéro de Work Order** : WO-206000\n**État du WO** : Travaux planifiés\n**Scope de maintenance** : EVT - Environnement Technique + SH - Structure Haute\n**Date de planification** : 2026-09-30\n**Verdict d'autonomie** : non_autonome\n**Motif du verdict** : moyens d'accès à récupérer sur place\n**Numéro de DAS** : DAS-N0215263\n**Statut de la DAS** : Refusée\n**Début de validité** : 2026-08-28\n**Fin de validité** : 2026-08-28\n**Délai de prévenance** : 10 jours\n**Origine de la DAS** : airtable\n**Campagne d'appartenance** : TOTEM 2026 passage 1\n**Donneur d'ordre de la campagne** : TOTEM\n**Colonne Ressources du périmètre** : SEE ALL\n**Provenance du repère** : airtable\n**Adresse du site** : Château d'eau de Digny\n**Numéro de département** : 28\n**Nom du site** : DIGNY\n**Coordonnées** : 48.540230, 1.132788\n[[https://www.google.com/maps?q=48.540230,1.132788|Google Maps 🌍]] · [[https://www.google.com/maps/@?api=1&map_action=pano&viewpoint=48.540230,1.132788|Street View]]\n**Déchèteries pro les plus proches** :\n[[https://www.google.com/maps?q=48.5598,1.04717|Déchèterie de Senonches (Senonches, 6.7 km)]] — 0237379870\n[[https://www.google.com/maps?q=48.5943,1.23532|Déchèterie de Châteauneuf en Thymerais (Châteauneuf-en-Thymerais, 9.6 km)]] — 0237518657\n[[https://www.google.com/maps?q=48.453,1.02539|Déchèterie de Saint Eliph (Saint-Éliph, 12.5 km)]] — 0237813419\n[[https://www.google.com/maps/search/d%C3%A9ch%C3%A8terie/@48.540230,1.132788,12z|Toutes les déchèteries autour du site 🗑️]]\n\n**Fiche d'accès**\nDigicode:\nBadge:\nBoite à clés: Non\nPortail / Portillon: Non - La clé du cadenas Zénith 45 du portail de l’enceinte du château d’eau sera à retirer en leurs bureaux SUEZ Eau France SAS- agence Normandie - secteur du Perche Z.A. du val de l’Huisne - rue de Margas - 28400 NOGENT LE ROTROU avant 09H00 le matin du premier jour d’intervention.\nDélais de prévenance: 10.0\n\nAccès équipement(s):\nBadge:\nClés:\nCadenas:\n\nAccès aérien(s):\nDigicode:\nBadge:\nClés: Clé électronique ABLOY\nCadenas:\n\nCommentaire d'accès: 08/01/26 D cockpit O+M:\n✉️ Pour toute intervention : Merci de remplir le formulaire via le lien\n👉 www.antennistegdo.toutsurmesservices.fr\n\n⏳ Délai de prévenance : 10 jours à l’avance\n\n🔑 Accès : Les modalités seront précisées par le bailleur dans sa réponse",
    "origine": "airtable",
    "campagne": "TOTEM 2026 passage 1",
    "towerco": "TOTEM",
    "ressources": "SEE ALL",
    "nom_site": "DIGNY",
    "adresse": "Château d'eau de Digny",
    "departement": "28",
    "scope": "EVT - Environnement Technique + SH - Structure Haute",
    "etat_wo": "Travaux planifiés",
    "wo": "WO-206000",
    "acces_detail": "Digicode:\nBadge:\nBoite à clés: Non\nPortail / Portillon: Non - La clé du cadenas Zénith 45 du portail de l’enceinte du château d’eau sera à retirer en leurs bureaux SUEZ Eau France SAS- agence Normandie - secteur du Perche Z.A. du val de l’Huisne - rue de Margas - 28400 NOGENT LE ROTROU avant 09H00 le matin du premier jour d’intervention.\nDélais de prévenance: 10.0\n\nAccès équipement(s):\nBadge:\nClés:\nCadenas:\n\nAccès aérien(s):\nDigicode:\nBadge:\nClés: Clé électronique ABLOY\nCadenas:\n\nCommentaire d'accès: 08/01/26 D cockpit O+M:\n✉️ Pour toute intervention : Merci de remplir le formulaire via le lien\n👉 www.antennistegdo.toutsurmesservices.fr\n\n⏳ Délai de prévenance : 10 jours à l’avance\n\n🔑 Accès : Les modalités seront précisées par le bailleur dans sa réponse",
    "date_planification": "2026-09-30",
    "das_numero": "DAS-N0215263",
    "das_statut": "Refusée",
    "das_debut": "2026-08-28",
    "das_fin": "2026-08-28",
    "das_provenance": "airtable",
    "das_prevenance": "10 jours",
    "calque": "mp-totem-2026-p1",
    "code_fra": "FRA02800067",
    "acces_autonome": "non_autonome",
    "acces_motif": "moyens d'accès à récupérer sur place",
    "_umap_options": {
     "color": "#F59E0B",
     "iconClass": "Drop"
    }
   }
  },
  {
   "type": "Feature",
   "geometry": {
    "type": "Point",
    "coordinates": [
     1.0466727,
     48.559642
    ]
   },
   "properties": {
    "name": "FRA02800068 — SENONCHES",
    "description": "**Numéro de Work Order** : WO-204452 + WO-227794 + WO-243400\n**État du WO** : Travaux planifiés\n**Scope de maintenance** : EVT - Environnement Technique + EV - Espaces Verts + SH - Structure Haute + EV - Espaces Verts\n**Date de planification** : 2026-10-31\n**Nécessité d'une nacelle** : oui\n**Verdict d'autonomie** : non_autonome\n**Motif du verdict** : la fiche déclare l'accès non autonome\n**Numéro de DAS** : DAS-N0212823\n**Statut de la DAS** : Acceptée\n**Début de validité** : 2026-08-17\n**Fin de validité** : 2026-08-17\n**Délai de prévenance** : 2 jours\n**Origine de la DAS** : airtable\n**Campagne d'appartenance** : TOTEM 2026 passage 1\n**Donneur d'ordre de la campagne** : TOTEM\n**Colonne Ressources du périmètre** : SEE ALL - A prioriser\n**Provenance du repère** : airtable\n**Adresse du site** : Rue du Vieux Fourneau\n**Numéro de département** : 28\n**Nom du site** : SENONCHES\n**Coordonnées** : 48.559642, 1.046673\n[[https://www.google.com/maps?q=48.559642,1.046673|Google Maps 🌍]] · [[https://www.google.com/maps/@?api=1&map_action=pano&viewpoint=48.559642,1.046673|Street View]]\n**Déchèteries pro les plus proches** :\n[[https://www.google.com/maps?q=48.5598,1.04717|Déchèterie de Senonches (Senonches, 0.0 km)]] — 0237379870\n[[https://www.google.com/maps?q=48.453,1.02539|Déchèterie de Saint Eliph (Saint-Éliph, 12.0 km)]] — 0237813419\n[[https://www.google.com/maps?q=48.6177,0.901624|Déchèterie de Lamblore (Lamblore, 12.5 km)]]\n[[https://www.google.com/maps/search/d%C3%A9ch%C3%A8terie/@48.559642,1.046673,12z|Toutes les déchèteries autour du site 🗑️]]\n\n**Fiche d'accès**\nDigicode:\nBadge:\nBoite à clés: Non\nPortail / Portillon: Mécanique - SE METTRE EN CONTACT AVEC VEOLIA\nDélais de prévenance: 2.0\n\nAccès équipement(s):\nBadge:\nClés: Clé mécanique\nCadenas:\n\nAccès aérien(s):\nDigicode:\nBadge:\nClés: Clé bailleur\nCadenas:\n\nCommentaire d'accès: 12/01/2026 Na cockpit O+M :\n\nPour toute intervention, merci d'envoyer un mail à jean-philippe.le-merrer@veolia.com\n\nDélai de prévenance: 2 jours ouvrés à l'avance\n\nAccès non Autonome",
    "origine": "airtable",
    "campagne": "TOTEM 2026 passage 1",
    "towerco": "TOTEM",
    "ressources": "SEE ALL - A prioriser",
    "nom_site": "SENONCHES",
    "adresse": "Rue du Vieux Fourneau",
    "departement": "28",
    "scope": "EVT - Environnement Technique + EV - Espaces Verts + SH - Structure Haute + EV - Espaces Verts",
    "etat_wo": "Travaux planifiés",
    "wo": "WO-204452 + WO-227794 + WO-243400",
    "acces_detail": "Digicode:\nBadge:\nBoite à clés: Non\nPortail / Portillon: Mécanique - SE METTRE EN CONTACT AVEC VEOLIA\nDélais de prévenance: 2.0\n\nAccès équipement(s):\nBadge:\nClés: Clé mécanique\nCadenas:\n\nAccès aérien(s):\nDigicode:\nBadge:\nClés: Clé bailleur\nCadenas:\n\nCommentaire d'accès: 12/01/2026 Na cockpit O+M :\n\nPour toute intervention, merci d'envoyer un mail à jean-philippe.le-merrer@veolia.com\n\nDélai de prévenance: 2 jours ouvrés à l'avance\n\nAccès non Autonome",
    "date_planification": "2026-10-31",
    "nacelle": true,
    "das_numero": "DAS-N0212823",
    "das_statut": "Acceptée",
    "das_debut": "2026-08-17",
    "das_fin": "2026-08-17",
    "das_provenance": "airtable",
    "das_prevenance": "2 jours",
    "calque": "mp-totem-2026-p1",
    "code_fra": "FRA02800068",
    "acces_autonome": "non_autonome",
    "acces_motif": "la fiche déclare l'accès non autonome",
    "_umap_options": {
     "color": "#F59E0B",
     "iconClass": "Drop"
    }
   }
  },
  {
   "type": "Feature",
   "geometry": {
    "type": "Point",
    "coordinates": [
     1.4368488,
     48.7737006
    ]
   },
   "properties": {
    "name": "FRA02800105 — BRISSARD",
    "description": "**Numéro de Work Order** : WO-204460\n**État du WO** : Travaux planifiés\n**Scope de maintenance** : EVT - Environnement Technique + SH - Structure Haute\n**Date de planification** : 2026-11-30\n**État de consignation du site** : Consignation\n**Nécessité d'une nacelle** : oui\n**Verdict d'autonomie** : non_autonome\n**Motif du verdict** : intervention accompagnée\n**Campagne d'appartenance** : TOTEM 2026 passage 1\n**Donneur d'ordre de la campagne** : TOTEM\n**Colonne Ressources du périmètre** : SEE ALL - A prioriser\n**Provenance du repère** : airtable\n**Adresse du site** : Imp. de la Corne de Cerf\n**Numéro de département** : 28\n**Nom du site** : BRISSARD\n**Coordonnées** : 48.773701, 1.436849\n[[https://www.google.com/maps?q=48.773701,1.436849|Google Maps 🌍]] · [[https://www.google.com/maps/@?api=1&map_action=pano&viewpoint=48.773701,1.436849|Street View]]\n**Déchèteries pro les plus proches** :\n[[https://www.google.com/maps?q=48.8078,1.48914|Déchèterie de Bû (Bû, 5.4 km)]] — 0686811224\n[[https://www.google.com/maps?q=48.7548,1.36637|Déchèterie de Dreux (Dreux, 5.6 km)]] — 0237500598\n[[https://www.google.com/maps?q=48.8645,1.45787|Déchèterie d'Anet (Anet, 10.2 km)]] — 0686813001\n[[https://www.google.com/maps/search/d%C3%A9ch%C3%A8terie/@48.773701,1.436849,12z|Toutes les déchèteries autour du site 🗑️]]\n\n**Fiche d'accès**\nDigicode: Badge: Boite à clés: Non Portail / Portillon: Non - Clé lyonnaise des euax Délais de prévenance: 10.0 Accès équipement(s): Badge: Clés: Clé électronique ABLOY Cadenas: Accès aérien(s): Digicode: Badge: Clés: Clé bailleur Cadenas: Commentaire d'accès: 17/11/2025 M cockpit O+M: *Pour toute intervention, merci de remplir le formulaire via le lien: www.antennistegdo.toutsurmesservices.fr *Délai de prévenance: 10 jours à l'avance *Horaires d'intervention: jours ouvrés de 08h45-11h45 et 13h30-16h30 *Un technicien SUEZ sera présent pour l’ouverture et l' accompagnement",
    "origine": "airtable",
    "campagne": "TOTEM 2026 passage 1",
    "towerco": "TOTEM",
    "ressources": "SEE ALL - A prioriser",
    "nom_site": "BRISSARD",
    "adresse": "Imp. de la Corne de Cerf",
    "departement": "28",
    "scope": "EVT - Environnement Technique + SH - Structure Haute",
    "etat_wo": "Travaux planifiés",
    "wo": "WO-204460",
    "consignation": "Consignation",
    "acces_detail": "Digicode: Badge: Boite à clés: Non Portail / Portillon: Non - Clé lyonnaise des euax Délais de prévenance: 10.0 Accès équipement(s): Badge: Clés: Clé électronique ABLOY Cadenas: Accès aérien(s): Digicode: Badge: Clés: Clé bailleur Cadenas: Commentaire d'accès: 17/11/2025 M cockpit O+M: *Pour toute intervention, merci de remplir le formulaire via le lien: www.antennistegdo.toutsurmesservices.fr *Délai de prévenance: 10 jours à l'avance *Horaires d'intervention: jours ouvrés de 08h45-11h45 et 13h30-16h30 *Un technicien SUEZ sera présent pour l’ouverture et l' accompagnement",
    "date_planification": "2026-11-30",
    "nacelle": true,
    "calque": "mp-totem-2026-p1",
    "code_fra": "FRA02800105",
    "acces_autonome": "non_autonome",
    "acces_motif": "intervention accompagnée",
    "_umap_options": {
     "color": "#F59E0B",
     "iconClass": "Drop"
    }
   }
  },
  {
   "type": "Feature",
   "geometry": {
    "type": "Point",
    "coordinates": [
     1.4185583,
     48.2380482
    ]
   },
   "properties": {
    "name": "FRA02800138 — AUGONVILLE",
    "description": "**Numéro de Work Order** : WO-205944\n**État du WO** : Travaux planifiés\n**Scope de maintenance** : EVT - Environnement Technique + SH - Structure Haute\n**Date de planification** : 2026-09-30\n**Verdict d'autonomie** : non_autonome\n**Motif du verdict** : un tiers ouvre le site\n**Numéro de DAS** : DAS-N0215264\n**Statut de la DAS** : Refusée\n**Début de validité** : 2026-08-28\n**Fin de validité** : 2026-08-28\n**Délai de prévenance** : 2 jours\n**Origine de la DAS** : airtable\n**Campagne d'appartenance** : TOTEM 2026 passage 1\n**Donneur d'ordre de la campagne** : TOTEM\n**Colonne Ressources du périmètre** : SEE ALL\n**Provenance du repère** : airtable\n**Adresse du site** : Lieu-dit LA CRAPOTIERE\n**Numéro de département** : 28\n**Nom du site** : AUGONVILLE\n**Coordonnées** : 48.238048, 1.418558\n[[https://www.google.com/maps?q=48.238048,1.418558|Google Maps 🌍]] · [[https://www.google.com/maps/@?api=1&map_action=pano&viewpoint=48.238048,1.418558|Street View]]\n**Déchèteries pro les plus proches** :\n[[https://www.google.com/maps?q=48.1991,1.40028|Déchèterie de Bonneval (Bonneval, 4.5 km)]] — 0237474615\n[[https://www.google.com/maps?q=48.3482,1.46571|Déchèterie de Dammarie (Dammarie, 12.7 km)]]\n[[https://www.google.com/maps?q=48.3085,1.24333|Déchèterie de Illiers Combray (Illiers-Combray, 15.2 km)]] — 0237241332\n[[https://www.google.com/maps/search/d%C3%A9ch%C3%A8terie/@48.238048,1.418558,12z|Toutes les déchèteries autour du site 🗑️]]\n\n**Fiche d'accès**\nDigicode:\nBadge:\nBoite à clés:\nPortail / Portillon: Non - PASS DENY ORL45 OU DENY 28 P\nDélais de prévenance: 2.0\n\nAccès équipement(s):\nBadge:\nClés: Clé mécanique\nCadenas:\n\nAccès aérien(s):\nDigicode:\nBadge:\nClés: Clé bailleur\nCadenas:\n\nCommentaire d'accès: 17/11/2025 M cockpit O+M:\n*Pour toute intervention, merci d'envoyer un mail à mairie.montboissier@wanadoo.fr\n\n*Délai de prévenance: 2 jours à l'avance\n\n*Un agent communal ouvrira aux techniciens, il sera disponible le lundi après-midi, mardi et mercredi\n\n*Contact de la mairie: 02 37 47 30 64",
    "origine": "airtable",
    "campagne": "TOTEM 2026 passage 1",
    "towerco": "TOTEM",
    "ressources": "SEE ALL",
    "nom_site": "AUGONVILLE",
    "adresse": "Lieu-dit LA CRAPOTIERE",
    "departement": "28",
    "scope": "EVT - Environnement Technique + SH - Structure Haute",
    "etat_wo": "Travaux planifiés",
    "wo": "WO-205944",
    "acces_detail": "Digicode:\nBadge:\nBoite à clés:\nPortail / Portillon: Non - PASS DENY ORL45 OU DENY 28 P\nDélais de prévenance: 2.0\n\nAccès équipement(s):\nBadge:\nClés: Clé mécanique\nCadenas:\n\nAccès aérien(s):\nDigicode:\nBadge:\nClés: Clé bailleur\nCadenas:\n\nCommentaire d'accès: 17/11/2025 M cockpit O+M:\n*Pour toute intervention, merci d'envoyer un mail à mairie.montboissier@wanadoo.fr\n\n*Délai de prévenance: 2 jours à l'avance\n\n*Un agent communal ouvrira aux techniciens, il sera disponible le lundi après-midi, mardi et mercredi\n\n*Contact de la mairie: 02 37 47 30 64",
    "date_planification": "2026-09-30",
    "das_numero": "DAS-N0215264",
    "das_statut": "Refusée",
    "das_debut": "2026-08-28",
    "das_fin": "2026-08-28",
    "das_provenance": "airtable",
    "das_prevenance": "2 jours",
    "calque": "mp-totem-2026-p1",
    "code_fra": "FRA02800138",
    "acces_autonome": "non_autonome",
    "acces_motif": "un tiers ouvre le site",
    "_umap_options": {
     "color": "#F59E0B",
     "iconClass": "Drop"
    }
   }
  },
  {
   "type": "Feature",
   "geometry": {
    "type": "Point",
    "coordinates": [
     1.8850352,
     47.907585
    ]
   },
   "properties": {
    "name": "FRA04500025 — ST_JEAN_RUELLE",
    "description": "**Numéro de Work Order** : WO-205977\n**État du WO** : Travaux planifiés\n**Scope de maintenance** : EVT - Environnement Technique + SH - Structure Haute\n**Date de planification** : 2026-09-30\n**État de consignation du site** : Consigne Particulière\n**Nécessité d'une nacelle** : oui\n**Verdict d'autonomie** : non_autonome\n**Motif du verdict** : ouverture par interphone\n**Numéro de DAS** : DAS-N0215265\n**Statut de la DAS** : Refusée\n**Début de validité** : 2026-08-28\n**Fin de validité** : 2026-08-28\n**Délai de prévenance** : 10 jours\n**Origine de la DAS** : airtable\n**Campagne d'appartenance** : TOTEM 2026 passage 1\n**Donneur d'ordre de la campagne** : TOTEM\n**Colonne Ressources du périmètre** : SEE ALL\n**Provenance du repère** : airtable\n**Adresse du site** : 89 Rue du faubourg St Jean\n**Numéro de département** : 45\n**Nom du site** : ST_JEAN_RUELLE\n**Coordonnées** : 47.907585, 1.885035\n[[https://www.google.com/maps?q=47.907585,1.885035|Google Maps 🌍]] · [[https://www.google.com/maps/@?api=1&map_action=pano&viewpoint=47.907585,1.885035|Street View]]\n**Déchèteries pro les plus proches** :\n[[https://www.google.com/maps?q=47.8824,1.8822|Déchèterie d'Orléans (Orléans, 2.8 km)]] — 0238519896\n[[https://www.google.com/maps?q=47.884,1.86356|Végé'tri de Saint-pryvé-saint-mesmin (Saint-Pryvé-Saint-Mesmin, 3.1 km)]]\n[[https://www.google.com/maps?q=47.8828,1.86247|Comptoir du réemploi et du recyclage de Saint-pryvé-saint-mesmin (Saint-Pryvé-Saint-Mesmin, 3.2 km)]]\n[[https://www.google.com/maps/search/d%C3%A9ch%C3%A8terie/@47.907585,1.885035,12z|Toutes les déchèteries autour du site 🗑️]]\n\n**Fiche d'accès**\nDigicode: OUI\nBadge: INTERPHONE POSTE INFIRMERIE SONNER POUR L’OUVERTURE DU PORTAIL ELECTRIQUE\nBoite à clés: Oui\nPortail / Portillon:\nDélais de prévenance: 10.0\n\nAccès équipement(s):\nBadge: Non\nClés: Clé mécanique\nCadenas:\n\nAccès aérien(s):\nDigicode:\nBadge:\nClés:\nCadenas:\n\nCommentaire d'accès: MK EXPERIS 19/08/2026\nNi SUEZ ni la commune de Saint Jean de la Ruelle ne gèrent ce site.\n- Dernière infos communiquées (à vérifier)\n0238784949\ninfos.eau@orleans-metropole.fr\nce serait Aqualige filiale de Suez\n\n15/01/26 D cockpit O+M:\nAdresse plus valide : visio.gdo.usines@suez.com\n\n✉️ Pour toute intervention : Merci de remplir le formulaire via le lien\n👉 www.antennistegdo.toutsurmesservices.fr\nIndiquer ville : ORLEANS\nréservoir : POUPONNIERE\n⏳ Délai de prévenance : 10 jours à l’avance\n⏱️ Horaires d'interventions: lundi au jeudi de 8h00 à 16h30 et le vendredi de 8h00 à 12h00\n🔑 Accès : Les modalités seront précisées par le bailleur dans sa réponse",
    "origine": "airtable",
    "campagne": "TOTEM 2026 passage 1",
    "towerco": "TOTEM",
    "ressources": "SEE ALL",
    "nom_site": "ST_JEAN_RUELLE",
    "adresse": "89 Rue du faubourg St Jean",
    "departement": "45",
    "scope": "EVT - Environnement Technique + SH - Structure Haute",
    "etat_wo": "Travaux planifiés",
    "wo": "WO-205977",
    "consignation": "Consigne Particulière",
    "acces_detail": "Digicode: OUI\nBadge: INTERPHONE POSTE INFIRMERIE SONNER POUR L’OUVERTURE DU PORTAIL ELECTRIQUE\nBoite à clés: Oui\nPortail / Portillon:\nDélais de prévenance: 10.0\n\nAccès équipement(s):\nBadge: Non\nClés: Clé mécanique\nCadenas:\n\nAccès aérien(s):\nDigicode:\nBadge:\nClés:\nCadenas:\n\nCommentaire d'accès: MK EXPERIS 19/08/2026\nNi SUEZ ni la commune de Saint Jean de la Ruelle ne gèrent ce site.\n- Dernière infos communiquées (à vérifier)\n0238784949\ninfos.eau@orleans-metropole.fr\nce serait Aqualige filiale de Suez\n\n15/01/26 D cockpit O+M:\nAdresse plus valide : visio.gdo.usines@suez.com\n\n✉️ Pour toute intervention : Merci de remplir le formulaire via le lien\n👉 www.antennistegdo.toutsurmesservices.fr\nIndiquer ville : ORLEANS\nréservoir : POUPONNIERE\n⏳ Délai de prévenance : 10 jours à l’avance\n⏱️ Horaires d'interventions: lundi au jeudi de 8h00 à 16h30 et le vendredi de 8h00 à 12h00\n🔑 Accès : Les modalités seront précisées par le bailleur dans sa réponse",
    "date_planification": "2026-09-30",
    "nacelle": true,
    "das_numero": "DAS-N0215265",
    "das_statut": "Refusée",
    "das_debut": "2026-08-28",
    "das_fin": "2026-08-28",
    "das_provenance": "airtable",
    "das_prevenance": "10 jours",
    "calque": "mp-totem-2026-p1",
    "code_fra": "FRA04500025",
    "acces_autonome": "non_autonome",
    "acces_motif": "ouverture par interphone",
    "_umap_options": {
     "color": "#F59E0B",
     "iconClass": "Drop"
    }
   }
  },
  {
   "type": "Feature",
   "geometry": {
    "type": "Point",
    "coordinates": [
     2.7599203,
     48.0483834
    ]
   },
   "properties": {
    "name": "FRA04500057 — CEPOY",
    "description": "**Numéro de Work Order** : WO-205785\n**État du WO** : Travaux planifiés\n**Scope de maintenance** : EVT - Environnement Technique + SH - Structure Haute\n**Date de planification** : 2026-08-31\n**Verdict d'autonomie** : autonome\n**Motif du verdict** : Clé mécanique et badge équipement, prévenance mail 48 h. Aucun retrait ni RDV.\n**Numéro de DAS** : DAS-N0215266\n**Statut de la DAS** : Acceptée\n**Début de validité** : 2026-08-28\n**Fin de validité** : 2026-08-28\n**Délai de prévenance** : 1 jour\n**Origine de la DAS** : airtable\n**Campagne d'appartenance** : TOTEM 2026 passage 1\n**Donneur d'ordre de la campagne** : TOTEM\n**Colonne Ressources du périmètre** : SEE ALL\n**Provenance du repère** : airtable\n**Adresse du site** : CHATEAU D EAU LDT LES HAUTS DE\n**Numéro de département** : 45\n**Nom du site** : CEPOY\n**Coordonnées** : 48.048383, 2.759920\n[[https://www.google.com/maps?q=48.048383,2.759920|Google Maps 🌍]] · [[https://www.google.com/maps/@?api=1&map_action=pano&viewpoint=48.048383,2.759920|Street View]]\n**Déchèteries pro les plus proches** :\n[[https://www.google.com/maps?q=48.0038,2.7704|Déchèterie d'Amilly (Amilly, 5.0 km)]] — 0238891604\n[[https://www.google.com/maps?q=48.0352,2.66458|Déchèterie de Corquilleroy (CORQUILLEROY, 7.2 km)]] — 0238873742\n[[https://www.google.com/maps?q=48.1476,2.78554|Déchèterie de Dordives (DORDIVES, 11.2 km)]] — 0238921495\n[[https://www.google.com/maps/search/d%C3%A9ch%C3%A8terie/@48.048383,2.759920,12z|Toutes les déchèteries autour du site 🗑️]]\n\n**Fiche d'accès**\nDigicode: NON\nBadge:\nBoite à clés:\nPortail / Portillon: Non - BAILLEUR\nDélais de prévenance: 1.0\n\nAccès équipement(s):\nBadge: Badge\nClés: Clé mécanique\nCadenas:\n\nAccès aérien(s):\nDigicode: NON\nBadge:\nClés: Clé bailleur\nCadenas:\n\nCommentaire d'accès: NA/22/10/2025\n\nFERMIERS\n\nPas de fermier\n\nBAILLEUR\n\nNom du Contact Bailleur : SIAEP DE PUY LA LAUDE\nNom du contact bailleur :\n\nMme MAUPAS (Admin)\n\nMr FARNAULT\nNuméro de téléphone du contact bailleur : 02 38 85 17 62\nMails contacts Bailleur : syndicatdeseauxcepoy@orange.fr\n\nInformations intervention\n\nConditions d'accès :\n\nPrévenir 48h avant par mail à syndicatdeseauxcepoy@orange.fr",
    "origine": "airtable",
    "campagne": "TOTEM 2026 passage 1",
    "towerco": "TOTEM",
    "ressources": "SEE ALL",
    "nom_site": "CEPOY",
    "adresse": "CHATEAU D EAU LDT LES HAUTS DE",
    "departement": "45",
    "scope": "EVT - Environnement Technique + SH - Structure Haute",
    "etat_wo": "Travaux planifiés",
    "wo": "WO-205785",
    "acces_detail": "Digicode: NON\nBadge:\nBoite à clés:\nPortail / Portillon: Non - BAILLEUR\nDélais de prévenance: 1.0\n\nAccès équipement(s):\nBadge: Badge\nClés: Clé mécanique\nCadenas:\n\nAccès aérien(s):\nDigicode: NON\nBadge:\nClés: Clé bailleur\nCadenas:\n\nCommentaire d'accès: NA/22/10/2025\n\nFERMIERS\n\nPas de fermier\n\nBAILLEUR\n\nNom du Contact Bailleur : SIAEP DE PUY LA LAUDE\nNom du contact bailleur :\n\nMme MAUPAS (Admin)\n\nMr FARNAULT\nNuméro de téléphone du contact bailleur : 02 38 85 17 62\nMails contacts Bailleur : syndicatdeseauxcepoy@orange.fr\n\nInformations intervention\n\nConditions d'accès :\n\nPrévenir 48h avant par mail à syndicatdeseauxcepoy@orange.fr",
    "date_planification": "2026-08-31",
    "das_numero": "DAS-N0215266",
    "das_statut": "Acceptée",
    "das_debut": "2026-08-28",
    "das_fin": "2026-08-28",
    "das_provenance": "airtable",
    "das_prevenance": "1 jour",
    "calque": "mp-totem-2026-p1",
    "code_fra": "FRA04500057",
    "acces_autonome": "autonome",
    "acces_motif": "Clé mécanique et badge équipement, prévenance mail 48 h. Aucun retrait ni RDV.",
    "_umap_options": {
     "color": "#F59E0B",
     "iconClass": "Drop"
    }
   }
  },
  {
   "type": "Feature",
   "geometry": {
    "type": "Point",
    "coordinates": [
     2.7791667,
     47.9719444
    ]
   },
   "properties": {
    "name": "FRA04500087 — MONTARGIS_AMILLY",
    "description": "**Numéro de Work Order** : WO-205970\n**État du WO** : Travaux planifiés\n**Scope de maintenance** : EVT - Environnement Technique + SH - Structure Haute\n**Date de planification** : 2026-09-30\n**Verdict d'autonomie** : non_autonome\n**Motif du verdict** : ouverture conditionnée à l'accord du bailleur\n**Numéro de DAS** : DAS-N0215267\n**Statut de la DAS** : Refusée\n**Début de validité** : 2026-08-28\n**Fin de validité** : 2026-08-28\n**Délai de prévenance** : 10 jours\n**Origine de la DAS** : airtable\n**Campagne d'appartenance** : TOTEM 2026 passage 1\n**Donneur d'ordre de la campagne** : TOTEM\n**Colonne Ressources du périmètre** : SEE ALL\n**Provenance du repère** : airtable\n**Adresse du site** : 552, Rue du Maréchal Juin\n**Numéro de département** : 45\n**Nom du site** : MONTARGIS_AMILLY\n**Coordonnées** : 47.971944, 2.779167\n[[https://www.google.com/maps?q=47.971944,2.779167|Google Maps 🌍]] · [[https://www.google.com/maps/@?api=1&map_action=pano&viewpoint=47.971944,2.779167|Street View]]\n**Déchèteries pro les plus proches** :\n[[https://www.google.com/maps?q=48.0038,2.7704|Déchèterie d'Amilly (Amilly, 3.6 km)]] — 0238891604\n[[https://www.google.com/maps?q=48.0352,2.66458|Déchèterie de Corquilleroy (CORQUILLEROY, 11.1 km)]] — 0238873742\n[[https://www.google.com/maps?q=47.9277,2.92389|Déchèterie de Châteaurenard (Château-Renard, 11.8 km)]] — 0679208983\n[[https://www.google.com/maps/search/d%C3%A9ch%C3%A8terie/@47.971944,2.779167,12z|Toutes les déchèteries autour du site 🗑️]]\n\n**Fiche d'accès**\nDigicode: NON\nBadge: SANS OBJET\nBoite à clés:\nPortail / Portillon: Mécanique PREVENIR BAILLEUR POUR OUVERTURE\nDélais de prévenance: 10.0\n\nAccès équipement(s):\nBadge:\nClés: Clé mécanique\nCadenas:\n\nAccès aérien(s):\nDigicode: NON\nBadge:\nClés: Clé bailleur\nCadenas:\n\nCommentaire d'accès: 08/01/2026 M cockpit O+M :\n✉️ Pour toute intervention : Merci de remplir le formulaire via le lien\n👉 www.antennistegdo.toutsurmesservices.fr\n⏳ Délai de prévenance : 10 jours à l’avance\n🔑 Accès : Les modalités seront précisées par le bailleur dans sa réponse",
    "origine": "airtable",
    "campagne": "TOTEM 2026 passage 1",
    "towerco": "TOTEM",
    "ressources": "SEE ALL",
    "nom_site": "MONTARGIS_AMILLY",
    "adresse": "552, Rue du Maréchal Juin",
    "departement": "45",
    "scope": "EVT - Environnement Technique + SH - Structure Haute",
    "etat_wo": "Travaux planifiés",
    "wo": "WO-205970",
    "acces_detail": "Digicode: NON\nBadge: SANS OBJET\nBoite à clés:\nPortail / Portillon: Mécanique PREVENIR BAILLEUR POUR OUVERTURE\nDélais de prévenance: 10.0\n\nAccès équipement(s):\nBadge:\nClés: Clé mécanique\nCadenas:\n\nAccès aérien(s):\nDigicode: NON\nBadge:\nClés: Clé bailleur\nCadenas:\n\nCommentaire d'accès: 08/01/2026 M cockpit O+M :\n✉️ Pour toute intervention : Merci de remplir le formulaire via le lien\n👉 www.antennistegdo.toutsurmesservices.fr\n⏳ Délai de prévenance : 10 jours à l’avance\n🔑 Accès : Les modalités seront précisées par le bailleur dans sa réponse",
    "date_planification": "2026-09-30",
    "das_numero": "DAS-N0215267",
    "das_statut": "Refusée",
    "das_debut": "2026-08-28",
    "das_fin": "2026-08-28",
    "das_provenance": "airtable",
    "das_prevenance": "10 jours",
    "calque": "mp-totem-2026-p1",
    "code_fra": "FRA04500087",
    "acces_autonome": "non_autonome",
    "acces_motif": "ouverture conditionnée à l'accord du bailleur",
    "_umap_options": {
     "color": "#F59E0B",
     "iconClass": "Drop"
    }
   }
  },
  {
   "type": "Feature",
   "geometry": {
    "type": "Point",
    "coordinates": [
     1.9407491,
     47.7106001
    ]
   },
   "properties": {
    "name": "FRA04500103 — LA_FERTE_ST_AUBIN",
    "description": "**Numéro de Work Order** : WO-205981\n**État du WO** : Travaux planifiés\n**Scope de maintenance** : EVT - Environnement Technique + SH - Structure Haute\n**Date de planification** : 2026-09-30\n**Verdict d'autonomie** : non_autonome\n**Motif du verdict** : la fiche déclare l'accès non autonome\n**Numéro de DAS** : DAS-N0215268\n**Statut de la DAS** : Acceptée\n**Début de validité** : 2026-08-28\n**Fin de validité** : 2026-08-28\n**Délai de prévenance** : 10 jours\n**Origine de la DAS** : airtable\n**Campagne d'appartenance** : TOTEM 2026 passage 1\n**Donneur d'ordre de la campagne** : TOTEM\n**Colonne Ressources du périmètre** : SEE ALL\n**Provenance du repère** : airtable\n**Adresse du site** : Eglise St Aubin RN20\n**Numéro de département** : 45\n**Nom du site** : LA_FERTE_ST_AUBIN\n**Coordonnées** : 47.710600, 1.940749\n[[https://www.google.com/maps?q=47.710600,1.940749|Google Maps 🌍]] · [[https://www.google.com/maps/@?api=1&map_action=pano&viewpoint=47.710600,1.940749|Street View]]\n**Déchèteries pro les plus proches** :\n[[https://www.google.com/maps?q=47.725,1.92873|Déchèterie de la Ferté Saint Aubin (La Ferté-Saint-Aubin, 1.8 km)]] — 0254885828\n[[https://www.google.com/maps?q=47.703,2.02452|Déchèterie de Ménestreau en Villette (Ménestreau-en-Villette, 6.3 km)]] — 0254885828\n[[https://www.google.com/maps?q=47.7666,2.03542|Décheterie de Marcilly en Villette (Marcilly-en-Villette, 9.4 km)]] — 0254885828\n[[https://www.google.com/maps/search/d%C3%A9ch%C3%A8terie/@47.710600,1.940749,12z|Toutes les déchèteries autour du site 🗑️]]\n\n**Fiche d'accès**\nDigicode: Digicode :SO Nécessité nacelle ok le 26/01/2022\nBadge: SO\nBoite à clés: Non\nPortail / Portillon: Non\nDélais de prévenance: 10.0\n\nAccès équipement(s):\nBadge:\nClés: Clé bailleur - Clé électronique ILOQ\nCadenas:\n\nAccès aérien(s):\nDigicode:\nBadge:\nClés: Clé bailleur\nCadenas:\n\nCommentaire d'accès: 16/10/25 D cockpit O+M:\nCOMMUNE DE LA FERTE ST AUBIN: 02 38 64 83 81\n\nMode de prévenance par mail: st@lafertesaintaubin.fr/ 10j à l'avance\n\nAccès: non autonomie; les clés sont à récupérer directement à la mairie, située au 12 Allée de la Chavannière, 45240 La Ferté-Saint-Aubin, aux horaires suivants: du lundi au vendredi : de 08h à 12h et de 13h à 16h30\n\nNB: la mairie est fermée au public les mardis et jeudis après-midi",
    "origine": "airtable",
    "campagne": "TOTEM 2026 passage 1",
    "towerco": "TOTEM",
    "ressources": "SEE ALL",
    "nom_site": "LA_FERTE_ST_AUBIN",
    "adresse": "Eglise St Aubin RN20",
    "departement": "45",
    "scope": "EVT - Environnement Technique + SH - Structure Haute",
    "etat_wo": "Travaux planifiés",
    "wo": "WO-205981",
    "acces_detail": "Digicode: Digicode :SO Nécessité nacelle ok le 26/01/2022\nBadge: SO\nBoite à clés: Non\nPortail / Portillon: Non\nDélais de prévenance: 10.0\n\nAccès équipement(s):\nBadge:\nClés: Clé bailleur - Clé électronique ILOQ\nCadenas:\n\nAccès aérien(s):\nDigicode:\nBadge:\nClés: Clé bailleur\nCadenas:\n\nCommentaire d'accès: 16/10/25 D cockpit O+M:\nCOMMUNE DE LA FERTE ST AUBIN: 02 38 64 83 81\n\nMode de prévenance par mail: st@lafertesaintaubin.fr/ 10j à l'avance\n\nAccès: non autonomie; les clés sont à récupérer directement à la mairie, située au 12 Allée de la Chavannière, 45240 La Ferté-Saint-Aubin, aux horaires suivants: du lundi au vendredi : de 08h à 12h et de 13h à 16h30\n\nNB: la mairie est fermée au public les mardis et jeudis après-midi",
    "date_planification": "2026-09-30",
    "das_numero": "DAS-N0215268",
    "das_statut": "Acceptée",
    "das_debut": "2026-08-28",
    "das_fin": "2026-08-28",
    "das_provenance": "airtable",
    "das_prevenance": "10 jours",
    "calque": "mp-totem-2026-p1",
    "code_fra": "FRA04500103",
    "acces_autonome": "non_autonome",
    "acces_motif": "la fiche déclare l'accès non autonome",
    "_umap_options": {
     "color": "#F59E0B",
     "iconClass": "Drop"
    }
   }
  },
  {
   "type": "Feature",
   "geometry": {
    "type": "Point",
    "coordinates": [
     2.4389626,
     47.9804542
    ]
   },
   "properties": {
    "name": "FRA04500113 — BELLEGARDE_COUVENT",
    "description": "**Numéro de Work Order** : WO-204670 + WO-227934 + WO-243658\n**État du WO** : Travaux planifiés\n**Scope de maintenance** : EVT - Environnement Technique + EV - Espaces Verts + SH - Structure Haute + EV - Espaces Verts\n**Date de planification** : 2026-09-30\n**État de consignation du site** : Consigne Particulière\n**Nécessité d'une nacelle** : oui\n**Verdict d'autonomie** : a_confirmer\n**Motif du verdict** : le bailleur n'a pas encore donné les modalités\n**Numéro de DAS** : DAS-N0220838\n**Statut de la DAS** : Annulée\n**Début de validité** : 2026-10-29\n**Fin de validité** : 2026-10-29\n**Délai de prévenance** : 10 jours\n**Origine de la DAS** : airtable\n**Campagne d'appartenance** : TOTEM 2026 passage 1\n**Donneur d'ordre de la campagne** : TOTEM\n**Colonne Ressources du périmètre** : SEE ALL - A prioriser\n**Provenance du repère** : airtable\n**Adresse du site** : Route d Auvilliers\n**Numéro de département** : 45\n**Nom du site** : BELLEGARDE_COUVENT\n**Coordonnées** : 47.980454, 2.438963\n[[https://www.google.com/maps?q=47.980454,2.438963|Google Maps 🌍]] · [[https://www.google.com/maps/@?api=1&map_action=pano&viewpoint=47.980454,2.438963|Street View]]\n**Déchèteries pro les plus proches** :\n[[https://www.google.com/maps?q=47.992,2.45644|Déchèterie Ouzouer-sous-bellegarde (Ouzouer-sous-Bellegarde, 1.8 km)]]\n[[https://www.google.com/maps?q=48.0809,2.43411|Déchèterie de Beaune la Rolande (Beaune-la-Rolande, 11.2 km)]] — 0238333091\n[[https://www.google.com/maps?q=47.937,2.28585|Déchèterie de Vitry aux Loges (Vitry-aux-Loges, 12.4 km)]] — 0238593749\n[[https://www.google.com/maps/search/d%C3%A9ch%C3%A8terie/@47.980454,2.438963,12z|Toutes les déchèteries autour du site 🗑️]]\n\n**Fiche d'accès**\nDigicode: NON\nBadge:\nBoite à clés: Oui\nPortail / Portillon: Non - Cadenas avec chaînette code 4545\nDélais de prévenance: 10.0\n\nAccès équipement(s):\nBadge:\nClés: Clé mécanique\nCadenas:\n\nAccès aérien(s):\nDigicode:\nBadge:\nClés: Clé bailleur\nCadenas:\n\nCommentaire d'accès: 20/11/2025 M cockpit O+M:\n*Pour toute intervention, merci de remplir le formulaire via le lien: www.antennistegdo.toutsurmesservices.fr\n\n*Délai de prévenance: 10 jours à l'avance\n\n*Le bailleur précisera les modalités d’accès dans sa réponse",
    "origine": "airtable",
    "campagne": "TOTEM 2026 passage 1",
    "towerco": "TOTEM",
    "ressources": "SEE ALL - A prioriser",
    "nom_site": "BELLEGARDE_COUVENT",
    "adresse": "Route d Auvilliers",
    "departement": "45",
    "scope": "EVT - Environnement Technique + EV - Espaces Verts + SH - Structure Haute + EV - Espaces Verts",
    "etat_wo": "Travaux planifiés",
    "wo": "WO-204670 + WO-227934 + WO-243658",
    "consignation": "Consigne Particulière",
    "acces_detail": "Digicode: NON\nBadge:\nBoite à clés: Oui\nPortail / Portillon: Non - Cadenas avec chaînette code 4545\nDélais de prévenance: 10.0\n\nAccès équipement(s):\nBadge:\nClés: Clé mécanique\nCadenas:\n\nAccès aérien(s):\nDigicode:\nBadge:\nClés: Clé bailleur\nCadenas:\n\nCommentaire d'accès: 20/11/2025 M cockpit O+M:\n*Pour toute intervention, merci de remplir le formulaire via le lien: www.antennistegdo.toutsurmesservices.fr\n\n*Délai de prévenance: 10 jours à l'avance\n\n*Le bailleur précisera les modalités d’accès dans sa réponse",
    "date_planification": "2026-09-30",
    "nacelle": true,
    "das_numero": "DAS-N0220838",
    "das_statut": "Annulée",
    "das_debut": "2026-10-29",
    "das_fin": "2026-10-29",
    "das_provenance": "airtable",
    "das_prevenance": "10 jours",
    "calque": "mp-totem-2026-p1",
    "code_fra": "FRA04500113",
    "acces_autonome": "a_confirmer",
    "acces_motif": "le bailleur n'a pas encore donné les modalités",
    "_umap_options": {
     "color": "#F59E0B",
     "iconClass": "Drop"
    }
   }
  },
  {
   "type": "Feature",
   "geometry": {
    "type": "Point",
    "coordinates": [
     2.3647815,
     48.1204905
    ]
   },
   "properties": {
    "name": "FRA04500125 — BOYNES",
    "description": "**Numéro de Work Order** : WO-205973\n**État du WO** : Travaux planifiés\n**Scope de maintenance** : EVT - Environnement Technique + SH - Structure Haute\n**Date de planification** : 2026-09-30\n**Verdict d'autonomie** : autonome\n**Motif du verdict** : la fiche déclare l'accès autonome\n**Numéro de DAS** : DAS-N0215269\n**Statut de la DAS** : Acceptée\n**Début de validité** : 2026-09-02\n**Fin de validité** : 2026-09-02\n**Délai de prévenance** : 15 jours\n**Origine de la DAS** : airtable\n**Déclaration du terrain** : non_fait\n**Commentaire terrain** : guêpes\n**Auteur de la déclaration** : Michael\n**Date de la déclaration** : 2026-08-27\n**Campagne d'appartenance** : TOTEM 2026 passage 1\n**Donneur d'ordre de la campagne** : TOTEM\n**Colonne Ressources du périmètre** : SEE ALL\n**Provenance du repère** : airtable\n**Adresse du site** : 13 Rue de Gaubertin\n**Numéro de département** : 45\n**Nom du site** : BOYNES\n**Coordonnées** : 48.120491, 2.364781\n[[https://www.google.com/maps?q=48.120491,2.364781|Google Maps 🌍]] · [[https://www.google.com/maps/@?api=1&map_action=pano&viewpoint=48.120491,2.364781|Street View]]\n**Déchèteries pro les plus proches** :\n[[https://www.google.com/maps?q=48.0809,2.43411|Déchèterie de Beaune la Rolande (Beaune-la-Rolande, 6.8 km)]] — 0238333091\n[[https://www.google.com/maps?q=48.2059,2.45416|Déchèterie de Puiseaux (PUISEAUX, 11.6 km)]] — 0238335370\n[[https://www.google.com/maps?q=48.187,2.23992|Déchèterie de Pithiviers (Pithiviers, 11.9 km)]] — 0238306600\n[[https://www.google.com/maps/search/d%C3%A9ch%C3%A8terie/@48.120491,2.364781,12z|Toutes les déchèteries autour du site 🗑️]]\n\n**Fiche d'accès**\nDigicode:\nBadge:\nBoite à clés: Oui\nPortail / Portillon: Mécanique\nDélais de prévenance: 15.0\n\nAccès équipement(s):\nBadge:\nClés: Clé mécanique\nCadenas:\n\nAccès aérien(s):\nDigicode:\nBadge:\nClés: Clé mécanique\nCadenas:\n\nCommentaire d'accès: 20/04/26 D cockpit O+M:\n(à titre informatif)\nCOMMUNE DE BOYNES: 02 38 33 13 84\nPrévenance à faire par mail: contact@boynes.fr/ 15 à l'avance\nAutonome",
    "origine": "airtable",
    "campagne": "TOTEM 2026 passage 1",
    "towerco": "TOTEM",
    "ressources": "SEE ALL",
    "nom_site": "BOYNES",
    "adresse": "13 Rue de Gaubertin",
    "departement": "45",
    "scope": "EVT - Environnement Technique + SH - Structure Haute",
    "etat_wo": "Travaux planifiés",
    "wo": "WO-205973",
    "acces_detail": "Digicode:\nBadge:\nBoite à clés: Oui\nPortail / Portillon: Mécanique\nDélais de prévenance: 15.0\n\nAccès équipement(s):\nBadge:\nClés: Clé mécanique\nCadenas:\n\nAccès aérien(s):\nDigicode:\nBadge:\nClés: Clé mécanique\nCadenas:\n\nCommentaire d'accès: 20/04/26 D cockpit O+M:\n(à titre informatif)\nCOMMUNE DE BOYNES: 02 38 33 13 84\nPrévenance à faire par mail: contact@boynes.fr/ 15 à l'avance\nAutonome",
    "date_planification": "2026-09-30",
    "das_numero": "DAS-N0215269",
    "das_statut": "Acceptée",
    "das_debut": "2026-09-02",
    "das_fin": "2026-09-02",
    "das_provenance": "airtable",
    "das_prevenance": "15 jours",
    "etat_terrain": "non_fait",
    "declare_par": "Michael",
    "declare_le": "2026-08-27",
    "commentaire_terrain": "guêpes",
    "calque": "mp-totem-2026-p1",
    "code_fra": "FRA04500125",
    "acces_autonome": "autonome",
    "acces_motif": "la fiche déclare l'accès autonome",
    "_umap_options": {
     "color": "#7B8494",
     "iconClass": "Drop"
    }
   }
  },
  {
   "type": "Feature",
   "geometry": {
    "type": "Point",
    "coordinates": [
     2.7161399,
     47.9749724
    ]
   },
   "properties": {
    "name": "FRA04500203 — VILLEMANDEUR",
    "description": "**Numéro de Work Order** : WO-204738 + WO-227979 + WO-243704\n**État du WO** : Travaux planifiés\n**Scope de maintenance** : EVT - Environnement Technique + EV - Espaces Verts + SH - Structure Haute + EV - Espaces Verts\n**Date de planification** : 2026-11-30\n**État de consignation du site** : Consignation\n**Nécessité d'une nacelle** : oui\n**Verdict d'autonomie** : autonome\n**Motif du verdict** : clé électronique ILOQ ou ABLOY\n**Numéro de DAS** : DAS-N0209750\n**Statut de la DAS** : Refusée\n**Début de validité** : 2026-08-12\n**Fin de validité** : 2026-08-12\n**Délai de prévenance** : 1 jour\n**Origine de la DAS** : airtable\n**Campagne d'appartenance** : TOTEM 2026 passage 1\n**Donneur d'ordre de la campagne** : TOTEM\n**Colonne Ressources du périmètre** : SEE ALL - A prioriser\n**Provenance du repère** : airtable\n**Adresse du site** : Terrain de la SCI de la Baraudiere\n**Numéro de département** : 45\n**Nom du site** : VILLEMANDEUR\n**Coordonnées** : 47.974972, 2.716140\n[[https://www.google.com/maps?q=47.974972,2.716140|Google Maps 🌍]] · [[https://www.google.com/maps/@?api=1&map_action=pano&viewpoint=47.974972,2.716140|Street View]]\n**Déchèteries pro les plus proches** :\n[[https://www.google.com/maps?q=48.0038,2.7704|Déchèterie d'Amilly (Amilly, 5.2 km)]] — 0238891604\n[[https://www.google.com/maps?q=48.0352,2.66458|Déchèterie de Corquilleroy (CORQUILLEROY, 7.7 km)]] — 0238873742\n[[https://www.google.com/maps?q=47.853,2.7368|Déchèterie de Nogent sur Vernisson (Nogent-sur-Vernisson, 13.6 km)]] — 0238976063\n[[https://www.google.com/maps/search/d%C3%A9ch%C3%A8terie/@47.974972,2.716140,12z|Toutes les déchèteries autour du site 🗑️]]\n\n**Fiche d'accès**\nDigicode: NON\nBadge:\nBoite à clés: Oui\nPortail / Portillon:\nDélais de prévenance: 1.0\n\nAccès équipement(s):\nBadge:\nClés: Clé électronique ILOQ\nCadenas:\n\nAccès aérien(s):\nDigicode:\nBadge:\nClés: Clé mécanique\nCadenas:\n\nCommentaire d'accès: Boite Cle :à droit du portillion pylone CLEF ABLOY POUR SHELTER ET CADENAS CODE 4545 POUR PYLÔNE ok le 18/05/2022/NON/Vide",
    "origine": "airtable",
    "campagne": "TOTEM 2026 passage 1",
    "towerco": "TOTEM",
    "ressources": "SEE ALL - A prioriser",
    "nom_site": "VILLEMANDEUR",
    "adresse": "Terrain de la SCI de la Baraudiere",
    "departement": "45",
    "scope": "EVT - Environnement Technique + EV - Espaces Verts + SH - Structure Haute + EV - Espaces Verts",
    "etat_wo": "Travaux planifiés",
    "wo": "WO-204738 + WO-227979 + WO-243704",
    "consignation": "Consignation",
    "acces_detail": "Digicode: NON\nBadge:\nBoite à clés: Oui\nPortail / Portillon:\nDélais de prévenance: 1.0\n\nAccès équipement(s):\nBadge:\nClés: Clé électronique ILOQ\nCadenas:\n\nAccès aérien(s):\nDigicode:\nBadge:\nClés: Clé mécanique\nCadenas:\n\nCommentaire d'accès: Boite Cle :à droit du portillion pylone CLEF ABLOY POUR SHELTER ET CADENAS CODE 4545 POUR PYLÔNE ok le 18/05/2022/NON/Vide",
    "date_planification": "2026-11-30",
    "nacelle": true,
    "das_numero": "DAS-N0209750",
    "das_statut": "Refusée",
    "das_debut": "2026-08-12",
    "das_fin": "2026-08-12",
    "das_provenance": "airtable",
    "das_prevenance": "1 jour",
    "calque": "mp-totem-2026-p1",
    "code_fra": "FRA04500203",
    "acces_autonome": "autonome",
    "acces_motif": "clé électronique ILOQ ou ABLOY",
    "_umap_options": {
     "color": "#F59E0B",
     "iconClass": "Drop"
    }
   }
  },
  {
   "type": "Feature",
   "geometry": {
    "type": "Point",
    "coordinates": [
     1.8893812,
     47.9630264
    ]
   },
   "properties": {
    "name": "FRA04500223 — SARAN_NORD",
    "description": "**Numéro de Work Order** : WO-205007 + WO-228223 + WO-243712\n**État du WO** : Travaux planifiés\n**Scope de maintenance** : EVT - Environnement Technique + EV - Espaces Verts + SH - Structure Haute + EV - Espaces Verts\n**Date de planification** : 2026-09-30\n**Verdict d'autonomie** : non_autonome\n**Motif du verdict** : intervention accompagnée\n**Numéro de DAS** : DAS-N0213067\n**Statut de la DAS** : Refusée\n**Début de validité** : 2026-08-26\n**Fin de validité** : 2026-08-26\n**Origine de la DAS** : airtable\n**Campagne d'appartenance** : TOTEM 2026 passage 1\n**Donneur d'ordre de la campagne** : TOTEM\n**Colonne Ressources du périmètre** : SEE ALL - A prioriser\n**Provenance du repère** : airtable\n**Adresse du site** : N20 SOUS STATION ELECTRIQUE SNCF\n**Numéro de département** : 45\n**Nom du site** : SARAN_NORD\n**Coordonnées** : 47.963026, 1.889381\n[[https://www.google.com/maps?q=47.963026,1.889381|Google Maps 🌍]] · [[https://www.google.com/maps/@?api=1&map_action=pano&viewpoint=47.963026,1.889381|Street View]]\n**Déchèteries pro les plus proches** :\n[[https://www.google.com/maps?q=47.9483,1.90679|Déchèterie de Saran (Saran, 2.1 km)]] — 0238730757\n[[https://www.google.com/maps?q=47.9555,1.86068|Végé'tri de Saran (Saran, 2.3 km)]]\n[[https://www.google.com/maps?q=47.9123,1.94369|Déchèterie de Saint  Jean de Braye (Saint-Jean-de-Braye, 6.9 km)]] — 0238836760\n[[https://www.google.com/maps/search/d%C3%A9ch%C3%A8terie/@47.963026,1.889381,12z|Toutes les déchèteries autour du site 🗑️]]\n\n**Fiche d'accès**\nDigicode:\nBadge:\nBoite à clés: Non\nPortail / Portillon: Electronique\nDélais de prévenance:\n\nAccès équipement(s):\nBadge:\nClés: Clé électronique ABLOY\nCadenas:\n\nAccès aérien(s):\nDigicode:\nBadge:\nClés: Clé électronique ABLOY\nCadenas:\n\nCommentaire d'accès: 22/05/2026 D cockpit O+M\n🏢 Site SNCF RÉSEAU\n\n📧 Demandes d’accès / maintenance / travaux : Toute demande concernant les stations radioélectriques situées en emprise SNCF RÉSEAU doit faire l’objet d’une expression de besoin via le portail partenaire :\n👉 https://rmp.telecom.reseau.sncf.fr/demande\n\n📎 Validation obligatoire : Au moment de la DAS, TOTEM doit disposer d’un mail de validation (à joindre) confirmant que le demandeur a bien rempli le formulaire SNCF via le portail partenaire.\n\n*Maintenance autonome : 5 jours ouvrés\n\n*Maintenance autonome urgente : 2 jours ouvrés avec la\npossibilité de traiter les demandes les plus urgentes sous 24h.\n\n*Maintenance avec accompagnement (présence d’un portail, d’une barrière etc) : 15 jours ouvrés à compter de la réception de la commande TOTEM\n\n*Maintenance particulière (utilisation d’un engin, cordes / poulies) : 15 jours ouvrés à compter de la réception de la commande TOTEM.",
    "origine": "airtable",
    "campagne": "TOTEM 2026 passage 1",
    "towerco": "TOTEM",
    "ressources": "SEE ALL - A prioriser",
    "nom_site": "SARAN_NORD",
    "adresse": "N20 SOUS STATION ELECTRIQUE SNCF",
    "departement": "45",
    "scope": "EVT - Environnement Technique + EV - Espaces Verts + SH - Structure Haute + EV - Espaces Verts",
    "etat_wo": "Travaux planifiés",
    "wo": "WO-205007 + WO-228223 + WO-243712",
    "acces_detail": "Digicode:\nBadge:\nBoite à clés: Non\nPortail / Portillon: Electronique\nDélais de prévenance:\n\nAccès équipement(s):\nBadge:\nClés: Clé électronique ABLOY\nCadenas:\n\nAccès aérien(s):\nDigicode:\nBadge:\nClés: Clé électronique ABLOY\nCadenas:\n\nCommentaire d'accès: 22/05/2026 D cockpit O+M\n🏢 Site SNCF RÉSEAU\n\n📧 Demandes d’accès / maintenance / travaux : Toute demande concernant les stations radioélectriques situées en emprise SNCF RÉSEAU doit faire l’objet d’une expression de besoin via le portail partenaire :\n👉 https://rmp.telecom.reseau.sncf.fr/demande\n\n📎 Validation obligatoire : Au moment de la DAS, TOTEM doit disposer d’un mail de validation (à joindre) confirmant que le demandeur a bien rempli le formulaire SNCF via le portail partenaire.\n\n*Maintenance autonome : 5 jours ouvrés\n\n*Maintenance autonome urgente : 2 jours ouvrés avec la\npossibilité de traiter les demandes les plus urgentes sous 24h.\n\n*Maintenance avec accompagnement (présence d’un portail, d’une barrière etc) : 15 jours ouvrés à compter de la réception de la commande TOTEM\n\n*Maintenance particulière (utilisation d’un engin, cordes / poulies) : 15 jours ouvrés à compter de la réception de la commande TOTEM.",
    "date_planification": "2026-09-30",
    "das_numero": "DAS-N0213067",
    "das_statut": "Refusée",
    "das_debut": "2026-08-26",
    "das_fin": "2026-08-26",
    "das_provenance": "airtable",
    "calque": "mp-totem-2026-p1",
    "code_fra": "FRA04500223",
    "acces_autonome": "non_autonome",
    "acces_motif": "intervention accompagnée",
    "_umap_options": {
     "color": "#F59E0B",
     "iconClass": "Drop"
    }
   }
  },
  {
   "type": "Feature",
   "geometry": {
    "type": "Point",
    "coordinates": [
     1.9909705,
     47.9239182
    ]
   },
   "properties": {
    "name": "FRA04500225 — ZA_CHARBONNIERE",
    "description": "**Numéro de Work Order** : WO-205804\n**État du WO** : Travaux planifiés\n**Scope de maintenance** : EVT - Environnement Technique + SH - Structure Haute\n**Date de planification** : 2026-08-31\n**Verdict d'autonomie** : non_autonome\n**Motif du verdict** : un tiers ouvre le site\n**Numéro de DAS** : DAS-N0215271\n**Statut de la DAS** : Acceptée\n**Début de validité** : 2026-09-02\n**Fin de validité** : 2026-09-02\n**Délai de prévenance** : 15 jours\n**Origine de la DAS** : airtable\n**Campagne d'appartenance** : TOTEM 2026 passage 1\n**Donneur d'ordre de la campagne** : TOTEM\n**Colonne Ressources du périmètre** : SEE ALL\n**Provenance du repère** : airtable\n**Adresse du site** : Château d'eau Avenue de Verdun\n**Numéro de département** : 45\n**Nom du site** : ZA_CHARBONNIERE\n**Coordonnées** : 47.923918, 1.990970\n[[https://www.google.com/maps?q=47.923918,1.990970|Google Maps 🌍]] · [[https://www.google.com/maps/@?api=1&map_action=pano&viewpoint=47.923918,1.990970|Street View]]\n**Déchèteries pro les plus proches** :\n[[https://www.google.com/maps?q=47.9123,1.94369|Déchèterie de Saint  Jean de Braye (Saint-Jean-de-Braye, 3.8 km)]] — 0238836760\n[[https://www.google.com/maps?q=47.9123,1.94369|Végé'tri Saint-jean-de-braye (Saint-Jean-de-Braye, 3.8 km)]]\n[[https://www.google.com/maps?q=47.8979,2.03958|Déchèterie de Chécy (Chécy, 4.6 km)]] — 0238913759\n[[https://www.google.com/maps/search/d%C3%A9ch%C3%A8terie/@47.923918,1.990970,12z|Toutes les déchèteries autour du site 🗑️]]\n\n**Fiche d'accès**\nDigicode: NON Il faut IMPERATIVEMENT effectuer une demande à l’adresse mail : thomas.peneau@veolia.com&#8206.. Délai de prévenance avant l’intervention : 8 jours ouvrés minimum.\nBadge:\nBoite à clés: Oui\nPortail / Portillon: Mécanique - DANS LA BOITE A CLE ABLOY\nDélais de prévenance: 15.0\n\nAccès équipement(s):\nBadge:\nClés: Clé mécanique\nCadenas:\n\nAccès aérien(s):\nDigicode:\nBadge:\nClés: Clé bailleur\nCadenas:\n\nCommentaire d'accès: 13/01/2026 M cockpit O+M :\n*Pour toute intervention, merci d'envoyer un mail à operateur.loiret.bsb@veolia.com\n\n*Délai de prévenance: 15 jours à l'avance\n\n*Horaires d'intervention: 8h-12h et 13h30-17h\n\n*Un agent réalise l'ouverture, contrôle d'identité et fermeture du site",
    "origine": "airtable",
    "campagne": "TOTEM 2026 passage 1",
    "towerco": "TOTEM",
    "ressources": "SEE ALL",
    "nom_site": "ZA_CHARBONNIERE",
    "adresse": "Château d'eau Avenue de Verdun",
    "departement": "45",
    "scope": "EVT - Environnement Technique + SH - Structure Haute",
    "etat_wo": "Travaux planifiés",
    "wo": "WO-205804",
    "acces_detail": "Digicode: NON Il faut IMPERATIVEMENT effectuer une demande à l’adresse mail : thomas.peneau@veolia.com&#8206.. Délai de prévenance avant l’intervention : 8 jours ouvrés minimum.\nBadge:\nBoite à clés: Oui\nPortail / Portillon: Mécanique - DANS LA BOITE A CLE ABLOY\nDélais de prévenance: 15.0\n\nAccès équipement(s):\nBadge:\nClés: Clé mécanique\nCadenas:\n\nAccès aérien(s):\nDigicode:\nBadge:\nClés: Clé bailleur\nCadenas:\n\nCommentaire d'accès: 13/01/2026 M cockpit O+M :\n*Pour toute intervention, merci d'envoyer un mail à operateur.loiret.bsb@veolia.com\n\n*Délai de prévenance: 15 jours à l'avance\n\n*Horaires d'intervention: 8h-12h et 13h30-17h\n\n*Un agent réalise l'ouverture, contrôle d'identité et fermeture du site",
    "date_planification": "2026-08-31",
    "das_numero": "DAS-N0215271",
    "das_statut": "Acceptée",
    "das_debut": "2026-09-02",
    "das_fin": "2026-09-02",
    "das_provenance": "airtable",
    "das_prevenance": "15 jours",
    "calque": "mp-totem-2026-p1",
    "code_fra": "FRA04500225",
    "acces_autonome": "non_autonome",
    "acces_motif": "un tiers ouvre le site",
    "_umap_options": {
     "color": "#F59E0B",
     "iconClass": "Drop"
    }
   }
  },
  {
   "type": "Feature",
   "geometry": {
    "type": "Point",
    "coordinates": [
     2.606614,
     48.102632
    ]
   },
   "properties": {
    "name": "FRA04500258 — ND_RS_SCEAUX_DU_GATINAIS_ORF",
    "description": "**Numéro de Work Order** : WO-205553 + WO-228561 + WO-243718\n**État du WO** : Travaux planifiés\n**Scope de maintenance** : EVT - Environnement Technique + EV - Espaces Verts + SH - Structure Haute + EV - Espaces Verts\n**Date de planification** : 2026-11-15\n**Verdict d'autonomie** : a_confirmer\n**Motif du verdict** : la fiche ne tranche pas\n**Numéro de DAS** : DAS-N0215273\n**Statut de la DAS** : Acceptée\n**Début de validité** : 2026-08-24\n**Fin de validité** : 2026-08-24\n**Origine de la DAS** : airtable\n**Campagne d'appartenance** : TOTEM 2026 passage 1\n**Donneur d'ordre de la campagne** : TOTEM\n**Colonne Ressources du périmètre** : SEE ALL\n**Provenance du repère** : airtable\n**Adresse du site** : LE DESERT\n**Numéro de département** : 45\n**Nom du site** : ND_RS_SCEAUX_DU_GATINAIS_ORF\n**Coordonnées** : 48.102632, 2.606614\n[[https://www.google.com/maps?q=48.102632,2.606614|Google Maps 🌍]] · [[https://www.google.com/maps/@?api=1&map_action=pano&viewpoint=48.102632,2.606614|Street View]]\n**Déchèteries pro les plus proches** :\n[[https://www.google.com/maps?q=48.1548,2.68528|Déchèterie Château-landon (Château-Landon, 8.2 km)]] — 0613221184\n[[https://www.google.com/maps?q=48.0352,2.66458|Déchèterie de Corquilleroy (CORQUILLEROY, 8.6 km)]] — 0238873742\n[[https://www.google.com/maps?q=48.0809,2.43411|Déchèterie de Beaune la Rolande (Beaune-la-Rolande, 13.0 km)]] — 0238333091\n[[https://www.google.com/maps/search/d%C3%A9ch%C3%A8terie/@48.102632,2.606614,12z|Toutes les déchèteries autour du site 🗑️]]\n\n**Fiche d'accès**\nDigicode:\nBadge:\nBoite à clés:\nPortail / Portillon:\nDélais de prévenance:\n\nAccès équipement(s):\n\nAccès aérien(s):\n\nCommentaire d'accès: LIBRE /Pas de contrainte",
    "origine": "airtable",
    "campagne": "TOTEM 2026 passage 1",
    "towerco": "TOTEM",
    "ressources": "SEE ALL",
    "nom_site": "ND_RS_SCEAUX_DU_GATINAIS_ORF",
    "adresse": "LE DESERT",
    "departement": "45",
    "scope": "EVT - Environnement Technique + EV - Espaces Verts + SH - Structure Haute + EV - Espaces Verts",
    "etat_wo": "Travaux planifiés",
    "wo": "WO-205553 + WO-228561 + WO-243718",
    "acces_detail": "Digicode:\nBadge:\nBoite à clés:\nPortail / Portillon:\nDélais de prévenance:\n\nAccès équipement(s):\n\nAccès aérien(s):\n\nCommentaire d'accès: LIBRE /Pas de contrainte",
    "date_planification": "2026-11-15",
    "das_numero": "DAS-N0215273",
    "das_statut": "Acceptée",
    "das_debut": "2026-08-24",
    "das_fin": "2026-08-24",
    "das_provenance": "airtable",
    "calque": "mp-totem-2026-p1",
    "code_fra": "FRA04500258",
    "acces_autonome": "a_confirmer",
    "acces_motif": "la fiche ne tranche pas",
    "_umap_options": {
     "color": "#F59E0B",
     "iconClass": "Drop"
    }
   }
  },
  {
   "type": "Feature",
   "geometry": {
    "type": "Point",
    "coordinates": [
     1.7755317,
     47.9828062
    ]
   },
   "properties": {
    "name": "FRA04500264 — BRICY",
    "description": "**Numéro de Work Order** : WO-205807\n**État du WO** : Travaux planifiés\n**Scope de maintenance** : EVT - Environnement Technique + SH - Structure Haute\n**Date de planification** : 2026-08-31\n**Verdict d'autonomie** : non_autonome\n**Motif du verdict** : la fiche déclare l'accès non autonome\n**Numéro de DAS** : DAS-N0221323\n**Statut de la DAS** : Refusée\n**Début de validité** : 2026-08-31\n**Fin de validité** : 2026-09-04\n**Délai de prévenance** : 4 jours\n**Origine de la DAS** : airtable\n**Campagne d'appartenance** : TOTEM 2026 passage 1\n**Donneur d'ordre de la campagne** : TOTEM\n**Colonne Ressources du périmètre** : SEE ALL\n**Provenance du repère** : airtable\n**Adresse du site** : Base Aerienne 123\n**Numéro de département** : 45\n**Nom du site** : BRICY\n**Coordonnées** : 47.982806, 1.775532\n[[https://www.google.com/maps?q=47.982806,1.775532|Google Maps 🌍]] · [[https://www.google.com/maps/@?api=1&map_action=pano&viewpoint=47.982806,1.775532|Street View]]\n**Déchèteries pro les plus proches** :\n[[https://www.google.com/maps?q=47.9555,1.86068|Végé'tri de Saran (Saran, 7.0 km)]]\n[[https://www.google.com/maps?q=47.9117,1.822|Végé'tri d'Ingré (Ingré, 8.6 km)]]\n[[https://www.google.com/maps?q=47.9109,1.82134|Déchèterie de Ingre (Ingré, 8.7 km)]] — 0238437973\n[[https://www.google.com/maps/search/d%C3%A9ch%C3%A8terie/@47.982806,1.775532,12z|Toutes les déchèteries autour du site 🗑️]]\n\n**Fiche d'accès**\nDigicode:\nBadge:\nBoite à clés: Non\nPortail / Portillon:\nDélais de prévenance: 4.0\n\nAccès équipement(s):\nBadge:\nClés: monter au 3ème étage du PC2\nCadenas:\n\nAccès aérien(s):\nDigicode:\nBadge:\nClés:\nCadenas:\n\nCommentaire d'accès: 06/06/25 D cockpit O+M:\nResponsable d'accès: 0677702283\nPrévenance obligatoire par mail: jeremy.caugant@intradef.gouv.fr/ 96h à l'avance\nAccès: non autonome; il sera accompagné",
    "origine": "airtable",
    "campagne": "TOTEM 2026 passage 1",
    "towerco": "TOTEM",
    "ressources": "SEE ALL",
    "nom_site": "BRICY",
    "adresse": "Base Aerienne 123",
    "departement": "45",
    "scope": "EVT - Environnement Technique + SH - Structure Haute",
    "etat_wo": "Travaux planifiés",
    "wo": "WO-205807",
    "acces_detail": "Digicode:\nBadge:\nBoite à clés: Non\nPortail / Portillon:\nDélais de prévenance: 4.0\n\nAccès équipement(s):\nBadge:\nClés: monter au 3ème étage du PC2\nCadenas:\n\nAccès aérien(s):\nDigicode:\nBadge:\nClés:\nCadenas:\n\nCommentaire d'accès: 06/06/25 D cockpit O+M:\nResponsable d'accès: 0677702283\nPrévenance obligatoire par mail: jeremy.caugant@intradef.gouv.fr/ 96h à l'avance\nAccès: non autonome; il sera accompagné",
    "date_planification": "2026-08-31",
    "das_numero": "DAS-N0221323",
    "das_statut": "Refusée",
    "das_debut": "2026-08-31",
    "das_fin": "2026-09-04",
    "das_provenance": "airtable",
    "das_prevenance": "4 jours",
    "calque": "mp-totem-2026-p1",
    "code_fra": "FRA04500264",
    "acces_autonome": "non_autonome",
    "acces_motif": "la fiche déclare l'accès non autonome",
    "_umap_options": {
     "color": "#F59E0B",
     "iconClass": "Drop"
    }
   }
  },
  {
   "type": "Feature",
   "geometry": {
    "type": "Point",
    "coordinates": [
     1.1042686,
     49.4460493
    ]
   },
   "properties": {
    "name": "FRA07600012 — ROUEN_YSER",
    "description": "**Numéro de Work Order** : WO-205888\n**État du WO** : Travaux planifiés\n**Scope de maintenance** : EVT - Environnement Technique + SH - Structure Haute\n**Date de planification** : 2026-08-31\n**Verdict d'autonomie** : non_autonome\n**Motif du verdict** : rendez-vous à fixer\n**Numéro de DAS** : DAS-N0216913\n**Statut de la DAS** : Refusée\n**Début de validité** : 2026-08-31\n**Fin de validité** : 2026-09-02\n**Délai de prévenance** : 10 jours\n**Origine de la DAS** : airtable\n**Campagne d'appartenance** : TOTEM 2026 passage 1\n**Donneur d'ordre de la campagne** : TOTEM\n**Colonne Ressources du périmètre** : SEE ALL\n**Provenance du repère** : airtable\n**Adresse du site** : 15 Rue de la Cage\n**Numéro de département** : 76\n**Nom du site** : ROUEN_YSER\n**Coordonnées** : 49.446049, 1.104269\n[[https://www.google.com/maps?q=49.446049,1.104269|Google Maps 🌍]] · [[https://www.google.com/maps/@?api=1&map_action=pano&viewpoint=49.446049,1.104269|Street View]]\n**Déchèteries pro les plus proches** :\n[[https://www.google.com/maps?q=49.4348,1.10409|Déchèterie Rouen (Rouen, 1.3 km)]] — 0235889258\n[[https://www.google.com/maps?q=49.5236,0.925179|Déchèterie Villers Ecalles (Villers-Écalles, 15.5 km)]] — 0235619139\n[[https://www.google.com/maps?q=49.3182,1.19194|Déchèterie d'Alizay (Alizay, 15.6 km)]] — 0235231926\n[[https://www.google.com/maps/search/d%C3%A9ch%C3%A8terie/@49.446049,1.104269,12z|Toutes les déchèteries autour du site 🗑️]]\n\n**Fiche d'accès**\nDigicode: 6482A\nBadge:\nBoite à clés: Oui\nPortail / Portillon: Non\nDélais de prévenance: 10.0\n\nAccès équipement(s):\nBadge:\nClés: Clé mécanique\nCadenas:\n\nAccès aérien(s):\nDigicode: cf. Accès Equipement Description\nBadge:\nClés: Clé électronique ABLOY\nCadenas:\n\nCommentaire d'accès: RA 26/3/25\n\nPrévenance obligatoire à faire Par CDS : toute intervention sur le site devra obligatoirement être signalée par e-mail à charlene@jourdainneaktion.fr et contact@jourdainneaktion.fr, ou par téléphone au 02 32 76 75 85.\n\nAccès avec RDV gardienne: Toute intervention sur le site devra être signalée par mail à charlene@jourdainneaktion.fr et contact@jourdainneaktion.fr ou par téléphone au 02 32 76 75 85",
    "origine": "airtable",
    "campagne": "TOTEM 2026 passage 1",
    "towerco": "TOTEM",
    "ressources": "SEE ALL",
    "nom_site": "ROUEN_YSER",
    "adresse": "15 Rue de la Cage",
    "departement": "76",
    "scope": "EVT - Environnement Technique + SH - Structure Haute",
    "etat_wo": "Travaux planifiés",
    "wo": "WO-205888",
    "acces_detail": "Digicode: 6482A\nBadge:\nBoite à clés: Oui\nPortail / Portillon: Non\nDélais de prévenance: 10.0\n\nAccès équipement(s):\nBadge:\nClés: Clé mécanique\nCadenas:\n\nAccès aérien(s):\nDigicode: cf. Accès Equipement Description\nBadge:\nClés: Clé électronique ABLOY\nCadenas:\n\nCommentaire d'accès: RA 26/3/25\n\nPrévenance obligatoire à faire Par CDS : toute intervention sur le site devra obligatoirement être signalée par e-mail à charlene@jourdainneaktion.fr et contact@jourdainneaktion.fr, ou par téléphone au 02 32 76 75 85.\n\nAccès avec RDV gardienne: Toute intervention sur le site devra être signalée par mail à charlene@jourdainneaktion.fr et contact@jourdainneaktion.fr ou par téléphone au 02 32 76 75 85",
    "date_planification": "2026-08-31",
    "das_numero": "DAS-N0216913",
    "das_statut": "Refusée",
    "das_debut": "2026-08-31",
    "das_fin": "2026-09-02",
    "das_provenance": "airtable",
    "das_prevenance": "10 jours",
    "calque": "mp-totem-2026-p1",
    "code_fra": "FRA07600012",
    "acces_autonome": "non_autonome",
    "acces_motif": "rendez-vous à fixer",
    "_umap_options": {
     "color": "#F59E0B",
     "iconClass": "Drop"
    }
   }
  },
  {
   "type": "Feature",
   "geometry": {
    "type": "Point",
    "coordinates": [
     1.1065338,
     49.4366395
    ]
   },
   "properties": {
    "name": "FRA07600018 — ROUEN_UAP",
    "description": "**Numéro de Work Order** : WO-205669\n**État du WO** : Travaux planifiés\n**Scope de maintenance** : EVT - Environnement Technique + SH - Structure Haute\n**Date de planification** : 2026-08-31\n**Nécessité d'une nacelle** : oui\n**Verdict d'autonomie** : non_autonome\n**Motif du verdict** : moyens d'accès à récupérer sur place\n**Numéro de DAS** : DAS-N0216919\n**Statut de la DAS** : Refusée\n**Début de validité** : 2026-08-31\n**Fin de validité** : 2026-09-02\n**Délai de prévenance** : 2 jours\n**Origine de la DAS** : airtable\n**Campagne d'appartenance** : TOTEM 2026 passage 1\n**Donneur d'ordre de la campagne** : TOTEM\n**Colonne Ressources du périmètre** : SEE ALL\n**Provenance du repère** : airtable\n**Adresse du site** : 4, Rue du Champs de Mars\n**Numéro de département** : 76\n**Nom du site** : ROUEN_UAP\n**Coordonnées** : 49.436639, 1.106534\n[[https://www.google.com/maps?q=49.436639,1.106534|Google Maps 🌍]] · [[https://www.google.com/maps/@?api=1&map_action=pano&viewpoint=49.436639,1.106534|Street View]]\n**Déchèteries pro les plus proches** :\n[[https://www.google.com/maps?q=49.4348,1.10409|Déchèterie Rouen (Rouen, 0.3 km)]] — 0235889258\n[[https://www.google.com/maps?q=49.3182,1.19194|Déchèterie d'Alizay (Alizay, 14.5 km)]] — 0235231926\n[[https://www.google.com/maps?q=49.296,1.1539|Déchèterie Pont de l'Arche (Pont-de-l'Arche, 16.0 km)]]\n[[https://www.google.com/maps/search/d%C3%A9ch%C3%A8terie/@49.436639,1.106534,12z|Toutes les déchèteries autour du site 🗑️]]\n\n**Fiche d'accès**\nDigicode:\nBadge: Magnetique(entrée de l’immeuble)\nBoite à clés: Oui\nPortail / Portillon: Non\nDélais de prévenance: 2.0\n\nAccès équipement(s):\nBadge:\nClés:\nCadenas:\n\nAccès aérien(s):\nDigicode:\nBadge:\nClés: Clé mécanique\nCadenas:\n\nCommentaire d'accès: 29/07/2026 Cockpit O+M C\nLes demandes d’accès doivent être adressées à TDF à l’adresse suivante : franck.magrez@tdf.fr. Elles seront ensuite transmises au bailleur.\nLes délais applicables sont les suivants :\n-48 h pour une intervention courante ;\n-10 jours pour des travaux programmés.\nDans l’attente de l’installation de la BAC TDF en remplacement de la BAC TOTEM, contacter M. Malmaison (Rouen Habitat) au 06 85 71 63 32 afin de récupérer les clés.\n\nResponsable du site :\nFranck Magrez\nT. 02 31 29 30 04 | M. 06 85 72 17 85\nfranck.magrez@tdf.fr",
    "origine": "airtable",
    "campagne": "TOTEM 2026 passage 1",
    "towerco": "TOTEM",
    "ressources": "SEE ALL",
    "nom_site": "ROUEN_UAP",
    "adresse": "4, Rue du Champs de Mars",
    "departement": "76",
    "scope": "EVT - Environnement Technique + SH - Structure Haute",
    "etat_wo": "Travaux planifiés",
    "wo": "WO-205669",
    "acces_detail": "Digicode:\nBadge: Magnetique(entrée de l’immeuble)\nBoite à clés: Oui\nPortail / Portillon: Non\nDélais de prévenance: 2.0\n\nAccès équipement(s):\nBadge:\nClés:\nCadenas:\n\nAccès aérien(s):\nDigicode:\nBadge:\nClés: Clé mécanique\nCadenas:\n\nCommentaire d'accès: 29/07/2026 Cockpit O+M C\nLes demandes d’accès doivent être adressées à TDF à l’adresse suivante : franck.magrez@tdf.fr. Elles seront ensuite transmises au bailleur.\nLes délais applicables sont les suivants :\n-48 h pour une intervention courante ;\n-10 jours pour des travaux programmés.\nDans l’attente de l’installation de la BAC TDF en remplacement de la BAC TOTEM, contacter M. Malmaison (Rouen Habitat) au 06 85 71 63 32 afin de récupérer les clés.\n\nResponsable du site :\nFranck Magrez\nT. 02 31 29 30 04 | M. 06 85 72 17 85\nfranck.magrez@tdf.fr",
    "date_planification": "2026-08-31",
    "nacelle": true,
    "das_numero": "DAS-N0216919",
    "das_statut": "Refusée",
    "das_debut": "2026-08-31",
    "das_fin": "2026-09-02",
    "das_provenance": "airtable",
    "das_prevenance": "2 jours",
    "calque": "mp-totem-2026-p1",
    "code_fra": "FRA07600018",
    "acces_autonome": "non_autonome",
    "acces_motif": "moyens d'accès à récupérer sur place",
    "_umap_options": {
     "color": "#F59E0B",
     "iconClass": "Drop"
    }
   }
  },
  {
   "type": "Feature",
   "geometry": {
    "type": "Point",
    "coordinates": [
     1.0911052,
     49.4434163
    ]
   },
   "properties": {
    "name": "FRA07600019 — ROUEN_ARMADA",
    "description": "**Numéro de Work Order** : WO-205890\n**État du WO** : Travaux planifiés\n**Scope de maintenance** : EVT - Environnement Technique + SH - Structure Haute\n**Date de planification** : 2026-08-31\n**Verdict d'autonomie** : non_autonome\n**Motif du verdict** : badge Cobalt à retirer au préalable\n**Numéro de DAS** : DAS-N0215521\n**Statut de la DAS** : Acceptée\n**Début de validité** : 2026-08-31\n**Fin de validité** : 2026-09-01\n**Délai de prévenance** : aucune\n**Origine de la DAS** : airtable\n**Campagne d'appartenance** : TOTEM 2026 passage 1\n**Donneur d'ordre de la campagne** : TOTEM\n**Colonne Ressources du périmètre** : SEE ALL\n**Provenance du repère** : airtable\n**Adresse du site** : 18 Rue Ecuyère\n**Numéro de département** : 76\n**Nom du site** : ROUEN_ARMADA\n**Coordonnées** : 49.443416, 1.091105\n[[https://www.google.com/maps?q=49.443416,1.091105|Google Maps 🌍]] · [[https://www.google.com/maps/@?api=1&map_action=pano&viewpoint=49.443416,1.091105|Street View]]\n**Déchèteries pro les plus proches** :\n[[https://www.google.com/maps?q=49.4348,1.10409|Déchèterie Rouen (Rouen, 1.3 km)]] — 0235889258\n[[https://www.google.com/maps?q=49.5236,0.925179|Déchèterie Villers Ecalles (Villers-Écalles, 14.9 km)]] — 0235619139\n[[https://www.google.com/maps?q=49.3182,1.19194|Déchèterie d'Alizay (Alizay, 15.7 km)]] — 0235231926\n[[https://www.google.com/maps/search/d%C3%A9ch%C3%A8terie/@49.443416,1.091105,12z|Toutes les déchèteries autour du site 🗑️]]\n\n**Fiche d'accès**\nDigicode:\nBadge: BADGE COBALT\nBoite à clés: Non\nPortail / Portillon:\nDélais de prévenance: 0.0\n\nAccès équipement(s):\nBadge:\nClés:\nCadenas:\n\nAccès aérien(s):\nDigicode:\nBadge:\nClés: Clé mécanique\nCadenas:\n\nCommentaire d'accès: 13/04/2026 Na cockpit O+M :\nSite DIG , responsable à contacter en cas de soucis d'accès: henrik.hiblot@orange.com",
    "origine": "airtable",
    "campagne": "TOTEM 2026 passage 1",
    "towerco": "TOTEM",
    "ressources": "SEE ALL",
    "nom_site": "ROUEN_ARMADA",
    "adresse": "18 Rue Ecuyère",
    "departement": "76",
    "scope": "EVT - Environnement Technique + SH - Structure Haute",
    "etat_wo": "Travaux planifiés",
    "wo": "WO-205890",
    "acces_detail": "Digicode:\nBadge: BADGE COBALT\nBoite à clés: Non\nPortail / Portillon:\nDélais de prévenance: 0.0\n\nAccès équipement(s):\nBadge:\nClés:\nCadenas:\n\nAccès aérien(s):\nDigicode:\nBadge:\nClés: Clé mécanique\nCadenas:\n\nCommentaire d'accès: 13/04/2026 Na cockpit O+M :\nSite DIG , responsable à contacter en cas de soucis d'accès: henrik.hiblot@orange.com",
    "date_planification": "2026-08-31",
    "das_numero": "DAS-N0215521",
    "das_statut": "Acceptée",
    "das_debut": "2026-08-31",
    "das_fin": "2026-09-01",
    "das_provenance": "airtable",
    "das_prevenance": "aucune",
    "calque": "mp-totem-2026-p1",
    "code_fra": "FRA07600019",
    "acces_autonome": "non_autonome",
    "acces_motif": "badge Cobalt à retirer au préalable",
    "_umap_options": {
     "color": "#F59E0B",
     "iconClass": "Drop"
    }
   }
  },
  {
   "type": "Feature",
   "geometry": {
    "type": "Point",
    "coordinates": [
     1.0348375,
     49.4075853
    ]
   },
   "properties": {
    "name": "FRA07600023 — GRAND_AULNAY_ZI",
    "description": "**Numéro de Work Order** : WO-205891\n**État du WO** : Travaux planifiés\n**Scope de maintenance** : EVT - Environnement Technique + SH - Structure Haute\n**Date de planification** : 2026-08-31\n**Verdict d'autonomie** : non_autonome\n**Motif du verdict** : badge Cobalt à retirer au préalable\n**Numéro de DAS** : DAS-N0215497\n**Statut de la DAS** : Acceptée\n**Début de validité** : 2026-08-31\n**Fin de validité** : 2026-09-01\n**Délai de prévenance** : aucune\n**Origine de la DAS** : airtable\n**Campagne d'appartenance** : TOTEM 2026 passage 1\n**Donneur d'ordre de la campagne** : TOTEM\n**Colonne Ressources du périmètre** : SEE ALL\n**Provenance du repère** : airtable\n**Adresse du site** : 4 Chemin de la Voute\n**Numéro de département** : 76\n**Nom du site** : GRAND_AULNAY_ZI\n**Coordonnées** : 49.407585, 1.034838\n[[https://www.google.com/maps?q=49.407585,1.034838|Google Maps 🌍]] · [[https://www.google.com/maps/@?api=1&map_action=pano&viewpoint=49.407585,1.034838|Street View]]\n**Déchèteries pro les plus proches** :\n[[https://www.google.com/maps?q=49.4348,1.10409|Déchèterie Rouen (Rouen, 5.9 km)]] — 0235889258\n[[https://www.google.com/maps?q=49.296,1.1539|Déchèterie Pont de l'Arche (Pont-de-l'Arche, 15.1 km)]]\n[[https://www.google.com/maps?q=49.3182,1.19194|Déchèterie d'Alizay (Alizay, 15.1 km)]] — 0235231926\n[[https://www.google.com/maps/search/d%C3%A9ch%C3%A8terie/@49.407585,1.034838,12z|Toutes les déchèteries autour du site 🗑️]]\n\n**Fiche d'accès**\nDigicode:\nBadge: BADGE COBALT\nBoite à clés: Non\nPortail / Portillon: Bailleur - FT\nDélais de prévenance: 0.0\n\nAccès équipement(s):\nBadge: Badge\nClés:\nCadenas:\n\nAccès aérien(s):\nDigicode:\nBadge:\nClés: Clé mécanique\nCadenas:\n\nCommentaire d'accès: 14/04/2026 Na cockpit O+M :\nSite DIG 11, responsable à contacter en cas de soucis d'accès: henrik.hiblot@orange.com",
    "origine": "airtable",
    "campagne": "TOTEM 2026 passage 1",
    "towerco": "TOTEM",
    "ressources": "SEE ALL",
    "nom_site": "GRAND_AULNAY_ZI",
    "adresse": "4 Chemin de la Voute",
    "departement": "76",
    "scope": "EVT - Environnement Technique + SH - Structure Haute",
    "etat_wo": "Travaux planifiés",
    "wo": "WO-205891",
    "acces_detail": "Digicode:\nBadge: BADGE COBALT\nBoite à clés: Non\nPortail / Portillon: Bailleur - FT\nDélais de prévenance: 0.0\n\nAccès équipement(s):\nBadge: Badge\nClés:\nCadenas:\n\nAccès aérien(s):\nDigicode:\nBadge:\nClés: Clé mécanique\nCadenas:\n\nCommentaire d'accès: 14/04/2026 Na cockpit O+M :\nSite DIG 11, responsable à contacter en cas de soucis d'accès: henrik.hiblot@orange.com",
    "date_planification": "2026-08-31",
    "das_numero": "DAS-N0215497",
    "das_statut": "Acceptée",
    "das_debut": "2026-08-31",
    "das_fin": "2026-09-01",
    "das_provenance": "airtable",
    "das_prevenance": "aucune",
    "calque": "mp-totem-2026-p1",
    "code_fra": "FRA07600023",
    "acces_autonome": "non_autonome",
    "acces_motif": "badge Cobalt à retirer au préalable",
    "_umap_options": {
     "color": "#F59E0B",
     "iconClass": "Drop"
    }
   }
  },
  {
   "type": "Feature",
   "geometry": {
    "type": "Point",
    "coordinates": [
     0.1065363,
     49.5072814
    ]
   },
   "properties": {
    "name": "FRA07600025 — LE_HAVRE_CARMEL",
    "description": "**Numéro de Work Order** : WO-205892\n**État du WO** : Travaux planifiés\n**Scope de maintenance** : EVT - Environnement Technique + SH - Structure Haute\n**Date de planification** : 2026-09-02\n**Verdict d'autonomie** : autonome\n**Motif du verdict** : clé électronique ILOQ ou ABLOY\n**Numéro de DAS** : DAS-N0216921\n**Statut de la DAS** : Acceptée\n**Début de validité** : 2026-08-31\n**Fin de validité** : 2026-09-02\n**Délai de prévenance** : 3 jours\n**Origine de la DAS** : airtable\n**Déclaration du terrain** : fait\n**Auteur de la déclaration** : Manu\n**Date de la déclaration** : 2026-09-05\n**Campagne d'appartenance** : TOTEM 2026 passage 1\n**Donneur d'ordre de la campagne** : TOTEM\n**Colonne Ressources du périmètre** : SEE ALL\n**Provenance du repère** : airtable\n**Adresse du site** : 20-24 Rue Lamennais\n**Numéro de département** : 76\n**Nom du site** : LE_HAVRE_CARMEL\n**Coordonnées** : 49.507281, 0.106536\n[[https://www.google.com/maps?q=49.507281,0.106536|Google Maps 🌍]] · [[https://www.google.com/maps/@?api=1&map_action=pano&viewpoint=49.507281,0.106536|Street View]]\n**Déchèteries pro les plus proches** :\n[[https://www.google.com/maps?q=49.4125,0.262325|Déchèterie de Honfleur (Honfleur, 15.4 km)]]\n[[https://www.google.com/maps?q=49.3696,0.130053|Déchèterie la Croix Sonnet-touques (Touques, 15.4 km)]]\n[[https://www.google.com/maps?q=49.6321,0.259922|Déchèterie Criquetot l'Esneval (Criquetot-l'Esneval, 17.7 km)]] — 0235289868\n[[https://www.google.com/maps/search/d%C3%A9ch%C3%A8terie/@49.507281,0.106536,12z|Toutes les déchèteries autour du site 🗑️]]\n\n**Fiche d'accès**\nDigicode: Cadenas code ABUS 0025\nBadge: dans boite a clé\nBoite à clés: Oui\nPortail / Portillon:\nDélais de prévenance: 3.0\n\nAccès équipement(s):\nBadge:\nClés: Clé mécanique\nCadenas:\n\nAccès aérien(s):\nDigicode:\nBadge:\nClés: Clé mécanique\nCadenas:\n\nCommentaire d'accès: 06/02/2025: Cockpit O+M / P\n\naccès en autonomie mais sous prévenance\n\nToute intervention doit être signalée au moins 72h à l’avance par mail à l’adresse suivante : copro1@cric.fr et b.mare@cric.fr\n\nbac iloq 19047179 contiens clé porte d'accès immeuble\nCode cadenas échelle 7667\n\ncontactez Mme Bourville au 06 61 62 51 91 en cas de besoin",
    "origine": "airtable",
    "campagne": "TOTEM 2026 passage 1",
    "towerco": "TOTEM",
    "ressources": "SEE ALL",
    "nom_site": "LE_HAVRE_CARMEL",
    "adresse": "20-24 Rue Lamennais",
    "departement": "76",
    "scope": "EVT - Environnement Technique + SH - Structure Haute",
    "etat_wo": "Travaux planifiés",
    "wo": "WO-205892",
    "acces_detail": "Digicode: Cadenas code ABUS 0025\nBadge: dans boite a clé\nBoite à clés: Oui\nPortail / Portillon:\nDélais de prévenance: 3.0\n\nAccès équipement(s):\nBadge:\nClés: Clé mécanique\nCadenas:\n\nAccès aérien(s):\nDigicode:\nBadge:\nClés: Clé mécanique\nCadenas:\n\nCommentaire d'accès: 06/02/2025: Cockpit O+M / P\n\naccès en autonomie mais sous prévenance\n\nToute intervention doit être signalée au moins 72h à l’avance par mail à l’adresse suivante : copro1@cric.fr et b.mare@cric.fr\n\nbac iloq 19047179 contiens clé porte d'accès immeuble\nCode cadenas échelle 7667\n\ncontactez Mme Bourville au 06 61 62 51 91 en cas de besoin",
    "date_planification": "2026-09-02",
    "das_numero": "DAS-N0216921",
    "das_statut": "Acceptée",
    "das_debut": "2026-08-31",
    "das_fin": "2026-09-02",
    "das_provenance": "airtable",
    "das_prevenance": "3 jours",
    "etat_terrain": "fait",
    "declare_par": "Manu",
    "declare_le": "2026-09-05",
    "calque": "mp-totem-2026-p1",
    "code_fra": "FRA07600025",
    "acces_autonome": "autonome",
    "acces_motif": "clé électronique ILOQ ou ABLOY",
    "_umap_options": {
     "color": "#15803D",
     "iconClass": "Drop"
    }
   }
  },
  {
   "type": "Feature",
   "geometry": {
    "type": "Point",
    "coordinates": [
     1.1170083,
     49.4422262
    ]
   },
   "properties": {
    "name": "FRA07600027 — ROUEN_ST_HILAIRE_EGLISE",
    "description": "**Numéro de Work Order** : WO-205149 + WO-228353\n**État du WO** : Travaux planifiés\n**Scope de maintenance** : EVT - Environnement Technique + EV - Espaces Verts + SH - Structure Haute + EV - Espaces Verts\n**Date de planification** : 2026-11-30\n**État de consignation du site** : Consignation\n**Verdict d'autonomie** : autonome\n**Motif du verdict** : clé électronique ILOQ ou ABLOY\n**Numéro de DAS** : DAS-N0209754\n**Statut de la DAS** : Refusée\n**Début de validité** : 2026-08-12\n**Fin de validité** : 2026-08-13\n**Délai de prévenance** : aucune\n**Origine de la DAS** : airtable\n**Campagne d'appartenance** : TOTEM 2026 passage 1\n**Donneur d'ordre de la campagne** : TOTEM\n**Colonne Ressources du périmètre** : SEE ALL - A prioriser\n**Provenance du repère** : airtable\n**Adresse du site** : Route de Darnétal\n**Numéro de département** : 76\n**Nom du site** : ROUEN_ST_HILAIRE_EGLISE\n**Coordonnées** : 49.442226, 1.117008\n[[https://www.google.com/maps?q=49.442226,1.117008|Google Maps 🌍]] · [[https://www.google.com/maps/@?api=1&map_action=pano&viewpoint=49.442226,1.117008|Street View]]\n**Déchèteries pro les plus proches** :\n[[https://www.google.com/maps?q=49.4348,1.10409|Déchèterie Rouen (Rouen, 1.2 km)]] — 0235889258\n[[https://www.google.com/maps?q=49.3182,1.19194|Déchèterie d'Alizay (Alizay, 14.8 km)]] — 0235231926\n[[https://www.google.com/maps?q=49.296,1.1539|Déchèterie Pont de l'Arche (Pont-de-l'Arche, 16.5 km)]]\n[[https://www.google.com/maps/search/d%C3%A9ch%C3%A8terie/@49.442226,1.117008,12z|Toutes les déchèteries autour du site 🗑️]]\n\n**Fiche d'accès**\nDigicode:\nBadge:\nBoite à clés: Oui\nPortail / Portillon: Non\nDélais de prévenance: 0.0\n\nAccès équipement(s):\nBadge:\nClés: Clé bailleur\nCadenas:\n\nAccès aérien(s):\nDigicode:\nBadge:\nClés: Clé électronique ILOQ\nCadenas:\n\nCommentaire d'accès: 10/06/25 P cockpit O+M\npas de prévenance / trousseau de clé à prendre au ateliers municipaux 4 rue Marquis 76100 Rouen, de 7h45 à 12h et de 13h à 16h45\nMOCHET Sylvain à contacter en cas de soucis 02 76 08 81 26\nSylvain.MOCHET@rouen.fr",
    "origine": "airtable",
    "campagne": "TOTEM 2026 passage 1",
    "towerco": "TOTEM",
    "ressources": "SEE ALL - A prioriser",
    "nom_site": "ROUEN_ST_HILAIRE_EGLISE",
    "adresse": "Route de Darnétal",
    "departement": "76",
    "scope": "EVT - Environnement Technique + EV - Espaces Verts + SH - Structure Haute + EV - Espaces Verts",
    "etat_wo": "Travaux planifiés",
    "wo": "WO-205149 + WO-228353",
    "consignation": "Consignation",
    "acces_detail": "Digicode:\nBadge:\nBoite à clés: Oui\nPortail / Portillon: Non\nDélais de prévenance: 0.0\n\nAccès équipement(s):\nBadge:\nClés: Clé bailleur\nCadenas:\n\nAccès aérien(s):\nDigicode:\nBadge:\nClés: Clé électronique ILOQ\nCadenas:\n\nCommentaire d'accès: 10/06/25 P cockpit O+M\npas de prévenance / trousseau de clé à prendre au ateliers municipaux 4 rue Marquis 76100 Rouen, de 7h45 à 12h et de 13h à 16h45\nMOCHET Sylvain à contacter en cas de soucis 02 76 08 81 26\nSylvain.MOCHET@rouen.fr",
    "date_planification": "2026-11-30",
    "das_numero": "DAS-N0209754",
    "das_statut": "Refusée",
    "das_debut": "2026-08-12",
    "das_fin": "2026-08-13",
    "das_provenance": "airtable",
    "das_prevenance": "aucune",
    "calque": "mp-totem-2026-p1",
    "code_fra": "FRA07600027",
    "acces_autonome": "autonome",
    "acces_motif": "clé électronique ILOQ ou ABLOY",
    "_umap_options": {
     "color": "#F59E0B",
     "iconClass": "Drop"
    }
   }
  },
  {
   "type": "Feature",
   "geometry": {
    "type": "Point",
    "coordinates": [
     1.0949208,
     49.4417488
    ]
   },
   "properties": {
    "name": "FRA07600029 — ROUEN_CATHEDRALE_NORD_1",
    "description": "**Numéro de Work Order** : WO-206010\n**État du WO** : Travaux planifiés\n**Scope de maintenance** : EVT - Environnement Technique + SH - Structure Haute\n**Date de planification** : 2026-10-30\n**Verdict d'autonomie** : non_autonome\n**Motif du verdict** : moyens d'accès à récupérer sur place\n**Numéro de DAS** : DAS-N0216923\n**Statut de la DAS** : Refusée\n**Début de validité** : 2026-08-31\n**Fin de validité** : 2026-09-02\n**Délai de prévenance** : 3 jours\n**Origine de la DAS** : airtable\n**Campagne d'appartenance** : TOTEM 2026 passage 1\n**Donneur d'ordre de la campagne** : TOTEM\n**Colonne Ressources du périmètre** : SEE ALL\n**Provenance du repère** : airtable\n**Adresse du site** : Hôtel des Arcardes\n**Numéro de département** : 76\n**Nom du site** : ROUEN_CATHEDRALE_NORD_1\n**Coordonnées** : 49.441749, 1.094921\n[[https://www.google.com/maps?q=49.441749,1.094921|Google Maps 🌍]] · [[https://www.google.com/maps/@?api=1&map_action=pano&viewpoint=49.441749,1.094921|Street View]]\n**Déchèteries pro les plus proches** :\n[[https://www.google.com/maps?q=49.4348,1.10409|Déchèterie Rouen (Rouen, 1.0 km)]] — 0235889258\n[[https://www.google.com/maps?q=49.5236,0.925179|Déchèterie Villers Ecalles (Villers-Écalles, 15.3 km)]] — 0235619139\n[[https://www.google.com/maps?q=49.3182,1.19194|Déchèterie d'Alizay (Alizay, 15.4 km)]] — 0235231926\n[[https://www.google.com/maps/search/d%C3%A9ch%C3%A8terie/@49.441749,1.094921,12z|Toutes les déchèteries autour du site 🗑️]]\n\n**Fiche d'accès**\nDigicode:\nBadge:\nBoite à clés: Non\nPortail / Portillon: Non\nDélais de prévenance: 3.0\n\nAccès équipement(s):\nBadge:\nClés:\nCadenas:\n\nAccès aérien(s):\nDigicode:\nBadge:\nClés: Clé mécanique\nCadenas:\n\nCommentaire d'accès: CDS : 29/10/2025 : vous devez impérativement contacter également par téléphone..\nVous devez contacter au 02 35 71 93 47\n\n05/11/2025 M cockpit O+M:\n*Pour toute intervention, merci d'envoyer un mail à hotel_des_arcades@yahoo.fr\n\n*Pour les travaux de maintenances: 3 jours à l'avance\n\n*Pour les gros travaux nécessitant l'utilisation d'un engin: 5 jours ouvrés à l'avance\n\n*Les clés sont à récupérer à l'accueil.\n\n*Merci de privilégier les interventions les matins à partir de 9h\n\n*Contact: 02.76.27.67.62",
    "origine": "airtable",
    "campagne": "TOTEM 2026 passage 1",
    "towerco": "TOTEM",
    "ressources": "SEE ALL",
    "nom_site": "ROUEN_CATHEDRALE_NORD_1",
    "adresse": "Hôtel des Arcardes",
    "departement": "76",
    "scope": "EVT - Environnement Technique + SH - Structure Haute",
    "etat_wo": "Travaux planifiés",
    "wo": "WO-206010",
    "acces_detail": "Digicode:\nBadge:\nBoite à clés: Non\nPortail / Portillon: Non\nDélais de prévenance: 3.0\n\nAccès équipement(s):\nBadge:\nClés:\nCadenas:\n\nAccès aérien(s):\nDigicode:\nBadge:\nClés: Clé mécanique\nCadenas:\n\nCommentaire d'accès: CDS : 29/10/2025 : vous devez impérativement contacter également par téléphone..\nVous devez contacter au 02 35 71 93 47\n\n05/11/2025 M cockpit O+M:\n*Pour toute intervention, merci d'envoyer un mail à hotel_des_arcades@yahoo.fr\n\n*Pour les travaux de maintenances: 3 jours à l'avance\n\n*Pour les gros travaux nécessitant l'utilisation d'un engin: 5 jours ouvrés à l'avance\n\n*Les clés sont à récupérer à l'accueil.\n\n*Merci de privilégier les interventions les matins à partir de 9h\n\n*Contact: 02.76.27.67.62",
    "date_planification": "2026-10-30",
    "das_numero": "DAS-N0216923",
    "das_statut": "Refusée",
    "das_debut": "2026-08-31",
    "das_fin": "2026-09-02",
    "das_provenance": "airtable",
    "das_prevenance": "3 jours",
    "calque": "mp-totem-2026-p1",
    "code_fra": "FRA07600029",
    "acces_autonome": "non_autonome",
    "acces_motif": "moyens d'accès à récupérer sur place",
    "_umap_options": {
     "color": "#F59E0B",
     "iconClass": "Drop"
    }
   }
  },
  {
   "type": "Feature",
   "geometry": {
    "type": "Point",
    "coordinates": [
     1.0824815,
     49.4495526
    ]
   },
   "properties": {
    "name": "FRA07600031 — RM_EST",
    "description": "**Numéro de Work Order** : WO-204395\n**État du WO** : Travaux planifiés\n**Scope de maintenance** : EVT - Environnement Technique + SH - Structure Haute\n**Date de planification** : 2026-11-30\n**État de consignation du site** : Consignation\n**Verdict d'autonomie** : a_confirmer\n**Motif du verdict** : la fiche ne tranche pas\n**Numéro de DAS** : DAS-N0209753\n**Statut de la DAS** : Acceptée\n**Début de validité** : 2026-08-12\n**Fin de validité** : 2026-08-13\n**Délai de prévenance** : 7 jours\n**Origine de la DAS** : airtable\n**Campagne d'appartenance** : TOTEM 2026 passage 1\n**Donneur d'ordre de la campagne** : TOTEM\n**Colonne Ressources du périmètre** : SEE ALL - A prioriser\n**Provenance du repère** : airtable\n**Adresse du site** : Place de l église St Gervais\n**Numéro de département** : 76\n**Nom du site** : RM_EST\n**Coordonnées** : 49.449553, 1.082482\n[[https://www.google.com/maps?q=49.449553,1.082482|Google Maps 🌍]] · [[https://www.google.com/maps/@?api=1&map_action=pano&viewpoint=49.449553,1.082482|Street View]]\n**Déchèteries pro les plus proches** :\n[[https://www.google.com/maps?q=49.4348,1.10409|Déchèterie Rouen (Rouen, 2.3 km)]] — 0235889258\n[[https://www.google.com/maps?q=49.5236,0.925179|Déchèterie Villers Ecalles (Villers-Écalles, 14.0 km)]] — 0235619139\n[[https://www.google.com/maps?q=49.3182,1.19194|Déchèterie d'Alizay (Alizay, 16.6 km)]] — 0235231926\n[[https://www.google.com/maps/search/d%C3%A9ch%C3%A8terie/@49.449553,1.082482,12z|Toutes les déchèteries autour du site 🗑️]]\n\n**Fiche d'accès**\nDigicode:\nBadge:\nBoite à clés:\nPortail / Portillon:\nDélais de prévenance: 7.0\n\nAccès équipement(s):\nBadge:\nClés:\nCadenas:\n\nAccès aérien(s):\nDigicode:\nBadge:\nClés:\nCadenas:\n\nCommentaire d'accès: 06/05/2025 Mi cockpit O+M :\n* Mme Bougerie du diocèse\nTél : 06 42 44 58 15\nmail : cathorouen.pastorale@gmail.com\nIl faut lui prévenir une semaine à l'avance par un appel téléphonique sur 06 42 44 58 15 et lui envoyer un mail cathorouen.pastorale@gmail.com .\nIls vont donner l'accès au technicien.",
    "origine": "airtable",
    "campagne": "TOTEM 2026 passage 1",
    "towerco": "TOTEM",
    "ressources": "SEE ALL - A prioriser",
    "nom_site": "RM_EST",
    "adresse": "Place de l église St Gervais",
    "departement": "76",
    "scope": "EVT - Environnement Technique + SH - Structure Haute",
    "etat_wo": "Travaux planifiés",
    "wo": "WO-204395",
    "consignation": "Consignation",
    "acces_detail": "Digicode:\nBadge:\nBoite à clés:\nPortail / Portillon:\nDélais de prévenance: 7.0\n\nAccès équipement(s):\nBadge:\nClés:\nCadenas:\n\nAccès aérien(s):\nDigicode:\nBadge:\nClés:\nCadenas:\n\nCommentaire d'accès: 06/05/2025 Mi cockpit O+M :\n* Mme Bougerie du diocèse\nTél : 06 42 44 58 15\nmail : cathorouen.pastorale@gmail.com\nIl faut lui prévenir une semaine à l'avance par un appel téléphonique sur 06 42 44 58 15 et lui envoyer un mail cathorouen.pastorale@gmail.com .\nIls vont donner l'accès au technicien.",
    "date_planification": "2026-11-30",
    "das_numero": "DAS-N0209753",
    "das_statut": "Acceptée",
    "das_debut": "2026-08-12",
    "das_fin": "2026-08-13",
    "das_provenance": "airtable",
    "das_prevenance": "7 jours",
    "calque": "mp-totem-2026-p1",
    "code_fra": "FRA07600031",
    "acces_autonome": "a_confirmer",
    "acces_motif": "la fiche ne tranche pas",
    "_umap_options": {
     "color": "#F59E0B",
     "iconClass": "Drop"
    }
   }
  },
  {
   "type": "Feature",
   "geometry": {
    "type": "Point",
    "coordinates": [
     1.0944346,
     49.4481583
    ]
   },
   "properties": {
    "name": "FRA07600038 — ROUEN_POSTE_DEM",
    "description": "**Numéro de Work Order** : WO-205896\n**État du WO** : Travaux planifiés\n**Scope de maintenance** : EVT - Environnement Technique + SH - Structure Haute\n**Date de planification** : 2026-08-31\n**Verdict d'autonomie** : non_autonome\n**Motif du verdict** : moyens d'accès à récupérer sur place\n**Numéro de DAS** : DAS-N0216927\n**Statut de la DAS** : Refusée\n**Début de validité** : 2026-08-31\n**Fin de validité** : 2026-09-02\n**Délai de prévenance** : 3 jours\n**Origine de la DAS** : airtable\n**Campagne d'appartenance** : TOTEM 2026 passage 1\n**Donneur d'ordre de la campagne** : TOTEM\n**Colonne Ressources du périmètre** : SEE ALL\n**Provenance du repère** : airtable\n**Adresse du site** : 128, Rue Jeanne d Arc\n**Numéro de département** : 76\n**Nom du site** : ROUEN_POSTE_DEM\n**Coordonnées** : 49.448158, 1.094435\n[[https://www.google.com/maps?q=49.448158,1.094435|Google Maps 🌍]] · [[https://www.google.com/maps/@?api=1&map_action=pano&viewpoint=49.448158,1.094435|Street View]]\n**Déchèteries pro les plus proches** :\n[[https://www.google.com/maps?q=49.4348,1.10409|Déchèterie Rouen (Rouen, 1.6 km)]] — 0235889258\n[[https://www.google.com/maps?q=49.5236,0.925179|Déchèterie Villers Ecalles (Villers-Écalles, 14.8 km)]] — 0235619139\n[[https://www.google.com/maps?q=49.3182,1.19194|Déchèterie d'Alizay (Alizay, 16.1 km)]] — 0235231926\n[[https://www.google.com/maps/search/d%C3%A9ch%C3%A8terie/@49.448158,1.094435,12z|Toutes les déchèteries autour du site 🗑️]]\n\n**Fiche d'accès**\nDigicode: NON\nBadge:\nBoite à clés: Non\nPortail / Portillon: Non\nDélais de prévenance: 3.0\n\nAccès équipement(s):\nBadge:\nClés:\nCadenas:\n\nAccès aérien(s):\nDigicode:\nBadge:\nClés: Clé mécanique\nCadenas:\n\nCommentaire d'accès: 21/11/25 N cockpit O+M :\nFaire une DAS à julie@jourdainneaktion.fr et aurore@jourdainneaktion.fr , 72 h à l’avance.\nTous les accès sont à récupérer auprès de l’agence : 95 rue Jeanne d’Arc, 76000 Rouen.\nL’accueil de l’agence est ouvert de 9 h à 12 h et de 14 h à 18 h.\nContact agence : +33 2 32 76 75 84\nAccès en autonomie.",
    "origine": "airtable",
    "campagne": "TOTEM 2026 passage 1",
    "towerco": "TOTEM",
    "ressources": "SEE ALL",
    "nom_site": "ROUEN_POSTE_DEM",
    "adresse": "128, Rue Jeanne d Arc",
    "departement": "76",
    "scope": "EVT - Environnement Technique + SH - Structure Haute",
    "etat_wo": "Travaux planifiés",
    "wo": "WO-205896",
    "acces_detail": "Digicode: NON\nBadge:\nBoite à clés: Non\nPortail / Portillon: Non\nDélais de prévenance: 3.0\n\nAccès équipement(s):\nBadge:\nClés:\nCadenas:\n\nAccès aérien(s):\nDigicode:\nBadge:\nClés: Clé mécanique\nCadenas:\n\nCommentaire d'accès: 21/11/25 N cockpit O+M :\nFaire une DAS à julie@jourdainneaktion.fr et aurore@jourdainneaktion.fr , 72 h à l’avance.\nTous les accès sont à récupérer auprès de l’agence : 95 rue Jeanne d’Arc, 76000 Rouen.\nL’accueil de l’agence est ouvert de 9 h à 12 h et de 14 h à 18 h.\nContact agence : +33 2 32 76 75 84\nAccès en autonomie.",
    "date_planification": "2026-08-31",
    "das_numero": "DAS-N0216927",
    "das_statut": "Refusée",
    "das_debut": "2026-08-31",
    "das_fin": "2026-09-02",
    "das_provenance": "airtable",
    "das_prevenance": "3 jours",
    "calque": "mp-totem-2026-p1",
    "code_fra": "FRA07600038",
    "acces_autonome": "non_autonome",
    "acces_motif": "moyens d'accès à récupérer sur place",
    "_umap_options": {
     "color": "#F59E0B",
     "iconClass": "Drop"
    }
   }
  },
  {
   "type": "Feature",
   "geometry": {
    "type": "Point",
    "coordinates": [
     1.0737748,
     49.4338296
    ]
   },
   "properties": {
    "name": "FRA07600062 — ROUEN_LES_CHARTREUX",
    "description": "**Numéro de Work Order** : WO-205897\n**État du WO** : Travaux planifiés\n**Scope de maintenance** : EVT - Environnement Technique + SH - Structure Haute\n**Date de planification** : 2026-08-31\n**Verdict d'autonomie** : non_autonome\n**Motif du verdict** : carte CMS à retirer au préalable\n**Numéro de DAS** : DAS-N0215535\n**Statut de la DAS** : Acceptée\n**Début de validité** : 2026-08-31\n**Fin de validité** : 2026-09-01\n**Délai de prévenance** : 7 jours\n**Origine de la DAS** : airtable\n**Campagne d'appartenance** : TOTEM 2026 passage 1\n**Donneur d'ordre de la campagne** : TOTEM\n**Colonne Ressources du périmètre** : SEE ALL\n**Provenance du repère** : airtable\n**Adresse du site** : 9 Rue de la Motte\n**Numéro de département** : 76\n**Nom du site** : ROUEN_LES_CHARTREUX\n**Coordonnées** : 49.433830, 1.073775\n[[https://www.google.com/maps?q=49.433830,1.073775|Google Maps 🌍]] · [[https://www.google.com/maps/@?api=1&map_action=pano&viewpoint=49.433830,1.073775|Street View]]\n**Déchèteries pro les plus proches** :\n[[https://www.google.com/maps?q=49.4348,1.10409|Déchèterie Rouen (Rouen, 2.2 km)]] — 0235889258\n[[https://www.google.com/maps?q=49.5236,0.925179|Déchèterie Villers Ecalles (Villers-Écalles, 14.7 km)]] — 0235619139\n[[https://www.google.com/maps?q=49.3182,1.19194|Déchèterie d'Alizay (Alizay, 15.4 km)]] — 0235231926\n[[https://www.google.com/maps/search/d%C3%A9ch%C3%A8terie/@49.433830,1.073775,12z|Toutes les déchèteries autour du site 🗑️]]\n\n**Fiche d'accès**\nDigicode:\nBadge: controle d’acces:DATA CONTROL\nBoite à clés: Oui\nPortail / Portillon: Non\nDélais de prévenance: 7.0\n\nAccès équipement(s):\nBadge:\nClés: Clé bailleur\nCadenas:\n\nAccès aérien(s):\nDigicode:\nBadge:\nClés: Clé bailleur\nCadenas:\n\nCommentaire d'accès: JPG 26092025\nCDS :\nSimple visite pas besoin de prévenance\nTravaux : Faire prévenance 7 jours avant vers directeur de site henrik.hiblot@orange.com\nSite mixte local Orange en CMS depuis 19/09/2025\nBien s'assurer que l'intervenant est en possession d'une carte\nCMS Carte Multi Service en cours de validité.",
    "origine": "airtable",
    "campagne": "TOTEM 2026 passage 1",
    "towerco": "TOTEM",
    "ressources": "SEE ALL",
    "nom_site": "ROUEN_LES_CHARTREUX",
    "adresse": "9 Rue de la Motte",
    "departement": "76",
    "scope": "EVT - Environnement Technique + SH - Structure Haute",
    "etat_wo": "Travaux planifiés",
    "wo": "WO-205897",
    "acces_detail": "Digicode:\nBadge: controle d’acces:DATA CONTROL\nBoite à clés: Oui\nPortail / Portillon: Non\nDélais de prévenance: 7.0\n\nAccès équipement(s):\nBadge:\nClés: Clé bailleur\nCadenas:\n\nAccès aérien(s):\nDigicode:\nBadge:\nClés: Clé bailleur\nCadenas:\n\nCommentaire d'accès: JPG 26092025\nCDS :\nSimple visite pas besoin de prévenance\nTravaux : Faire prévenance 7 jours avant vers directeur de site henrik.hiblot@orange.com\nSite mixte local Orange en CMS depuis 19/09/2025\nBien s'assurer que l'intervenant est en possession d'une carte\nCMS Carte Multi Service en cours de validité.",
    "date_planification": "2026-08-31",
    "das_numero": "DAS-N0215535",
    "das_statut": "Acceptée",
    "das_debut": "2026-08-31",
    "das_fin": "2026-09-01",
    "das_provenance": "airtable",
    "das_prevenance": "7 jours",
    "calque": "mp-totem-2026-p1",
    "code_fra": "FRA07600062",
    "acces_autonome": "non_autonome",
    "acces_motif": "carte CMS à retirer au préalable",
    "_umap_options": {
     "color": "#F59E0B",
     "iconClass": "Drop"
    }
   }
  },
  {
   "type": "Feature",
   "geometry": {
    "type": "Point",
    "coordinates": [
     0.314189,
     49.7374822
    ]
   },
   "properties": {
    "name": "FRA07600069 — YPORT",
    "description": "**Numéro de Work Order** : WO-205900\n**État du WO** : Travaux planifiés\n**Scope de maintenance** : EVT - Environnement Technique + SH - Structure Haute\n**Date de planification** : 2026-08-31\n**État de consignation du site** : Consigne Particulière\n**Verdict d'autonomie** : non_autonome\n**Motif du verdict** : la fiche déclare l'accès non autonome\n**Numéro de DAS** : DAS-N0211757\n**Statut de la DAS** : Refusée\n**Début de validité** : 2026-08-25\n**Fin de validité** : 2026-08-26\n**Délai de prévenance** : 7 jours\n**Origine de la DAS** : airtable\n**Campagne d'appartenance** : TOTEM 2026 passage 1\n**Donneur d'ordre de la campagne** : TOTEM\n**Colonne Ressources du périmètre** : SEE ALL\n**Provenance du repère** : airtable\n**Adresse du site** : Eglise - Place de Verdun\n**Numéro de département** : 76\n**Nom du site** : YPORT\n**Coordonnées** : 49.737482, 0.314189\n[[https://www.google.com/maps?q=49.737482,0.314189|Google Maps 🌍]] · [[https://www.google.com/maps/@?api=1&map_action=pano&viewpoint=49.737482,0.314189|Street View]]\n**Déchèteries pro les plus proches** :\n[[https://www.google.com/maps?q=49.7175,0.360011|Déchèterie de Fécamp (Épreville, 4.0 km)]] — 0235292898\n[[https://www.google.com/maps?q=49.6413,0.372365|Déchèterie Goderville (Goderville, 11.5 km)]] — 0235103259\n[[https://www.google.com/maps?q=49.6321,0.259922|Déchèterie Criquetot l'Esneval (Criquetot-l'Esneval, 12.4 km)]] — 0235289868\n[[https://www.google.com/maps/search/d%C3%A9ch%C3%A8terie/@49.737482,0.314189,12z|Toutes les déchèteries autour du site 🗑️]]\n\n**Fiche d'accès**\nDigicode:\nBadge:\nBoite à clés:\nPortail / Portillon:\nDélais de prévenance: 7.0\n\nAccès équipement(s):\nBadge:\nClés: Clé mécanique\nCadenas:\n\nAccès aérien(s):\nDigicode:\nBadge:\nClés: Clé mécanique\nCadenas:\n\nCommentaire d'accès: 22/10/25 D cockpit O+M:\nCOMMUNE D'YPORT: 02 35 27 30 24\nMode de prévenance par mail: mairie@ville-yport.fr/ 1 semaine à l'avance\nAccès: non autonomie; l’accès lui sera ouvert par un technicien de la mairie",
    "origine": "airtable",
    "campagne": "TOTEM 2026 passage 1",
    "towerco": "TOTEM",
    "ressources": "SEE ALL",
    "nom_site": "YPORT",
    "adresse": "Eglise - Place de Verdun",
    "departement": "76",
    "scope": "EVT - Environnement Technique + SH - Structure Haute",
    "etat_wo": "Travaux planifiés",
    "wo": "WO-205900",
    "consignation": "Consigne Particulière",
    "acces_detail": "Digicode:\nBadge:\nBoite à clés:\nPortail / Portillon:\nDélais de prévenance: 7.0\n\nAccès équipement(s):\nBadge:\nClés: Clé mécanique\nCadenas:\n\nAccès aérien(s):\nDigicode:\nBadge:\nClés: Clé mécanique\nCadenas:\n\nCommentaire d'accès: 22/10/25 D cockpit O+M:\nCOMMUNE D'YPORT: 02 35 27 30 24\nMode de prévenance par mail: mairie@ville-yport.fr/ 1 semaine à l'avance\nAccès: non autonomie; l’accès lui sera ouvert par un technicien de la mairie",
    "date_planification": "2026-08-31",
    "das_numero": "DAS-N0211757",
    "das_statut": "Refusée",
    "das_debut": "2026-08-25",
    "das_fin": "2026-08-26",
    "das_provenance": "airtable",
    "das_prevenance": "7 jours",
    "calque": "mp-totem-2026-p1",
    "code_fra": "FRA07600069",
    "acces_autonome": "non_autonome",
    "acces_motif": "la fiche déclare l'accès non autonome",
    "_umap_options": {
     "color": "#F59E0B",
     "iconClass": "Drop"
    }
   }
  },
  {
   "type": "Feature",
   "geometry": {
    "type": "Point",
    "coordinates": [
     1.0626769,
     49.4291937
    ]
   },
   "properties": {
    "name": "FRA07600089 — ROUEN_PARC_CHARTREUX_NEW",
    "description": "**Numéro de Work Order** : WO-205907\n**État du WO** : Travaux planifiés\n**Scope de maintenance** : EVT - Environnement Technique + SH - Structure Haute\n**Date de planification** : 2026-08-31\n**État de consignation du site** : Consignation\n**Verdict d'autonomie** : autonome\n**Motif du verdict** : clé électronique ILOQ ou ABLOY\n**Numéro de DAS** : DAS-N0215494\n**Statut de la DAS** : Refusée\n**Début de validité** : 2026-08-31\n**Fin de validité** : 2026-09-01\n**Origine de la DAS** : airtable\n**Campagne d'appartenance** : TOTEM 2026 passage 1\n**Donneur d'ordre de la campagne** : TOTEM\n**Colonne Ressources du périmètre** : SEE ALL\n**Provenance du repère** : airtable\n**Adresse du site** : 14 Rue Gaston Donnette\n**Numéro de département** : 76\n**Nom du site** : ROUEN_PARC_CHARTREUX_NEW\n**Coordonnées** : 49.429194, 1.062677\n[[https://www.google.com/maps?q=49.429194,1.062677|Google Maps 🌍]] · [[https://www.google.com/maps/@?api=1&map_action=pano&viewpoint=49.429194,1.062677|Street View]]\n**Déchèteries pro les plus proches** :\n[[https://www.google.com/maps?q=49.4348,1.10409|Déchèterie Rouen (Rouen, 3.1 km)]] — 0235889258\n[[https://www.google.com/maps?q=49.5236,0.925179|Déchèterie Villers Ecalles (Villers-Écalles, 14.5 km)]] — 0235619139\n[[https://www.google.com/maps?q=49.3182,1.19194|Déchèterie d'Alizay (Alizay, 15.5 km)]] — 0235231926\n[[https://www.google.com/maps/search/d%C3%A9ch%C3%A8terie/@49.429194,1.062677,12z|Toutes les déchèteries autour du site 🗑️]]\n\n**Fiche d'accès**\nDigicode:\nBadge:\nBoite à clés: Non\nPortail / Portillon:\nDélais de prévenance:\n\nAccès équipement(s):\nBadge:\nClés: Clé électronique ABLOY\nCadenas:\n\nAccès aérien(s):\nDigicode:\nBadge:\nClés: Clé mécanique\nCadenas:\n\nCommentaire d'accès:",
    "origine": "airtable",
    "campagne": "TOTEM 2026 passage 1",
    "towerco": "TOTEM",
    "ressources": "SEE ALL",
    "nom_site": "ROUEN_PARC_CHARTREUX_NEW",
    "adresse": "14 Rue Gaston Donnette",
    "departement": "76",
    "scope": "EVT - Environnement Technique + SH - Structure Haute",
    "etat_wo": "Travaux planifiés",
    "wo": "WO-205907",
    "consignation": "Consignation",
    "acces_detail": "Digicode:\nBadge:\nBoite à clés: Non\nPortail / Portillon:\nDélais de prévenance:\n\nAccès équipement(s):\nBadge:\nClés: Clé électronique ABLOY\nCadenas:\n\nAccès aérien(s):\nDigicode:\nBadge:\nClés: Clé mécanique\nCadenas:\n\nCommentaire d'accès:",
    "date_planification": "2026-08-31",
    "das_numero": "DAS-N0215494",
    "das_statut": "Refusée",
    "das_debut": "2026-08-31",
    "das_fin": "2026-09-01",
    "das_provenance": "airtable",
    "calque": "mp-totem-2026-p1",
    "code_fra": "FRA07600089",
    "acces_autonome": "autonome",
    "acces_motif": "clé électronique ILOQ ou ABLOY",
    "_umap_options": {
     "color": "#F59E0B",
     "iconClass": "Drop"
    }
   }
  },
  {
   "type": "Feature",
   "geometry": {
    "type": "Point",
    "coordinates": [
     0.789964,
     49.673952
    ]
   },
   "properties": {
    "name": "FRA07600107 — ETOUTTEVILLE",
    "description": "**Numéro de Work Order** : WO-205632 + WO-228575 + WO-243223\n**État du WO** : Travaux planifiés\n**Scope de maintenance** : EVT - Environnement Technique + EV - Espaces Verts + SH - Structure Haute + EV - Espaces Verts\n**Date de planification** : 2026-10-15\n**Verdict d'autonomie** : autonome\n**Motif du verdict** : clé électronique ILOQ ou ABLOY\n**Numéro de DAS** : DAS-N0211597\n**Statut de la DAS** : Acceptée\n**Début de validité** : 2026-08-18\n**Fin de validité** : 2026-08-19\n**Origine de la DAS** : airtable\n**Campagne d'appartenance** : TOTEM 2026 passage 1\n**Donneur d'ordre de la campagne** : TOTEM\n**Colonne Ressources du périmètre** : SEE ALL\n**Provenance du repère** : airtable\n**Adresse du site** : Impasse du Beau Soleil\n**Numéro de département** : 76\n**Nom du site** : ETOUTTEVILLE\n**Coordonnées** : 49.673952, 0.789964\n[[https://www.google.com/maps?q=49.673952,0.789964|Google Maps 🌍]] · [[https://www.google.com/maps/@?api=1&map_action=pano&viewpoint=49.673952,0.789964|Street View]]\n**Déchèteries pro les plus proches** :\n[[https://www.google.com/maps?q=49.7238,0.774407|Déchèterie de Doudeville (Doudeville, 5.7 km)]] — 0235959342\n[[https://www.google.com/maps?q=49.6659,0.879327|Déchèterie Yerville (Yerville, 6.5 km)]] — 0235962263\n[[https://www.google.com/maps?q=49.603,0.759349|Déchèterie Yvetot (Touffreville-la-Corbeline, 8.2 km)]] — 0235561414\n[[https://www.google.com/maps/search/d%C3%A9ch%C3%A8terie/@49.673952,0.789964,12z|Toutes les déchèteries autour du site 🗑️]]\n\n**Fiche d'accès**\nDigicode: SO\nBadge: SO\nBoite à clés:\nPortail / Portillon: Electronique SO\nDélais de prévenance:\n\nAccès équipement(s):\nBadge:\nClés: Clé électronique ILOQ\nCadenas:\n\nAccès aérien(s):\nDigicode:\nBadge:\nClés: Clé électronique ILOQ\nCadenas:\n\nCommentaire d'accès:",
    "origine": "airtable",
    "campagne": "TOTEM 2026 passage 1",
    "towerco": "TOTEM",
    "ressources": "SEE ALL",
    "nom_site": "ETOUTTEVILLE",
    "adresse": "Impasse du Beau Soleil",
    "departement": "76",
    "scope": "EVT - Environnement Technique + EV - Espaces Verts + SH - Structure Haute + EV - Espaces Verts",
    "etat_wo": "Travaux planifiés",
    "wo": "WO-205632 + WO-228575 + WO-243223",
    "acces_detail": "Digicode: SO\nBadge: SO\nBoite à clés:\nPortail / Portillon: Electronique SO\nDélais de prévenance:\n\nAccès équipement(s):\nBadge:\nClés: Clé électronique ILOQ\nCadenas:\n\nAccès aérien(s):\nDigicode:\nBadge:\nClés: Clé électronique ILOQ\nCadenas:\n\nCommentaire d'accès:",
    "date_planification": "2026-10-15",
    "das_numero": "DAS-N0211597",
    "das_statut": "Acceptée",
    "das_debut": "2026-08-18",
    "das_fin": "2026-08-19",
    "das_provenance": "airtable",
    "calque": "mp-totem-2026-p1",
    "code_fra": "FRA07600107",
    "acces_autonome": "autonome",
    "acces_motif": "clé électronique ILOQ ou ABLOY",
    "_umap_options": {
     "color": "#F59E0B",
     "iconClass": "Drop"
    }
   }
  },
  {
   "type": "Feature",
   "geometry": {
    "type": "Point",
    "coordinates": [
     0.4839541,
     49.5799095
    ]
   },
   "properties": {
    "name": "FRA07600111 — BOLBEC_LE_MONT",
    "description": "**Numéro de Work Order** : WO-205296 + WO-228427 + WO-243225\n**État du WO** : Travaux planifiés\n**Scope de maintenance** : EVT - Environnement Technique + EV - Espaces Verts + SH - Structure Haute + EV - Espaces Verts\n**Date de planification** : 2026-09-30\n**Nécessité d'une nacelle** : oui\n**Verdict d'autonomie** : autonome\n**Motif du verdict** : boîte à clés sur site\n**Numéro de DAS** : DAS-N0218368\n**Statut de la DAS** : En attente\n**Début de validité** : 2026-09-07\n**Fin de validité** : 2026-09-07\n**Délai de prévenance** : 15 jours\n**Origine de la DAS** : airtable\n**Campagne d'appartenance** : TOTEM 2026 passage 1\n**Donneur d'ordre de la campagne** : TOTEM\n**Colonne Ressources du périmètre** : SEE ALL - A prioriser\n**Provenance du repère** : airtable\n**Adresse du site** : Réservoir Municipal lyonnaise des eaux\n**Numéro de département** : 76\n**Nom du site** : BOLBEC_LE_MONT\n**Coordonnées** : 49.579909, 0.483954\n[[https://www.google.com/maps?q=49.579909,0.483954|Google Maps 🌍]] · [[https://www.google.com/maps/@?api=1&map_action=pano&viewpoint=49.579909,0.483954|Street View]]\n**Déchèteries pro les plus proches** :\n[[https://www.google.com/maps?q=49.5879,0.484063|Decheterie Bolbec (BOLBEC, 0.9 km)]] — 0232840497\n[[https://www.google.com/maps?q=49.5102,0.535645|Déchèterie de Lillebonne (Lillebonne, 8.6 km)]] — 0235310794\n[[https://www.google.com/maps?q=49.5335,0.36589|Déchèterie de Saint Romain de Colbosc (Saint-Romain-de-Colbosc, 10.0 km)]] — 0235309513\n[[https://www.google.com/maps/search/d%C3%A9ch%C3%A8terie/@49.579909,0.483954,12z|Toutes les déchèteries autour du site 🗑️]]\n\n**Fiche d'accès**\nDigicode:\nBadge:\nBoite à clés:\nPortail / Portillon: Mécanique\nDélais de prévenance: 15.0\n\nAccès équipement(s):\nBadge:\nClés:\nCadenas:\n\nAccès aérien(s):\nDigicode:\nBadge:\nClés:\nCadenas:\n\nCommentaire d'accès: Boite Cle :en limite de propriété au côté du portail eaux@cauxseine.fr/Absence de clé dans la BAC le 22/11/2017/SO/vide\n\neau@stgs.fr PREAVIS POUR NACELLE AERIENS Pour tout accès au château d’eau, il faut envoyer un mail à : eaux@cauxseine.fr En indiquant le type de type de travaux effectués, la date et heure de l’ouverture et durée d’intervention - eau@stgs.fr Pour tout accès au château d’eau, il faut envoyer un mail à : eaux@cauxseine.fr par ORANGE plus d’actualité : fabienne.mayet@stgs.fr En indiquant le type de type de travaux effectués, la date et heure de l’ouverture et durée d’intervention\n\nNA / 24/10/2025\n\nConditions d'accès :\n\nAccès 24h/24 et 7j/7 aux équipements techniques.\n\nPour toutes autres interventions dans le CDE : demande d'accès par mail au fermier 48h avant la date d'intervention.\n\nMail : sde.ndg@stgs.fr\net mettre en copie le bailleur : m.prevel@cauxseine.fr\n\nContact Accès :\n\nMr Frédéric GADENNE Tel : 02 35 95 92 60 Mail : sde.ndg@stgs.fr\n\nPour les interventions urgentes :\n\nContact : Maxime PREVEL Tel : 06 26 64 61 56\n\nCONVENTION OK\n\nContact bailleur : COM COM CAUX VALLEE DE SEINE\nMaxime PREVEL 06 26 64 61 56 / 02 32 84 66 25\neaux@cauxseine.fr\n—\n\nContact Fermier : STGS: SOCIETE DE TRAVAUX GESTION ET SERVICES\nMatthieu TOUTAIN / Yohann LEMOINE 02 35 95 79 76 / 06 31 02 58 08\neau@stgs.fr\n, sde.ndg@stgs.fr\n, Matthieu.TOUTAIN@stgs.fr\n, Yohann.LEMOINE@stgs.fr\n—",
    "origine": "airtable",
    "campagne": "TOTEM 2026 passage 1",
    "towerco": "TOTEM",
    "ressources": "SEE ALL - A prioriser",
    "nom_site": "BOLBEC_LE_MONT",
    "adresse": "Réservoir Municipal lyonnaise des eaux",
    "departement": "76",
    "scope": "EVT - Environnement Technique + EV - Espaces Verts + SH - Structure Haute + EV - Espaces Verts",
    "etat_wo": "Travaux planifiés",
    "wo": "WO-205296 + WO-228427 + WO-243225",
    "acces_detail": "Digicode:\nBadge:\nBoite à clés:\nPortail / Portillon: Mécanique\nDélais de prévenance: 15.0\n\nAccès équipement(s):\nBadge:\nClés:\nCadenas:\n\nAccès aérien(s):\nDigicode:\nBadge:\nClés:\nCadenas:\n\nCommentaire d'accès: Boite Cle :en limite de propriété au côté du portail eaux@cauxseine.fr/Absence de clé dans la BAC le 22/11/2017/SO/vide\n\neau@stgs.fr PREAVIS POUR NACELLE AERIENS Pour tout accès au château d’eau, il faut envoyer un mail à : eaux@cauxseine.fr En indiquant le type de type de travaux effectués, la date et heure de l’ouverture et durée d’intervention - eau@stgs.fr Pour tout accès au château d’eau, il faut envoyer un mail à : eaux@cauxseine.fr par ORANGE plus d’actualité : fabienne.mayet@stgs.fr En indiquant le type de type de travaux effectués, la date et heure de l’ouverture et durée d’intervention\n\nNA / 24/10/2025\n\nConditions d'accès :\n\nAccès 24h/24 et 7j/7 aux équipements techniques.\n\nPour toutes autres interventions dans le CDE : demande d'accès par mail au fermier 48h avant la date d'intervention.\n\nMail : sde.ndg@stgs.fr\net mettre en copie le bailleur : m.prevel@cauxseine.fr\n\nContact Accès :\n\nMr Frédéric GADENNE Tel : 02 35 95 92 60 Mail : sde.ndg@stgs.fr\n\nPour les interventions urgentes :\n\nContact : Maxime PREVEL Tel : 06 26 64 61 56\n\nCONVENTION OK\n\nContact bailleur : COM COM CAUX VALLEE DE SEINE\nMaxime PREVEL 06 26 64 61 56 / 02 32 84 66 25\neaux@cauxseine.fr\n—\n\nContact Fermier : STGS: SOCIETE DE TRAVAUX GESTION ET SERVICES\nMatthieu TOUTAIN / Yohann LEMOINE 02 35 95 79 76 / 06 31 02 58 08\neau@stgs.fr\n, sde.ndg@stgs.fr\n, Matthieu.TOUTAIN@stgs.fr\n, Yohann.LEMOINE@stgs.fr\n—",
    "date_planification": "2026-09-30",
    "nacelle": true,
    "das_numero": "DAS-N0218368",
    "das_statut": "En attente",
    "das_debut": "2026-09-07",
    "das_fin": "2026-09-07",
    "das_provenance": "airtable",
    "das_prevenance": "15 jours",
    "calque": "mp-totem-2026-p1",
    "code_fra": "FRA07600111",
    "acces_autonome": "autonome",
    "acces_motif": "boîte à clés sur site",
    "_umap_options": {
     "color": "#F59E0B",
     "iconClass": "Drop"
    }
   }
  },
  {
   "type": "Feature",
   "geometry": {
    "type": "Point",
    "coordinates": [
     1.1513566,
     49.5219557
    ]
   },
   "properties": {
    "name": "FRA07600119 — QUINCAMPOIX",
    "description": "**Numéro de Work Order** : WO-205984\n**État du WO** : Travaux planifiés\n**Scope de maintenance** : EVT - Environnement Technique + SH - Structure Haute\n**Date de planification** : 2026-09-30\n**Verdict d'autonomie** : a_confirmer\n**Motif du verdict** : site Back to Back, modalités à obtenir via Orange\n**Numéro de DAS** : DAS-N0216095\n**Statut de la DAS** : Annulée\n**Début de validité** : 2026-09-04\n**Fin de validité** : 2026-09-05\n**Délai de prévenance** : 15 jours\n**Origine de la DAS** : airtable\n**Campagne d'appartenance** : TOTEM 2026 passage 1\n**Donneur d'ordre de la campagne** : TOTEM\n**Colonne Ressources du périmètre** : SEE ALL\n**Provenance du repère** : airtable\n**Adresse du site** : Château d'eau - La ventelette\n**Numéro de département** : 76\n**Nom du site** : QUINCAMPOIX\n**Coordonnées** : 49.521956, 1.151357\n[[https://www.google.com/maps?q=49.521956,1.151357|Google Maps 🌍]] · [[https://www.google.com/maps/@?api=1&map_action=pano&viewpoint=49.521956,1.151357|Street View]]\n**Déchèteries pro les plus proches** :\n[[https://www.google.com/maps?q=49.4348,1.10409|Déchèterie Rouen (Rouen, 10.3 km)]] — 0235889258\n[[https://www.google.com/maps?q=49.635,1.17411|Déchèterie Bosc le Hard (Bosc-le-Hard, 12.7 km)]] — 0235769343\n[[https://www.google.com/maps?q=49.5912,1.34958|Déchèterie Buchy (Buchy*, 16.2 km)]] — 0235231883\n[[https://www.google.com/maps/search/d%C3%A9ch%C3%A8terie/@49.521956,1.151357,12z|Toutes les déchèteries autour du site 🗑️]]\n\n**Fiche d'accès**\nDigicode:\nBadge:\nBoite à clés: Non\nPortail / Portillon: Non - BAILLEUR\nDélais de prévenance: 15.0\n\nAccès équipement(s):\nBadge:\nClés:\nCadenas:\n\nAccès aérien(s):\nDigicode:\nBadge:\nClés: Clé électronique ABLOY\nCadenas:\n\nCommentaire d'accès: 25/08/2026 Lou CAMBOULIVES TOTEM\n⚠️Site Back to Back :\nUne fois la DAS réalisée, TOTEM doit contacter ORANGE pour qu'il sollicite le bailleur\nEnvoyer un mail à acces.ouest@orange.com",
    "origine": "airtable",
    "campagne": "TOTEM 2026 passage 1",
    "towerco": "TOTEM",
    "ressources": "SEE ALL",
    "nom_site": "QUINCAMPOIX",
    "adresse": "Château d'eau - La ventelette",
    "departement": "76",
    "scope": "EVT - Environnement Technique + SH - Structure Haute",
    "etat_wo": "Travaux planifiés",
    "wo": "WO-205984",
    "acces_detail": "Digicode:\nBadge:\nBoite à clés: Non\nPortail / Portillon: Non - BAILLEUR\nDélais de prévenance: 15.0\n\nAccès équipement(s):\nBadge:\nClés:\nCadenas:\n\nAccès aérien(s):\nDigicode:\nBadge:\nClés: Clé électronique ABLOY\nCadenas:\n\nCommentaire d'accès: 25/08/2026 Lou CAMBOULIVES TOTEM\n⚠️Site Back to Back :\nUne fois la DAS réalisée, TOTEM doit contacter ORANGE pour qu'il sollicite le bailleur\nEnvoyer un mail à acces.ouest@orange.com",
    "date_planification": "2026-09-30",
    "das_numero": "DAS-N0216095",
    "das_statut": "Annulée",
    "das_debut": "2026-09-04",
    "das_fin": "2026-09-05",
    "das_provenance": "airtable",
    "das_prevenance": "15 jours",
    "calque": "mp-totem-2026-p1",
    "code_fra": "FRA07600119",
    "acces_autonome": "a_confirmer",
    "acces_motif": "site Back to Back, modalités à obtenir via Orange",
    "_umap_options": {
     "color": "#F59E0B",
     "iconClass": "Drop"
    }
   }
  },
  {
   "type": "Feature",
   "geometry": {
    "type": "Point",
    "coordinates": [
     1.0873077,
     49.4239986
    ]
   },
   "properties": {
    "name": "FRA07600147 — ROUEN_BARBES",
    "description": "**Numéro de Work Order** : WO-205914\n**État du WO** : Travaux planifiés\n**Scope de maintenance** : EVT - Environnement Technique + SH - Structure Haute\n**Date de planification** : 2026-08-31\n**Verdict d'autonomie** : autonome\n**Motif du verdict** : clé électronique ILOQ ou ABLOY\n**Numéro de DAS** : DAS-N0215538\n**Statut de la DAS** : Acceptée\n**Début de validité** : 2026-09-03\n**Fin de validité** : 2026-09-04\n**Délai de prévenance** : 15 jours\n**Origine de la DAS** : airtable\n**Campagne d'appartenance** : TOTEM 2026 passage 1\n**Donneur d'ordre de la campagne** : TOTEM\n**Colonne Ressources du périmètre** : SEE ALL\n**Provenance du repère** : airtable\n**Adresse du site** : 1 Rue Grainville\n**Numéro de département** : 76\n**Nom du site** : ROUEN_BARBES\n**Coordonnées** : 49.423999, 1.087308\n[[https://www.google.com/maps?q=49.423999,1.087308|Google Maps 🌍]] · [[https://www.google.com/maps/@?api=1&map_action=pano&viewpoint=49.423999,1.087308|Street View]]\n**Déchèteries pro les plus proches** :\n[[https://www.google.com/maps?q=49.4348,1.10409|Déchèterie Rouen (Rouen, 1.7 km)]] — 0235889258\n[[https://www.google.com/maps?q=49.3182,1.19194|Déchèterie d'Alizay (Alizay, 14.0 km)]] — 0235231926\n[[https://www.google.com/maps?q=49.296,1.1539|Déchèterie Pont de l'Arche (Pont-de-l'Arche, 15.0 km)]]\n[[https://www.google.com/maps/search/d%C3%A9ch%C3%A8terie/@49.423999,1.087308,12z|Toutes les déchèteries autour du site 🗑️]]\n\n**Fiche d'accès**\nDigicode:\nBadge:\nBoite à clés: Oui\nPortail / Portillon: Non\nDélais de prévenance: 15.0\n\nAccès équipement(s):\nBadge:\nClés:\nCadenas:\n\nAccès aérien(s):\nDigicode:\nBadge: DANS LA BAC\nClés: Clé électronique ILOQ\nCadenas:\n\nCommentaire d'accès: 18/02/26 D cockpit O+M:\nSylvie GUILLARD: 0668050736\nPrévenance à faire par mail: sylvie.gillard@icfhabitat.fr/ 15j à l'avance\nLes moyens d’accès doivent être explicitement demandés dans ce courriel.\nNB: Le mail de prévenance doit être rédigé de manière précise et détaillée afin que l’agence puisse le transmettre efficacement au responsable du site, notamment en ce qui concerne les modalités d’accès",
    "origine": "airtable",
    "campagne": "TOTEM 2026 passage 1",
    "towerco": "TOTEM",
    "ressources": "SEE ALL",
    "nom_site": "ROUEN_BARBES",
    "adresse": "1 Rue Grainville",
    "departement": "76",
    "scope": "EVT - Environnement Technique + SH - Structure Haute",
    "etat_wo": "Travaux planifiés",
    "wo": "WO-205914",
    "acces_detail": "Digicode:\nBadge:\nBoite à clés: Oui\nPortail / Portillon: Non\nDélais de prévenance: 15.0\n\nAccès équipement(s):\nBadge:\nClés:\nCadenas:\n\nAccès aérien(s):\nDigicode:\nBadge: DANS LA BAC\nClés: Clé électronique ILOQ\nCadenas:\n\nCommentaire d'accès: 18/02/26 D cockpit O+M:\nSylvie GUILLARD: 0668050736\nPrévenance à faire par mail: sylvie.gillard@icfhabitat.fr/ 15j à l'avance\nLes moyens d’accès doivent être explicitement demandés dans ce courriel.\nNB: Le mail de prévenance doit être rédigé de manière précise et détaillée afin que l’agence puisse le transmettre efficacement au responsable du site, notamment en ce qui concerne les modalités d’accès",
    "date_planification": "2026-08-31",
    "das_numero": "DAS-N0215538",
    "das_statut": "Acceptée",
    "das_debut": "2026-09-03",
    "das_fin": "2026-09-04",
    "das_provenance": "airtable",
    "das_prevenance": "15 jours",
    "calque": "mp-totem-2026-p1",
    "code_fra": "FRA07600147",
    "acces_autonome": "autonome",
    "acces_motif": "clé électronique ILOQ ou ABLOY",
    "_umap_options": {
     "color": "#F59E0B",
     "iconClass": "Drop"
    }
   }
  },
  {
   "type": "Feature",
   "geometry": {
    "type": "Point",
    "coordinates": [
     1.0636968,
     49.2606694
    ]
   },
   "properties": {
    "name": "FRA07600152 — ST_PIERRE_LES_ELBEUF",
    "description": "**Numéro de Work Order** : WO-205846\n**État du WO** : Travaux planifiés\n**Scope de maintenance** : EVT - Environnement Technique + SH - Structure Haute\n**Date de planification** : 2026-08-31\n**Nécessité d'une nacelle** : oui\n**Verdict d'autonomie** : non_autonome\n**Motif du verdict** : présence d'un tiers obligatoire\n**Numéro de DAS** : DAS-N0216929\n**Statut de la DAS** : Acceptée\n**Début de validité** : 2026-08-31\n**Fin de validité** : 2026-09-02\n**Origine de la DAS** : airtable\n**Campagne d'appartenance** : TOTEM 2026 passage 1\n**Donneur d'ordre de la campagne** : TOTEM\n**Colonne Ressources du périmètre** : SEE ALL\n**Provenance du repère** : airtable\n**Adresse du site** : Château d'eau du BOSC TARD\n**Numéro de département** : 76\n**Nom du site** : ST_PIERRE_LES_ELBEUF\n**Coordonnées** : 49.260669, 1.063697\n[[https://www.google.com/maps?q=49.260669,1.063697|Google Maps 🌍]] · [[https://www.google.com/maps/@?api=1&map_action=pano&viewpoint=49.260669,1.063697|Street View]]\n**Déchèteries pro les plus proches** :\n[[https://www.google.com/maps?q=49.2303,1.08118|Déchèterie la Haye Malherbe (HAYE-MALHERBE, 3.6 km)]] — 0232404563\n[[https://www.google.com/maps?q=49.296,1.1539|Déchèterie Pont de l'Arche (Pont-de-l'Arche, 7.6 km)]]\n[[https://www.google.com/maps?q=49.2037,1.14967|Déchèterie Louviers (Louviers, 8.9 km)]]\n[[https://www.google.com/maps/search/d%C3%A9ch%C3%A8terie/@49.260669,1.063697,12z|Toutes les déchèteries autour du site 🗑️]]\n\n**Fiche d'accès**\nDigicode:\nBadge:\nBoite à clés:\nPortail / Portillon: Bailleur\nDélais de prévenance:\n\nAccès équipement(s):\nBadge:\nClés: Clé bailleur\nCadenas:\n\nAccès aérien(s):\nDigicode:\nBadge:\nClés: Clé bailleur\nCadenas:\n\nCommentaire d'accès: 25/08/2026 Lou CAMBOULIVES TOTEM\n⚠️Site Back to Back :\nUne fois la DAS réalisée, TOTEM doit contacter ORANGE pour qu'il sollicite le bailleur\nEnvoyer un mail à acces.ouest@orange.com\n\n📎 Joindre en pièce jointe :\n• ✅ Formulaire complété\n• ✅ Règles d’accès signées par le MOE\n\n👷 Accès : Intervention non autonome (présence obligatoire)",
    "origine": "airtable",
    "campagne": "TOTEM 2026 passage 1",
    "towerco": "TOTEM",
    "ressources": "SEE ALL",
    "nom_site": "ST_PIERRE_LES_ELBEUF",
    "adresse": "Château d'eau du BOSC TARD",
    "departement": "76",
    "scope": "EVT - Environnement Technique + SH - Structure Haute",
    "etat_wo": "Travaux planifiés",
    "wo": "WO-205846",
    "acces_detail": "Digicode:\nBadge:\nBoite à clés:\nPortail / Portillon: Bailleur\nDélais de prévenance:\n\nAccès équipement(s):\nBadge:\nClés: Clé bailleur\nCadenas:\n\nAccès aérien(s):\nDigicode:\nBadge:\nClés: Clé bailleur\nCadenas:\n\nCommentaire d'accès: 25/08/2026 Lou CAMBOULIVES TOTEM\n⚠️Site Back to Back :\nUne fois la DAS réalisée, TOTEM doit contacter ORANGE pour qu'il sollicite le bailleur\nEnvoyer un mail à acces.ouest@orange.com\n\n📎 Joindre en pièce jointe :\n• ✅ Formulaire complété\n• ✅ Règles d’accès signées par le MOE\n\n👷 Accès : Intervention non autonome (présence obligatoire)",
    "date_planification": "2026-08-31",
    "nacelle": true,
    "das_numero": "DAS-N0216929",
    "das_statut": "Acceptée",
    "das_debut": "2026-08-31",
    "das_fin": "2026-09-02",
    "das_provenance": "airtable",
    "calque": "mp-totem-2026-p1",
    "code_fra": "FRA07600152",
    "acces_autonome": "non_autonome",
    "acces_motif": "présence d'un tiers obligatoire",
    "_umap_options": {
     "color": "#F59E0B",
     "iconClass": "Drop"
    }
   }
  },
  {
   "type": "Feature",
   "geometry": {
    "type": "Point",
    "coordinates": [
     1.0413229,
     49.2762981
    ]
   },
   "properties": {
    "name": "FRA07600153 — ELBEUF",
    "description": "**Numéro de Work Order** : WO-205882\n**État du WO** : Travaux planifiés\n**Scope de maintenance** : EVT - Environnement Technique + SH - Structure Haute\n**Date de planification** : 2026-08-31\n**État de consignation du site** : Consigne Particulière\n**Nécessité d'une nacelle** : oui\n**Verdict d'autonomie** : non_autonome\n**Motif du verdict** : moyens d'accès à récupérer sur place\n**Numéro de DAS** : DAS-N0216930\n**Statut de la DAS** : Refusée\n**Début de validité** : 2026-08-31\n**Fin de validité** : 2026-09-02\n**Délai de prévenance** : 10 jours\n**Origine de la DAS** : airtable\n**Campagne d'appartenance** : TOTEM 2026 passage 1\n**Donneur d'ordre de la campagne** : TOTEM\n**Colonne Ressources du périmètre** : SEE ALL\n**Provenance du repère** : airtable\n**Adresse du site** : place de la Résistance\n**Numéro de département** : 76\n**Nom du site** : ELBEUF\n**Coordonnées** : 49.276298, 1.041323\n[[https://www.google.com/maps?q=49.276298,1.041323|Google Maps 🌍]] · [[https://www.google.com/maps/@?api=1&map_action=pano&viewpoint=49.276298,1.041323|Street View]]\n**Déchèteries pro les plus proches** :\n[[https://www.google.com/maps?q=49.2303,1.08118|Déchèterie la Haye Malherbe (HAYE-MALHERBE, 5.9 km)]] — 0232404563\n[[https://www.google.com/maps?q=49.296,1.1539|Déchèterie Pont de l'Arche (Pont-de-l'Arche, 8.5 km)]]\n[[https://www.google.com/maps?q=49.2171,0.933619|Déchèterie d'Amfreville St-Amand (Amfreville-la-Campagne*, 10.2 km)]] — 0232353682\n[[https://www.google.com/maps/search/d%C3%A9ch%C3%A8terie/@49.276298,1.041323,12z|Toutes les déchèteries autour du site 🗑️]]\n\n**Fiche d'accès**\nDigicode:\nBadge:\nBoite à clés: Non\nPortail / Portillon: Non\nDélais de prévenance: 10.0\n\nAccès équipement(s):\nBadge:\nClés: Clé bailleur\nCadenas:\n\nAccès aérien(s):\nDigicode:\nBadge:\nClés: Clé bailleur\nCadenas:\n\nCommentaire d'accès: RA 11/4/25\n- Contact : Florence Etcheto\n- Téléphone : 02 32 96 95 74\n- Téléphone : 06 14 33 06 68\nE-mails :\n- fetcheto@pierrotin.fr\n- edesjardins@pierrotin.fr\n- GSM_St_Louis@pierrotin.fr\n\n12/05/2025 Mi cockpit O+M :\n\n* SERVICE TECHNIQUE DE LA MAIRIE\n02 32 96 95 70 ( mairie )\n02 32 96 94 55 ( service urbanisme )\ntechnique@pierrotin.fr\n\nIl faut un délai minimum de 10 jours pour les prévenir par mail au technique@pierrotin.fr et les techniciens doivent prendre les clés à la mairie avant chaque intervention.",
    "origine": "airtable",
    "campagne": "TOTEM 2026 passage 1",
    "towerco": "TOTEM",
    "ressources": "SEE ALL",
    "nom_site": "ELBEUF",
    "adresse": "place de la Résistance",
    "departement": "76",
    "scope": "EVT - Environnement Technique + SH - Structure Haute",
    "etat_wo": "Travaux planifiés",
    "wo": "WO-205882",
    "consignation": "Consigne Particulière",
    "acces_detail": "Digicode:\nBadge:\nBoite à clés: Non\nPortail / Portillon: Non\nDélais de prévenance: 10.0\n\nAccès équipement(s):\nBadge:\nClés: Clé bailleur\nCadenas:\n\nAccès aérien(s):\nDigicode:\nBadge:\nClés: Clé bailleur\nCadenas:\n\nCommentaire d'accès: RA 11/4/25\n- Contact : Florence Etcheto\n- Téléphone : 02 32 96 95 74\n- Téléphone : 06 14 33 06 68\nE-mails :\n- fetcheto@pierrotin.fr\n- edesjardins@pierrotin.fr\n- GSM_St_Louis@pierrotin.fr\n\n12/05/2025 Mi cockpit O+M :\n\n* SERVICE TECHNIQUE DE LA MAIRIE\n02 32 96 95 70 ( mairie )\n02 32 96 94 55 ( service urbanisme )\ntechnique@pierrotin.fr\n\nIl faut un délai minimum de 10 jours pour les prévenir par mail au technique@pierrotin.fr et les techniciens doivent prendre les clés à la mairie avant chaque intervention.",
    "date_planification": "2026-08-31",
    "nacelle": true,
    "das_numero": "DAS-N0216930",
    "das_statut": "Refusée",
    "das_debut": "2026-08-31",
    "das_fin": "2026-09-02",
    "das_provenance": "airtable",
    "das_prevenance": "10 jours",
    "calque": "mp-totem-2026-p1",
    "code_fra": "FRA07600153",
    "acces_autonome": "non_autonome",
    "acces_motif": "moyens d'accès à récupérer sur place",
    "_umap_options": {
     "color": "#F59E0B",
     "iconClass": "Drop"
    }
   }
  },
  {
   "type": "Feature",
   "geometry": {
    "type": "Point",
    "coordinates": [
     0.5691667,
     49.4802778
    ]
   },
   "properties": {
    "name": "FRA07600157 — NOTRE_DAME_GRAVENCHON_RAFFINERIE",
    "description": "**Numéro de Work Order** : WO-205328 + WO-228459 + WO-243239\n**État du WO** : Travaux planifiés\n**Scope de maintenance** : EVT - Environnement Technique + EV - Espaces Verts + SH - Structure Haute + EV - Espaces Verts\n**Date de planification** : 2026-11-30\n**État de consignation du site** : Consignation\n**Nécessité d'une nacelle** : oui\n**Verdict d'autonomie** : autonome\n**Motif du verdict** : clé électronique ILOQ ou ABLOY\n**Numéro de DAS** : DAS-N0209751\n**Statut de la DAS** : Acceptée\n**Début de validité** : 2026-08-11\n**Fin de validité** : 2026-08-13\n**Origine de la DAS** : airtable\n**Campagne d'appartenance** : TOTEM 2026 passage 1\n**Donneur d'ordre de la campagne** : TOTEM\n**Colonne Ressources du périmètre** : SEE ALL - A prioriser\n**Provenance du repère** : airtable\n**Adresse du site** : Entree du Theulet\n**Numéro de département** : 76\n**Nom du site** : NOTRE_DAME_GRAVENCHON_RAFFINERIE\n**Coordonnées** : 49.480278, 0.569167\n[[https://www.google.com/maps?q=49.480278,0.569167|Google Maps 🌍]] · [[https://www.google.com/maps/@?api=1&map_action=pano&viewpoint=49.480278,0.569167|Street View]]\n**Déchèteries pro les plus proches** :\n[[https://www.google.com/maps?q=49.4835,0.584807|Déchèterie de Notre-dame-de-gravenchon (Notre-Dame-de-Gravenchon*, 1.2 km)]] — 0235388932\n[[https://www.google.com/maps?q=49.5102,0.535645|Déchèterie de Lillebonne (Lillebonne, 4.1 km)]] — 0235310794\n[[https://www.google.com/maps?q=49.4705,0.74472|Déchèterie la Mailleraye sur Seine (La Mailleraye-sur-Seine*, 12.7 km)]] — 0235781446\n[[https://www.google.com/maps/search/d%C3%A9ch%C3%A8terie/@49.480278,0.569167,12z|Toutes les déchèteries autour du site 🗑️]]\n\n**Fiche d'accès**\nDigicode:\nBadge:\nBoite à clés: Oui\nPortail / Portillon: Mécanique\nDélais de prévenance:\n\nAccès équipement(s):\nBadge: Non\nClés:\nCadenas:\n\nAccès aérien(s):\nDigicode:\nBadge: Non\nClés: Clé électronique ABLOY\nCadenas:\n\nCommentaire d'accès:",
    "origine": "airtable",
    "campagne": "TOTEM 2026 passage 1",
    "towerco": "TOTEM",
    "ressources": "SEE ALL - A prioriser",
    "nom_site": "NOTRE_DAME_GRAVENCHON_RAFFINERIE",
    "adresse": "Entree du Theulet",
    "departement": "76",
    "scope": "EVT - Environnement Technique + EV - Espaces Verts + SH - Structure Haute + EV - Espaces Verts",
    "etat_wo": "Travaux planifiés",
    "wo": "WO-205328 + WO-228459 + WO-243239",
    "consignation": "Consignation",
    "acces_detail": "Digicode:\nBadge:\nBoite à clés: Oui\nPortail / Portillon: Mécanique\nDélais de prévenance:\n\nAccès équipement(s):\nBadge: Non\nClés:\nCadenas:\n\nAccès aérien(s):\nDigicode:\nBadge: Non\nClés: Clé électronique ABLOY\nCadenas:\n\nCommentaire d'accès:",
    "date_planification": "2026-11-30",
    "nacelle": true,
    "das_numero": "DAS-N0209751",
    "das_statut": "Acceptée",
    "das_debut": "2026-08-11",
    "das_fin": "2026-08-13",
    "das_provenance": "airtable",
    "calque": "mp-totem-2026-p1",
    "code_fra": "FRA07600157",
    "acces_autonome": "autonome",
    "acces_motif": "clé électronique ILOQ ou ABLOY",
    "_umap_options": {
     "color": "#F59E0B",
     "iconClass": "Drop"
    }
   }
  },
  {
   "type": "Feature",
   "geometry": {
    "type": "Point",
    "coordinates": [
     0.9491094,
     49.5512126
    ]
   },
   "properties": {
    "name": "FRA07600164 — BARENTIN_NORD",
    "description": "**Numéro de Work Order** : WO-205847\n**État du WO** : Travaux planifiés\n**Scope de maintenance** : EVT - Environnement Technique + SH - Structure Haute\n**Date de planification** : 2026-08-31\n**Verdict d'autonomie** : non_autonome\n**Motif du verdict** : présence d'un tiers obligatoire\n**Numéro de DAS** : DAS-N0216931\n**Statut de la DAS** : Refusée\n**Début de validité** : 2026-08-31\n**Fin de validité** : 2026-09-02\n**Délai de prévenance** : 3 jours\n**Origine de la DAS** : airtable\n**Campagne d'appartenance** : TOTEM 2026 passage 1\n**Donneur d'ordre de la campagne** : TOTEM\n**Colonne Ressources du périmètre** : SEE ALL\n**Provenance du repère** : airtable\n**Adresse du site** : Château d'eau - Rue Paul Niclause - La Malaise\n**Numéro de département** : 76\n**Nom du site** : BARENTIN_NORD\n**Coordonnées** : 49.551213, 0.949109\n[[https://www.google.com/maps?q=49.551213,0.949109|Google Maps 🌍]] · [[https://www.google.com/maps/@?api=1&map_action=pano&viewpoint=49.551213,0.949109|Street View]]\n**Déchèteries pro les plus proches** :\n[[https://www.google.com/maps?q=49.5236,0.925179|Déchèterie Villers Ecalles (Villers-Écalles, 3.5 km)]] — 0235619139\n[[https://www.google.com/maps?q=49.6032,0.843458|Déchèterie de Croix-mare (Croix-Mare, 9.6 km)]] — 0607907785\n[[https://www.google.com/maps?q=49.6659,0.879327|Déchèterie Yerville (Yerville, 13.7 km)]] — 0235962263\n[[https://www.google.com/maps/search/d%C3%A9ch%C3%A8terie/@49.551213,0.949109,12z|Toutes les déchèteries autour du site 🗑️]]\n\n**Fiche d'accès**\nDigicode: SO\nBadge: SO\nBoite à clés:\nPortail / Portillon: Bailleur\nDélais de prévenance: 3.0\n\nAccès équipement(s):\nBadge:\nClés: Clé électronique ABLOY\nCadenas:\n\nAccès aérien(s):\nDigicode:\nBadge:\nClés: Clé bailleur\nCadenas:\n\nCommentaire d'accès: 04/11/25 P cockpit O+M\nPrévenance à effectuer 3 jours avant l’intervention par mail à :\nantenniste76.eau-no@veolia.com\nEn copie : kevin.parent@veolia.com, arnaud.morin@veolia.com, l.ouillon@cc-caux-austreberthe.fr\nOuverture du site : uniquement en présence d’un agent.\nDocuments à fournir :\nPièce d’identité des intervenants\nFiche opérateur antenniste à compléter",
    "origine": "airtable",
    "campagne": "TOTEM 2026 passage 1",
    "towerco": "TOTEM",
    "ressources": "SEE ALL",
    "nom_site": "BARENTIN_NORD",
    "adresse": "Château d'eau - Rue Paul Niclause - La Malaise",
    "departement": "76",
    "scope": "EVT - Environnement Technique + SH - Structure Haute",
    "etat_wo": "Travaux planifiés",
    "wo": "WO-205847",
    "acces_detail": "Digicode: SO\nBadge: SO\nBoite à clés:\nPortail / Portillon: Bailleur\nDélais de prévenance: 3.0\n\nAccès équipement(s):\nBadge:\nClés: Clé électronique ABLOY\nCadenas:\n\nAccès aérien(s):\nDigicode:\nBadge:\nClés: Clé bailleur\nCadenas:\n\nCommentaire d'accès: 04/11/25 P cockpit O+M\nPrévenance à effectuer 3 jours avant l’intervention par mail à :\nantenniste76.eau-no@veolia.com\nEn copie : kevin.parent@veolia.com, arnaud.morin@veolia.com, l.ouillon@cc-caux-austreberthe.fr\nOuverture du site : uniquement en présence d’un agent.\nDocuments à fournir :\nPièce d’identité des intervenants\nFiche opérateur antenniste à compléter",
    "date_planification": "2026-08-31",
    "das_numero": "DAS-N0216931",
    "das_statut": "Refusée",
    "das_debut": "2026-08-31",
    "das_fin": "2026-09-02",
    "das_provenance": "airtable",
    "das_prevenance": "3 jours",
    "calque": "mp-totem-2026-p1",
    "code_fra": "FRA07600164",
    "acces_autonome": "non_autonome",
    "acces_motif": "présence d'un tiers obligatoire",
    "_umap_options": {
     "color": "#F59E0B",
     "iconClass": "Drop"
    }
   }
  },
  {
   "type": "Feature",
   "geometry": {
    "type": "Point",
    "coordinates": [
     1.0331136,
     49.4428832
    ]
   },
   "properties": {
    "name": "FRA07600172 — CANTELEU_SUD",
    "description": "**Numéro de Work Order** : WO-205917\n**État du WO** : Travaux planifiés\n**Scope de maintenance** : EVT - Environnement Technique + SH - Structure Haute\n**Date de planification** : 2026-08-31\n**Verdict d'autonomie** : autonome\n**Motif du verdict** : boîte à clés sur site\n**Numéro de DAS** : DAS-N0215541\n**Statut de la DAS** : Acceptée\n**Début de validité** : 2026-08-31\n**Fin de validité** : 2026-09-01\n**Délai de prévenance** : 5 jours\n**Origine de la DAS** : airtable\n**Déclaration du terrain** : fait\n**Auteur de la déclaration** : Manu\n**Date de la déclaration** : 2026-09-05\n**Campagne d'appartenance** : TOTEM 2026 passage 1\n**Donneur d'ordre de la campagne** : TOTEM\n**Colonne Ressources du périmètre** : SEE ALL\n**Provenance du repère** : airtable\n**Adresse du site** : 2 Place Boieldieu\n**Numéro de département** : 76\n**Nom du site** : CANTELEU_SUD\n**Coordonnées** : 49.442883, 1.033114\n[[https://www.google.com/maps?q=49.442883,1.033114|Google Maps 🌍]] · [[https://www.google.com/maps/@?api=1&map_action=pano&viewpoint=49.442883,1.033114|Street View]]\n**Déchèteries pro les plus proches** :\n[[https://www.google.com/maps?q=49.4348,1.10409|Déchèterie Rouen (Rouen, 5.2 km)]] — 0235889258\n[[https://www.google.com/maps?q=49.5236,0.925179|Déchèterie Villers Ecalles (Villers-Écalles, 11.9 km)]] — 0235619139\n[[https://www.google.com/maps?q=49.3182,1.19194|Déchèterie d'Alizay (Alizay, 18.0 km)]] — 0235231926\n[[https://www.google.com/maps/search/d%C3%A9ch%C3%A8terie/@49.442883,1.033114,12z|Toutes les déchèteries autour du site 🗑️]]\n\n**Fiche d'accès**\nDigicode: Mise à jour CD (22/02/2024) CONTACT ACCES HABITAT 76 - M. Pasturek 06 63 23 63 47 mail: dpasturek@habitat76.fr\nBadge:\nBoite à clés:\nPortail / Portillon: Non\nDélais de prévenance: 5.0\n\nAccès équipement(s):\nBadge: Non\nClés:\nCadenas:\n\nAccès aérien(s):\nDigicode:\nBadge: Non\nClés: ROU280 pour BAC (badge +\nCadenas:\n\nCommentaire d'accès: 01/12/25 D cockpit O+M:\nHABITAT 76: 06 61 96 93 57\nPrévenance obligatoire par mail: fcacaux@habitat76.fr/ 5j à l'avance\nAutonome",
    "origine": "airtable",
    "campagne": "TOTEM 2026 passage 1",
    "towerco": "TOTEM",
    "ressources": "SEE ALL",
    "nom_site": "CANTELEU_SUD",
    "adresse": "2 Place Boieldieu",
    "departement": "76",
    "scope": "EVT - Environnement Technique + SH - Structure Haute",
    "etat_wo": "Travaux planifiés",
    "wo": "WO-205917",
    "acces_detail": "Digicode: Mise à jour CD (22/02/2024) CONTACT ACCES HABITAT 76 - M. Pasturek 06 63 23 63 47 mail: dpasturek@habitat76.fr\nBadge:\nBoite à clés:\nPortail / Portillon: Non\nDélais de prévenance: 5.0\n\nAccès équipement(s):\nBadge: Non\nClés:\nCadenas:\n\nAccès aérien(s):\nDigicode:\nBadge: Non\nClés: ROU280 pour BAC (badge +\nCadenas:\n\nCommentaire d'accès: 01/12/25 D cockpit O+M:\nHABITAT 76: 06 61 96 93 57\nPrévenance obligatoire par mail: fcacaux@habitat76.fr/ 5j à l'avance\nAutonome",
    "date_planification": "2026-08-31",
    "das_numero": "DAS-N0215541",
    "das_statut": "Acceptée",
    "das_debut": "2026-08-31",
    "das_fin": "2026-09-01",
    "das_provenance": "airtable",
    "das_prevenance": "5 jours",
    "etat_terrain": "fait",
    "declare_par": "Manu",
    "declare_le": "2026-09-05",
    "calque": "mp-totem-2026-p1",
    "code_fra": "FRA07600172",
    "acces_autonome": "autonome",
    "acces_motif": "boîte à clés sur site",
    "_umap_options": {
     "color": "#15803D",
     "iconClass": "Drop"
    }
   }
  },
  {
   "type": "Feature",
   "geometry": {
    "type": "Point",
    "coordinates": [
     1.0338981,
     49.4526661
    ]
   },
   "properties": {
    "name": "FRA07600174 — CANTELEU_DEM",
    "description": "**Numéro de Work Order** : WO-205918\n**État du WO** : Travaux planifiés\n**Scope de maintenance** : EVT - Environnement Technique + SH - Structure Haute\n**Date de planification** : 2026-08-31\n**Verdict d'autonomie** : autonome\n**Motif du verdict** : clé électronique ILOQ ou ABLOY\n**Numéro de DAS** : DAS-N0216932\n**Statut de la DAS** : Acceptée\n**Début de validité** : 2026-08-31\n**Fin de validité** : 2026-09-02\n**Délai de prévenance** : 1 jour\n**Origine de la DAS** : airtable\n**Campagne d'appartenance** : TOTEM 2026 passage 1\n**Donneur d'ordre de la campagne** : TOTEM\n**Colonne Ressources du périmètre** : SEE ALL\n**Provenance du repère** : airtable\n**Adresse du site** : 2 Rue Eugène Boudin\n**Numéro de département** : 76\n**Nom du site** : CANTELEU_DEM\n**Coordonnées** : 49.452666, 1.033898\n[[https://www.google.com/maps?q=49.452666,1.033898|Google Maps 🌍]] · [[https://www.google.com/maps/@?api=1&map_action=pano&viewpoint=49.452666,1.033898|Street View]]\n**Déchèteries pro les plus proches** :\n[[https://www.google.com/maps?q=49.4348,1.10409|Déchèterie Rouen (Rouen, 5.4 km)]] — 0235889258\n[[https://www.google.com/maps?q=49.5236,0.925179|Déchèterie Villers Ecalles (Villers-Écalles, 11.1 km)]] — 0235619139\n[[https://www.google.com/maps?q=49.3182,1.19194|Déchèterie d'Alizay (Alizay, 18.8 km)]] — 0235231926\n[[https://www.google.com/maps/search/d%C3%A9ch%C3%A8terie/@49.452666,1.033898,12z|Toutes les déchèteries autour du site 🗑️]]\n\n**Fiche d'accès**\nDigicode: Mise à jour CD (22/02/2024) CONTACT ACCES HABITAT 76 - M. Pasturek 06 63 23 63 47 mail: dpasturek@habitat76.fr\nBadge: Badge dans boite à clefs\nBoite à clés: Oui\nPortail / Portillon: Non\nDélais de prévenance: 1.0\n\nAccès équipement(s):\nBadge: Badge\nClés: Clé électronique ABLOY\nCadenas:\n\nAccès aérien(s):\nDigicode: NON\nBadge:\nClés: Clé mécanique\nCadenas:\n\nCommentaire d'accès: 15/07/2025 Mi cockpit O+M :\nMr PASTUREK David\n+33663236347\ndpasturek@habitat76.fr\nMode de prévenance : il faut appeler la veille de l'intervention sur +33663236347\nDélai de prévenance : 1 jours\nAccès : l'accès est autonome car présence de BAC mais en cas de soucis d'accès on peut appeler le Concierge : Mr RAMEL Michael 06 98 78 44 53",
    "origine": "airtable",
    "campagne": "TOTEM 2026 passage 1",
    "towerco": "TOTEM",
    "ressources": "SEE ALL",
    "nom_site": "CANTELEU_DEM",
    "adresse": "2 Rue Eugène Boudin",
    "departement": "76",
    "scope": "EVT - Environnement Technique + SH - Structure Haute",
    "etat_wo": "Travaux planifiés",
    "wo": "WO-205918",
    "acces_detail": "Digicode: Mise à jour CD (22/02/2024) CONTACT ACCES HABITAT 76 - M. Pasturek 06 63 23 63 47 mail: dpasturek@habitat76.fr\nBadge: Badge dans boite à clefs\nBoite à clés: Oui\nPortail / Portillon: Non\nDélais de prévenance: 1.0\n\nAccès équipement(s):\nBadge: Badge\nClés: Clé électronique ABLOY\nCadenas:\n\nAccès aérien(s):\nDigicode: NON\nBadge:\nClés: Clé mécanique\nCadenas:\n\nCommentaire d'accès: 15/07/2025 Mi cockpit O+M :\nMr PASTUREK David\n+33663236347\ndpasturek@habitat76.fr\nMode de prévenance : il faut appeler la veille de l'intervention sur +33663236347\nDélai de prévenance : 1 jours\nAccès : l'accès est autonome car présence de BAC mais en cas de soucis d'accès on peut appeler le Concierge : Mr RAMEL Michael 06 98 78 44 53",
    "date_planification": "2026-08-31",
    "das_numero": "DAS-N0216932",
    "das_statut": "Acceptée",
    "das_debut": "2026-08-31",
    "das_fin": "2026-09-02",
    "das_provenance": "airtable",
    "das_prevenance": "1 jour",
    "calque": "mp-totem-2026-p1",
    "code_fra": "FRA07600174",
    "acces_autonome": "autonome",
    "acces_motif": "clé électronique ILOQ ou ABLOY",
    "_umap_options": {
     "color": "#F59E0B",
     "iconClass": "Drop"
    }
   }
  },
  {
   "type": "Feature",
   "geometry": {
    "type": "Point",
    "coordinates": [
     0.4766814,
     49.7511157
    ]
   },
   "properties": {
    "name": "FRA07600180 — ETVALMONT",
    "description": "**Numéro de Work Order** : WO-205127 + WO-228332 + WO-243249\n**État du WO** : Travaux planifiés\n**Scope de maintenance** : EVT - Environnement Technique + EV - Espaces Verts + SH - Structure Haute + EV - Espaces Verts\n**Date de planification** : 2026-10-15\n**Nécessité d'une nacelle** : oui\n**Verdict d'autonomie** : autonome\n**Motif du verdict** : clé électronique ILOQ ou ABLOY\n**Numéro de DAS** : DAS-N0206931\n**Statut de la DAS** : Acceptée\n**Début de validité** : 2026-08-04\n**Fin de validité** : 2026-08-04\n**Origine de la DAS** : airtable\n**Campagne d'appartenance** : TOTEM 2026 passage 1\n**Donneur d'ordre de la campagne** : TOTEM\n**Colonne Ressources du périmètre** : SEE ALL - A prioriser\n**Provenance du repère** : airtable\n**Adresse du site** : Lieu-dit : La Perruque\n**Numéro de département** : 76\n**Nom du site** : ETVALMONT\n**Coordonnées** : 49.751116, 0.476681\n[[https://www.google.com/maps?q=49.751116,0.476681|Google Maps 🌍]] · [[https://www.google.com/maps/@?api=1&map_action=pano&viewpoint=49.751116,0.476681|Street View]]\n**Déchèteries pro les plus proches** :\n[[https://www.google.com/maps?q=49.7617,0.536278|Déchèterie Intercommunale Theuville-aux-maillots (Theuville-aux-Maillots, 4.4 km)]] — 0235105407\n[[https://www.google.com/maps?q=49.7175,0.360011|Déchèterie de Fécamp (Épreville, 9.2 km)]] — 0235292898\n[[https://www.google.com/maps?q=49.6628,0.591314|Déchèterie Fauville-en-caux (Fauville-en-Caux*, 12.8 km)]] — 0232700826\n[[https://www.google.com/maps/search/d%C3%A9ch%C3%A8terie/@49.751116,0.476681,12z|Toutes les déchèteries autour du site 🗑️]]\n\n**Fiche d'accès**\nDigicode:\nBadge:\nBoite à clés: Non\nPortail / Portillon: Mécanique\nDélais de prévenance:\n\nAccès équipement(s):\nBadge:\nClés: Clé mécanique\nCadenas:\n\nAccès aérien(s):\nDigicode:\nBadge:\nClés: Clé mécanique\nCadenas:\n\nCommentaire d'accès: COCKPIT O+M Ta : 12/05/2026\n- Cadenas ILOQ ID 16929187 sur le portillon de la ZT\n- Cadenas ILOQ ID 19104401 sur porte coutier\n- Accès: autonome, sans prévenance",
    "origine": "airtable",
    "campagne": "TOTEM 2026 passage 1",
    "towerco": "TOTEM",
    "ressources": "SEE ALL - A prioriser",
    "nom_site": "ETVALMONT",
    "adresse": "Lieu-dit : La Perruque",
    "departement": "76",
    "scope": "EVT - Environnement Technique + EV - Espaces Verts + SH - Structure Haute + EV - Espaces Verts",
    "etat_wo": "Travaux planifiés",
    "wo": "WO-205127 + WO-228332 + WO-243249",
    "acces_detail": "Digicode:\nBadge:\nBoite à clés: Non\nPortail / Portillon: Mécanique\nDélais de prévenance:\n\nAccès équipement(s):\nBadge:\nClés: Clé mécanique\nCadenas:\n\nAccès aérien(s):\nDigicode:\nBadge:\nClés: Clé mécanique\nCadenas:\n\nCommentaire d'accès: COCKPIT O+M Ta : 12/05/2026\n- Cadenas ILOQ ID 16929187 sur le portillon de la ZT\n- Cadenas ILOQ ID 19104401 sur porte coutier\n- Accès: autonome, sans prévenance",
    "date_planification": "2026-10-15",
    "nacelle": true,
    "das_numero": "DAS-N0206931",
    "das_statut": "Acceptée",
    "das_debut": "2026-08-04",
    "das_fin": "2026-08-04",
    "das_provenance": "airtable",
    "calque": "mp-totem-2026-p1",
    "code_fra": "FRA07600180",
    "acces_autonome": "autonome",
    "acces_motif": "clé électronique ILOQ ou ABLOY",
    "_umap_options": {
     "color": "#F59E0B",
     "iconClass": "Drop"
    }
   }
  },
  {
   "type": "Feature",
   "geometry": {
    "type": "Point",
    "coordinates": [
     0.5895119,
     49.8472175
    ]
   },
   "properties": {
    "name": "FRA07600201 — VEULETTE_SUR_MER_OUEST",
    "description": "**Numéro de Work Order** : WO-206008\n**État du WO** : Travaux planifiés\n**Scope de maintenance** : EVT - Environnement Technique + SH - Structure Haute\n**Date de planification** : 2026-10-30\n**Verdict d'autonomie** : autonome\n**Motif du verdict** : BAC contenant la clé, clé électronique ABLOY équipement et aérien.\n**Numéro de DAS** : DAS-N0221338\n**Statut de la DAS** : En attente\n**Début de validité** : 2026-09-11\n**Fin de validité** : 2026-09-11\n**Délai de prévenance** : 15 jours\n**Origine de la DAS** : airtable\n**Campagne d'appartenance** : TOTEM 2026 passage 1\n**Donneur d'ordre de la campagne** : TOTEM\n**Colonne Ressources du périmètre** : SEE ALL\n**Provenance du repère** : airtable\n**Adresse du site** : Sentier du Château d'eau\n**Numéro de département** : 76\n**Nom du site** : VEULETTE_SUR_MER_OUEST\n**Coordonnées** : 49.847217, 0.589512\n[[https://www.google.com/maps?q=49.847217,0.589512|Google Maps 🌍]] · [[https://www.google.com/maps/@?api=1&map_action=pano&viewpoint=49.847217,0.589512|Street View]]\n**Déchèteries pro les plus proches** :\n[[https://www.google.com/maps?q=49.781,0.651522|Déchèterie de la Vallée (cany-barville) (Cany-Barville, 8.6 km)]] — 0626060429\n[[https://www.google.com/maps?q=49.865,0.724746|Déchèterie du Littoral (st Valéry en Caux) (Saint-Valery-en-Caux, 9.9 km)]] — 0627280306\n[[https://www.google.com/maps?q=49.7617,0.536278|Déchèterie Intercommunale Theuville-aux-maillots (Theuville-aux-Maillots, 10.2 km)]] — 0235105407\n[[https://www.google.com/maps/search/d%C3%A9ch%C3%A8terie/@49.847217,0.589512,12z|Toutes les déchèteries autour du site 🗑️]]\n\n**Fiche d'accès**\nDigicode:\nBadge:\nBoite à clés: Oui\nPortail / Portillon: - Clé dans BAC\nDélais de prévenance: 15.0\n\nAccès équipement(s):\nBadge:\nClés: Clé électronique ABLOY\nCadenas:\n\nAccès aérien(s):\nDigicode:\nBadge:\nClés: Clé électronique ABLOY\nCadenas:\n\nCommentaire d'accès: 26/03/26 D cockpit O+M:\nCOMMUNE DE VEULETTES SUR MER: 02 35 97 54 00\nPrévenance à faire par mail: info@ville-veulettes-sur-mer.fr/ 15j à l'avance\nLes moyens d'accès sont à solliciter dans le mail",
    "origine": "airtable",
    "campagne": "TOTEM 2026 passage 1",
    "towerco": "TOTEM",
    "ressources": "SEE ALL",
    "nom_site": "VEULETTE_SUR_MER_OUEST",
    "adresse": "Sentier du Château d'eau",
    "departement": "76",
    "scope": "EVT - Environnement Technique + SH - Structure Haute",
    "etat_wo": "Travaux planifiés",
    "wo": "WO-206008",
    "acces_detail": "Digicode:\nBadge:\nBoite à clés: Oui\nPortail / Portillon: - Clé dans BAC\nDélais de prévenance: 15.0\n\nAccès équipement(s):\nBadge:\nClés: Clé électronique ABLOY\nCadenas:\n\nAccès aérien(s):\nDigicode:\nBadge:\nClés: Clé électronique ABLOY\nCadenas:\n\nCommentaire d'accès: 26/03/26 D cockpit O+M:\nCOMMUNE DE VEULETTES SUR MER: 02 35 97 54 00\nPrévenance à faire par mail: info@ville-veulettes-sur-mer.fr/ 15j à l'avance\nLes moyens d'accès sont à solliciter dans le mail",
    "date_planification": "2026-10-30",
    "das_numero": "DAS-N0221338",
    "das_statut": "En attente",
    "das_debut": "2026-09-11",
    "das_fin": "2026-09-11",
    "das_provenance": "airtable",
    "das_prevenance": "15 jours",
    "calque": "mp-totem-2026-p1",
    "code_fra": "FRA07600201",
    "acces_autonome": "autonome",
    "acces_motif": "BAC contenant la clé, clé électronique ABLOY équipement et aérien.",
    "_umap_options": {
     "color": "#F59E0B",
     "iconClass": "Drop"
    }
   }
  },
  {
   "type": "Feature",
   "geometry": {
    "type": "Point",
    "coordinates": [
     0.8703726,
     49.4966141
    ]
   },
   "properties": {
    "name": "FRA07600209 — DUCLAIR",
    "description": "**Numéro de Work Order** : WO-206011\n**État du WO** : Travaux planifiés\n**Scope de maintenance** : EVT - Environnement Technique + SH - Structure Haute\n**Date de planification** : 2026-10-30\n**Verdict d'autonomie** : a_confirmer\n**Motif du verdict** : site Back to Back, modalités à obtenir via Orange\n**Numéro de DAS** : DAS-N0216099\n**Statut de la DAS** : Annulée\n**Début de validité** : 2026-09-04\n**Fin de validité** : 2026-09-04\n**Délai de prévenance** : 15 jours\n**Origine de la DAS** : airtable\n**Campagne d'appartenance** : TOTEM 2026 passage 1\n**Donneur d'ordre de la campagne** : TOTEM\n**Colonne Ressources du périmètre** : SEE ALL\n**Provenance du repère** : airtable\n**Adresse du site** : Château d'eau Lieu-dit Ferme du tronc\n**Numéro de département** : 76\n**Nom du site** : DUCLAIR\n**Coordonnées** : 49.496614, 0.870373\n[[https://www.google.com/maps?q=49.496614,0.870373|Google Maps 🌍]] · [[https://www.google.com/maps/@?api=1&map_action=pano&viewpoint=49.496614,0.870373|Street View]]\n**Déchèteries pro les plus proches** :\n[[https://www.google.com/maps?q=49.5236,0.925179|Déchèterie Villers Ecalles (Villers-Écalles, 5.0 km)]] — 0235619139\n[[https://www.google.com/maps?q=49.4705,0.74472|Déchèterie la Mailleraye sur Seine (La Mailleraye-sur-Seine*, 9.5 km)]] — 0235781446\n[[https://www.google.com/maps?q=49.6032,0.843458|Déchèterie de Croix-mare (Croix-Mare, 12.0 km)]] — 0607907785\n[[https://www.google.com/maps/search/d%C3%A9ch%C3%A8terie/@49.496614,0.870373,12z|Toutes les déchèteries autour du site 🗑️]]\n\n**Fiche d'accès**\nDigicode:\nBadge:\nBoite à clés: Non\nPortail / Portillon: Electronique -\nDélais de prévenance: 15.0\n\nAccès équipement(s):\nBadge:\nClés: Clé bailleur\nCadenas:\n\nAccès aérien(s):\nDigicode:\nBadge:\nClés: Clé bailleur\nCadenas:\n\nCommentaire d'accès: 25/08/2026 Lou CAMBOULIVES TOTEM\n⚠️Site Back to Back :\nUne fois la DAS réalisée, TOTEM doit contacter ORANGE pour qu'il sollicite le bailleur\nEnvoyer un mail à acces.ouest@orange.com",
    "origine": "airtable",
    "campagne": "TOTEM 2026 passage 1",
    "towerco": "TOTEM",
    "ressources": "SEE ALL",
    "nom_site": "DUCLAIR",
    "adresse": "Château d'eau Lieu-dit Ferme du tronc",
    "departement": "76",
    "scope": "EVT - Environnement Technique + SH - Structure Haute",
    "etat_wo": "Travaux planifiés",
    "wo": "WO-206011",
    "acces_detail": "Digicode:\nBadge:\nBoite à clés: Non\nPortail / Portillon: Electronique -\nDélais de prévenance: 15.0\n\nAccès équipement(s):\nBadge:\nClés: Clé bailleur\nCadenas:\n\nAccès aérien(s):\nDigicode:\nBadge:\nClés: Clé bailleur\nCadenas:\n\nCommentaire d'accès: 25/08/2026 Lou CAMBOULIVES TOTEM\n⚠️Site Back to Back :\nUne fois la DAS réalisée, TOTEM doit contacter ORANGE pour qu'il sollicite le bailleur\nEnvoyer un mail à acces.ouest@orange.com",
    "date_planification": "2026-10-30",
    "das_numero": "DAS-N0216099",
    "das_statut": "Annulée",
    "das_debut": "2026-09-04",
    "das_fin": "2026-09-04",
    "das_provenance": "airtable",
    "das_prevenance": "15 jours",
    "calque": "mp-totem-2026-p1",
    "code_fra": "FRA07600209",
    "acces_autonome": "a_confirmer",
    "acces_motif": "site Back to Back, modalités à obtenir via Orange",
    "_umap_options": {
     "color": "#F59E0B",
     "iconClass": "Drop"
    }
   }
  },
  {
   "type": "Feature",
   "geometry": {
    "type": "Point",
    "coordinates": [
     0.9980555556,
     49.34777778
    ]
   },
   "properties": {
    "name": "FRA07600227 — GRAND_COURONNE_SUD",
    "description": "**Numéro de Work Order** : WO-205919\n**État du WO** : Travaux planifiés\n**Scope de maintenance** : EVT - Environnement Technique + SH - Structure Haute\n**Date de planification** : 2026-08-31\n**Verdict d'autonomie** : autonome\n**Motif du verdict** : clé électronique ILOQ ou ABLOY\n**Numéro de DAS** : DAS-N0216933\n**Statut de la DAS** : Acceptée\n**Début de validité** : 2026-08-31\n**Fin de validité** : 2026-09-02\n**Délai de prévenance** : 5 jours\n**Origine de la DAS** : airtable\n**Campagne d'appartenance** : TOTEM 2026 passage 1\n**Donneur d'ordre de la campagne** : TOTEM\n**Colonne Ressources du périmètre** : SEE ALL\n**Provenance du repère** : airtable\n**Adresse du site** : 55 Rue Georges Braque\n**Numéro de département** : 76\n**Nom du site** : GRAND_COURONNE_SUD\n**Coordonnées** : 49.347778, 0.998056\n[[https://www.google.com/maps?q=49.347778,0.998056|Google Maps 🌍]] · [[https://www.google.com/maps/@?api=1&map_action=pano&viewpoint=49.347778,0.998056|Street View]]\n**Déchèteries pro les plus proches** :\n[[https://www.google.com/maps?q=49.2995,0.876742|Déchèterie de Grand-Bourgtheroulde (Bourgtheroulde-Infreville*, 10.3 km)]] — 0235815860\n[[https://www.google.com/maps?q=49.4348,1.10409|Déchèterie Rouen (Rouen, 12.4 km)]] — 0235889258\n[[https://www.google.com/maps?q=49.296,1.1539|Déchèterie Pont de l'Arche (Pont-de-l'Arche, 12.7 km)]]\n[[https://www.google.com/maps/search/d%C3%A9ch%C3%A8terie/@49.347778,0.998056,12z|Toutes les déchèteries autour du site 🗑️]]\n\n**Fiche d'accès**\nDigicode:\nBadge: badge d’acces dans boite à clefs\nBoite à clés:\nPortail / Portillon: Non\nDélais de prévenance: 5.0\n\nAccès équipement(s):\nBadge:\nClés: Clé électronique ILOQ\nCadenas:\n\nAccès aérien(s):\nDigicode:\nBadge: badge d’acces dans boite à clefs\nClés:\nCadenas:\n\nCommentaire d'accès: 14/10/2025 Na cockpit O+M:\n\nHABITAT 76 : 06 61 96 93 57\n\nPour toute intervention, merci d'envoyer un mail à fcacaux@habitat76.fr\n\nDélai de prévenance: 5 jours ouvrés à l'avance\n\nAccès en autonomie.",
    "origine": "airtable",
    "campagne": "TOTEM 2026 passage 1",
    "towerco": "TOTEM",
    "ressources": "SEE ALL",
    "nom_site": "GRAND_COURONNE_SUD",
    "adresse": "55 Rue Georges Braque",
    "departement": "76",
    "scope": "EVT - Environnement Technique + SH - Structure Haute",
    "etat_wo": "Travaux planifiés",
    "wo": "WO-205919",
    "acces_detail": "Digicode:\nBadge: badge d’acces dans boite à clefs\nBoite à clés:\nPortail / Portillon: Non\nDélais de prévenance: 5.0\n\nAccès équipement(s):\nBadge:\nClés: Clé électronique ILOQ\nCadenas:\n\nAccès aérien(s):\nDigicode:\nBadge: badge d’acces dans boite à clefs\nClés:\nCadenas:\n\nCommentaire d'accès: 14/10/2025 Na cockpit O+M:\n\nHABITAT 76 : 06 61 96 93 57\n\nPour toute intervention, merci d'envoyer un mail à fcacaux@habitat76.fr\n\nDélai de prévenance: 5 jours ouvrés à l'avance\n\nAccès en autonomie.",
    "date_planification": "2026-08-31",
    "das_numero": "DAS-N0216933",
    "das_statut": "Acceptée",
    "das_debut": "2026-08-31",
    "das_fin": "2026-09-02",
    "das_provenance": "airtable",
    "das_prevenance": "5 jours",
    "calque": "mp-totem-2026-p1",
    "code_fra": "FRA07600227",
    "acces_autonome": "autonome",
    "acces_motif": "clé électronique ILOQ ou ABLOY",
    "_umap_options": {
     "color": "#F59E0B",
     "iconClass": "Drop"
    }
   }
  },
  {
   "type": "Feature",
   "geometry": {
    "type": "Point",
    "coordinates": [
     0.1507286,
     49.4883399
    ]
   },
   "properties": {
    "name": "FRA07600245 — LE_HAVRE_DOCK",
    "description": "**Numéro de Work Order** : WO-205922\n**État du WO** : Travaux planifiés\n**Scope de maintenance** : EVT - Environnement Technique + SH - Structure Haute\n**Date de planification** : 2026-08-31\n**Verdict d'autonomie** : non_autonome\n**Motif du verdict** : passage obligatoire par un accueil\n**Numéro de DAS** : DAS-N0215563\n**Statut de la DAS** : Acceptée\n**Début de validité** : 2026-09-03\n**Fin de validité** : 2026-09-04\n**Délai de prévenance** : 15 jours\n**Origine de la DAS** : airtable\n**Campagne d'appartenance** : TOTEM 2026 passage 1\n**Donneur d'ordre de la campagne** : TOTEM\n**Colonne Ressources du périmètre** : SEE ALL\n**Provenance du repère** : airtable\n**Adresse du site** : 4 Boulevard JULES DURAND\n**Numéro de département** : 76\n**Nom du site** : LE_HAVRE_DOCK\n**Coordonnées** : 49.488340, 0.150729\n[[https://www.google.com/maps?q=49.488340,0.150729|Google Maps 🌍]] · [[https://www.google.com/maps/@?api=1&map_action=pano&viewpoint=49.488340,0.150729|Street View]]\n**Déchèteries pro les plus proches** :\n[[https://www.google.com/maps?q=49.4125,0.262325|Déchèterie de Honfleur (Honfleur, 11.7 km)]]\n[[https://www.google.com/maps?q=49.3696,0.130053|Déchèterie la Croix Sonnet-touques (Touques, 13.3 km)]]\n[[https://www.google.com/maps?q=49.5335,0.36589|Déchèterie de Saint Romain de Colbosc (Saint-Romain-de-Colbosc, 16.3 km)]] — 0235309513\n[[https://www.google.com/maps/search/d%C3%A9ch%C3%A8terie/@49.488340,0.150729,12z|Toutes les déchèteries autour du site 🗑️]]\n\n**Fiche d'accès**\nDigicode:\nBadge:\nBoite à clés: Non\nPortail / Portillon: Non\nDélais de prévenance: 15.0\n\nAccès équipement(s):\nBadge:\nClés: Clé bailleur\nCadenas:\n\nAccès aérien(s):\nDigicode:\nBadge:\nClés: Clé électronique ABLOY\nCadenas:\n\nCommentaire d'accès: 21/07/2025 Mi cockpit O+M :\nSociété DUCHESNE BOSSIERE\n02 35 26 78 89\n* Mode de prévenance : envoi mail aux deux adresses :\n- sarah.bazire@dban.fr\n- olivier.maesen@fourelagadec.com\n* Délai de prévenance : 15j avant l'intervention\n* Accès : il faut se présenter à l'accueil de la STE FOURE LAGADEC",
    "origine": "airtable",
    "campagne": "TOTEM 2026 passage 1",
    "towerco": "TOTEM",
    "ressources": "SEE ALL",
    "nom_site": "LE_HAVRE_DOCK",
    "adresse": "4 Boulevard JULES DURAND",
    "departement": "76",
    "scope": "EVT - Environnement Technique + SH - Structure Haute",
    "etat_wo": "Travaux planifiés",
    "wo": "WO-205922",
    "acces_detail": "Digicode:\nBadge:\nBoite à clés: Non\nPortail / Portillon: Non\nDélais de prévenance: 15.0\n\nAccès équipement(s):\nBadge:\nClés: Clé bailleur\nCadenas:\n\nAccès aérien(s):\nDigicode:\nBadge:\nClés: Clé électronique ABLOY\nCadenas:\n\nCommentaire d'accès: 21/07/2025 Mi cockpit O+M :\nSociété DUCHESNE BOSSIERE\n02 35 26 78 89\n* Mode de prévenance : envoi mail aux deux adresses :\n- sarah.bazire@dban.fr\n- olivier.maesen@fourelagadec.com\n* Délai de prévenance : 15j avant l'intervention\n* Accès : il faut se présenter à l'accueil de la STE FOURE LAGADEC",
    "date_planification": "2026-08-31",
    "das_numero": "DAS-N0215563",
    "das_statut": "Acceptée",
    "das_debut": "2026-09-03",
    "das_fin": "2026-09-04",
    "das_provenance": "airtable",
    "das_prevenance": "15 jours",
    "calque": "mp-totem-2026-p1",
    "code_fra": "FRA07600245",
    "acces_autonome": "non_autonome",
    "acces_motif": "passage obligatoire par un accueil",
    "_umap_options": {
     "color": "#F59E0B",
     "iconClass": "Drop"
    }
   }
  },
  {
   "type": "Feature",
   "geometry": {
    "type": "Point",
    "coordinates": [
     0.1069707,
     49.4941522
    ]
   },
   "properties": {
    "name": "FRA07600251 — LE_HAVRE_HOTEL_DE_VILLE",
    "description": "**Numéro de Work Order** : WO-205925\n**État du WO** : Travaux planifiés\n**Scope de maintenance** : EVT - Environnement Technique + SH - Structure Haute\n**Date de planification** : 2026-08-31\n**Verdict d'autonomie** : a_confirmer\n**Motif du verdict** : le bailleur n'a pas encore donné les modalités\n**Numéro de DAS** : DAS-N0216934\n**Statut de la DAS** : Refusée\n**Début de validité** : 2026-08-31\n**Fin de validité** : 2026-09-02\n**Délai de prévenance** : 2 jours\n**Origine de la DAS** : airtable\n**Campagne d'appartenance** : TOTEM 2026 passage 1\n**Donneur d'ordre de la campagne** : TOTEM\n**Colonne Ressources du périmètre** : SEE ALL\n**Provenance du repère** : airtable\n**Adresse du site** : 0 Place de l'Hôtel de Ville\n**Numéro de département** : 76\n**Nom du site** : LE_HAVRE_HOTEL_DE_VILLE\n**Coordonnées** : 49.494152, 0.106971\n[[https://www.google.com/maps?q=49.494152,0.106971|Google Maps 🌍]] · [[https://www.google.com/maps/@?api=1&map_action=pano&viewpoint=49.494152,0.106971|Street View]]\n**Déchèteries pro les plus proches** :\n[[https://www.google.com/maps?q=49.3696,0.130053|Déchèterie la Croix Sonnet-touques (Touques, 13.9 km)]]\n[[https://www.google.com/maps?q=49.4125,0.262325|Déchèterie de Honfleur (Honfleur, 14.4 km)]]\n[[https://www.google.com/maps?q=49.6321,0.259922|Déchèterie Criquetot l'Esneval (Criquetot-l'Esneval, 18.9 km)]] — 0235289868\n[[https://www.google.com/maps/search/d%C3%A9ch%C3%A8terie/@49.494152,0.106971,12z|Toutes les déchèteries autour du site 🗑️]]\n\n**Fiche d'accès**\nDigicode:\nBadge:\nBoite à clés: Non\nPortail / Portillon: Non\nDélais de prévenance: 2.0\n\nAccès équipement(s):\nBadge:\nClés: Clé mécanique\nCadenas:\n\nAccès aérien(s):\nDigicode:\nBadge:\nClés: Clé mécanique\nCadenas:\n\nCommentaire d'accès: 31/10/2025 M cockpit O+M:\n*Pour toute intervention, merci de contacter :\nla Direction des bâtiments au 0235196196\nle service sécurité au 0235194705\n\n*Délai de prévenance: 2 jours à l'avance\n\n*Les détails pour les accès sont à solliciter auprès d'eux.",
    "origine": "airtable",
    "campagne": "TOTEM 2026 passage 1",
    "towerco": "TOTEM",
    "ressources": "SEE ALL",
    "nom_site": "LE_HAVRE_HOTEL_DE_VILLE",
    "adresse": "0 Place de l'Hôtel de Ville",
    "departement": "76",
    "scope": "EVT - Environnement Technique + SH - Structure Haute",
    "etat_wo": "Travaux planifiés",
    "wo": "WO-205925",
    "acces_detail": "Digicode:\nBadge:\nBoite à clés: Non\nPortail / Portillon: Non\nDélais de prévenance: 2.0\n\nAccès équipement(s):\nBadge:\nClés: Clé mécanique\nCadenas:\n\nAccès aérien(s):\nDigicode:\nBadge:\nClés: Clé mécanique\nCadenas:\n\nCommentaire d'accès: 31/10/2025 M cockpit O+M:\n*Pour toute intervention, merci de contacter :\nla Direction des bâtiments au 0235196196\nle service sécurité au 0235194705\n\n*Délai de prévenance: 2 jours à l'avance\n\n*Les détails pour les accès sont à solliciter auprès d'eux.",
    "date_planification": "2026-08-31",
    "das_numero": "DAS-N0216934",
    "das_statut": "Refusée",
    "das_debut": "2026-08-31",
    "das_fin": "2026-09-02",
    "das_provenance": "airtable",
    "das_prevenance": "2 jours",
    "calque": "mp-totem-2026-p1",
    "code_fra": "FRA07600251",
    "acces_autonome": "a_confirmer",
    "acces_motif": "le bailleur n'a pas encore donné les modalités",
    "_umap_options": {
     "color": "#F59E0B",
     "iconClass": "Drop"
    }
   }
  },
  {
   "type": "Feature",
   "geometry": {
    "type": "Point",
    "coordinates": [
     0.1019388,
     49.4880745
    ]
   },
   "properties": {
    "name": "FRA07600258 — LE_HAVRE_PERREY",
    "description": "**Numéro de Work Order** : WO-205927\n**État du WO** : Travaux planifiés\n**Scope de maintenance** : EVT - Environnement Technique + SH - Structure Haute\n**Date de planification** : 2026-08-31\n**Verdict d'autonomie** : autonome\n**Motif du verdict** : clé électronique ILOQ ou ABLOY\n**Numéro de DAS** : DAS-N0215569\n**Statut de la DAS** : Refusée\n**Début de validité** : 2026-08-31\n**Fin de validité** : 2026-09-02\n**Délai de prévenance** : 2 jours\n**Origine de la DAS** : airtable\n**Campagne d'appartenance** : TOTEM 2026 passage 1\n**Donneur d'ordre de la campagne** : TOTEM\n**Colonne Ressources du périmètre** : SEE ALL\n**Provenance du repère** : airtable\n**Adresse du site** : Immeuble ALCEANE - 43 Rue de la Mailleraye\n**Numéro de département** : 76\n**Nom du site** : LE_HAVRE_PERREY\n**Coordonnées** : 49.488075, 0.101939\n[[https://www.google.com/maps?q=49.488075,0.101939|Google Maps 🌍]] · [[https://www.google.com/maps/@?api=1&map_action=pano&viewpoint=49.488075,0.101939|Street View]]\n**Déchèteries pro les plus proches** :\n[[https://www.google.com/maps?q=49.3696,0.130053|Déchèterie la Croix Sonnet-touques (Touques, 13.3 km)]]\n[[https://www.google.com/maps?q=49.4125,0.262325|Déchèterie de Honfleur (Honfleur, 14.3 km)]]\n[[https://www.google.com/maps?q=49.6321,0.259922|Déchèterie Criquetot l'Esneval (Criquetot-l'Esneval, 19.7 km)]] — 0235289868\n[[https://www.google.com/maps/search/d%C3%A9ch%C3%A8terie/@49.488075,0.101939,12z|Toutes les déchèteries autour du site 🗑️]]\n\n**Fiche d'accès**\nDigicode:\nBadge:\nBoite à clés:\nPortail / Portillon:\nDélais de prévenance: 2.0\n\nAccès équipement(s):\nBadge:\nClés: Clé électronique ILOQ\nCadenas:\n\nAccès aérien(s):\nDigicode:\nBadge:\nClés: Clé électronique ILOQ\nCadenas:\n\nCommentaire d'accès: 26/05/2026 Na cockpit O+M :\n*Pour toute intervention, merci d'envoyer un mail à\nM.Letellier@alceane.fr\nC.Desaintnicolas@alceane.fr\nA.Maze@alceane.fr\nA.Joly@alceane.fr\n\n*Pour les petits travaux de maintenances:\n- 2 jours ouvrés à l'avance\n- Accès en autonomie, besoin de l'accord du bailleur\n\n*Pour les gros travaux avec des engins: 15 jours ouvrés à l'avance\n\n*Pour les commandes de badges (150€ HT) ou de clefs d’accès (50€ HT) en cas de pertes ou de détériorations des accès initialement remis par le bailleur: operateur.commandeacces@alceane.fr\n\nCOCKPIT O+M Ta : 17/08/26\nCadenas ILOQ ID 16941854 sur Shelter",
    "origine": "airtable",
    "campagne": "TOTEM 2026 passage 1",
    "towerco": "TOTEM",
    "ressources": "SEE ALL",
    "nom_site": "LE_HAVRE_PERREY",
    "adresse": "Immeuble ALCEANE - 43 Rue de la Mailleraye",
    "departement": "76",
    "scope": "EVT - Environnement Technique + SH - Structure Haute",
    "etat_wo": "Travaux planifiés",
    "wo": "WO-205927",
    "acces_detail": "Digicode:\nBadge:\nBoite à clés:\nPortail / Portillon:\nDélais de prévenance: 2.0\n\nAccès équipement(s):\nBadge:\nClés: Clé électronique ILOQ\nCadenas:\n\nAccès aérien(s):\nDigicode:\nBadge:\nClés: Clé électronique ILOQ\nCadenas:\n\nCommentaire d'accès: 26/05/2026 Na cockpit O+M :\n*Pour toute intervention, merci d'envoyer un mail à\nM.Letellier@alceane.fr\nC.Desaintnicolas@alceane.fr\nA.Maze@alceane.fr\nA.Joly@alceane.fr\n\n*Pour les petits travaux de maintenances:\n- 2 jours ouvrés à l'avance\n- Accès en autonomie, besoin de l'accord du bailleur\n\n*Pour les gros travaux avec des engins: 15 jours ouvrés à l'avance\n\n*Pour les commandes de badges (150€ HT) ou de clefs d’accès (50€ HT) en cas de pertes ou de détériorations des accès initialement remis par le bailleur: operateur.commandeacces@alceane.fr\n\nCOCKPIT O+M Ta : 17/08/26\nCadenas ILOQ ID 16941854 sur Shelter",
    "date_planification": "2026-08-31",
    "das_numero": "DAS-N0215569",
    "das_statut": "Refusée",
    "das_debut": "2026-08-31",
    "das_fin": "2026-09-02",
    "das_provenance": "airtable",
    "das_prevenance": "2 jours",
    "calque": "mp-totem-2026-p1",
    "code_fra": "FRA07600258",
    "acces_autonome": "autonome",
    "acces_motif": "clé électronique ILOQ ou ABLOY",
    "_umap_options": {
     "color": "#F59E0B",
     "iconClass": "Drop"
    }
   }
  },
  {
   "type": "Feature",
   "geometry": {
    "type": "Point",
    "coordinates": [
     0.1658595,
     49.5065576
    ]
   },
   "properties": {
    "name": "FRA07600260 — LE_HAVRE_APPLEMONT",
    "description": "**Numéro de Work Order** : WO-205929\n**État du WO** : CR Refusé\n**Scope de maintenance** : EVT - Environnement Technique + SH - Structure Haute\n**Date de planification** : 2026-08-31\n**État de consignation du site** : Consigne Particulière\n**Verdict d'autonomie** : autonome\n**Motif du verdict** : clé électronique ILOQ ou ABLOY\n**Campagne d'appartenance** : TOTEM 2026 passage 1\n**Donneur d'ordre de la campagne** : TOTEM\n**Colonne Ressources du périmètre** : SEE ALL\n**Provenance du repère** : airtable\n**Adresse du site** : Résidence - 34 Avenue des Dahlias\n**Numéro de département** : 76\n**Nom du site** : LE_HAVRE_APPLEMONT\n**Coordonnées** : 49.506558, 0.165859\n[[https://www.google.com/maps?q=49.506558,0.165859|Google Maps 🌍]] · [[https://www.google.com/maps/@?api=1&map_action=pano&viewpoint=49.506558,0.165859|Street View]]\n**Déchèteries pro les plus proches** :\n[[https://www.google.com/maps?q=49.4125,0.262325|Déchèterie de Honfleur (Honfleur, 12.6 km)]]\n[[https://www.google.com/maps?q=49.5335,0.36589|Déchèterie de Saint Romain de Colbosc (Saint-Romain-de-Colbosc, 14.7 km)]] — 0235309513\n[[https://www.google.com/maps?q=49.3696,0.130053|Déchèterie la Croix Sonnet-touques (Touques, 15.4 km)]]\n[[https://www.google.com/maps/search/d%C3%A9ch%C3%A8terie/@49.506558,0.165859,12z|Toutes les déchèteries autour du site 🗑️]]\n\n**Fiche d'accès**\nDigicode: Badge: Badge porte entrée Boite à clés: Portail / Portillon: Délais de prévenance: 2.0 Accès équipement(s): Badge: Clés: Clé électronique ILOQ Cadenas: Accès aérien(s): Digicode: Badge: Clés: Clé électronique ILOQ Cadenas: Commentaire d'accès: 20/07/2026 M cockpit O+M : *Pour toute intervention, merci d'envoyer un mail à M.Letellier@alceane.fr C.Desaintnicolas@alceane.fr A.Maze@alceane.fr A.Joly@alceane.fr *Pour les petits travaux de maintenances: - 2 jours ouvrés à l'avance - Accès en autonomie *Pour les gros travaux avec des engins: 15 jours ouvrés à l'avance *Pour les commandes de badges (150€ HT) ou de clefs d’accès (50€ HT) en cas de pertes ou de détériorations des accès initialement remis par le bailleur: operateur.commandeacces@alceane.fr",
    "origine": "airtable",
    "campagne": "TOTEM 2026 passage 1",
    "towerco": "TOTEM",
    "ressources": "SEE ALL",
    "nom_site": "LE_HAVRE_APPLEMONT",
    "adresse": "Résidence - 34 Avenue des Dahlias",
    "departement": "76",
    "scope": "EVT - Environnement Technique + SH - Structure Haute",
    "etat_wo": "CR Refusé",
    "wo": "WO-205929",
    "consignation": "Consigne Particulière",
    "acces_detail": "Digicode: Badge: Badge porte entrée Boite à clés: Portail / Portillon: Délais de prévenance: 2.0 Accès équipement(s): Badge: Clés: Clé électronique ILOQ Cadenas: Accès aérien(s): Digicode: Badge: Clés: Clé électronique ILOQ Cadenas: Commentaire d'accès: 20/07/2026 M cockpit O+M : *Pour toute intervention, merci d'envoyer un mail à M.Letellier@alceane.fr C.Desaintnicolas@alceane.fr A.Maze@alceane.fr A.Joly@alceane.fr *Pour les petits travaux de maintenances: - 2 jours ouvrés à l'avance - Accès en autonomie *Pour les gros travaux avec des engins: 15 jours ouvrés à l'avance *Pour les commandes de badges (150€ HT) ou de clefs d’accès (50€ HT) en cas de pertes ou de détériorations des accès initialement remis par le bailleur: operateur.commandeacces@alceane.fr",
    "date_planification": "2026-08-31",
    "calque": "mp-totem-2026-p1",
    "code_fra": "FRA07600260",
    "acces_autonome": "autonome",
    "acces_motif": "clé électronique ILOQ ou ABLOY",
    "_umap_options": {
     "color": "#DB2777",
     "iconClass": "Drop"
    }
   }
  },
  {
   "type": "Feature",
   "geometry": {
    "type": "Point",
    "coordinates": [
     0.1171951,
     49.5052316
    ]
   },
   "properties": {
    "name": "FRA07600262 — LE_HAVRE_PARC_OR",
    "description": "**Numéro de Work Order** : WO-205930\n**État du WO** : Travaux planifiés\n**Scope de maintenance** : EVT - Environnement Technique + SH - Structure Haute\n**Date de planification** : 2026-08-31\n**Verdict d'autonomie** : autonome\n**Motif du verdict** : clé électronique ILOQ ou ABLOY\n**Numéro de DAS** : DAS-N0215588\n**Statut de la DAS** : Acceptée\n**Début de validité** : 2026-09-02\n**Fin de validité** : 2026-09-04\n**Délai de prévenance** : 2 jours\n**Origine de la DAS** : airtable\n**Campagne d'appartenance** : TOTEM 2026 passage 1\n**Donneur d'ordre de la campagne** : TOTEM\n**Colonne Ressources du périmètre** : SEE ALL\n**Provenance du repère** : airtable\n**Adresse du site** : Immeuble ALCEANE - 14 Rue Charles Yvray\n**Numéro de département** : 76\n**Nom du site** : LE_HAVRE_PARC_OR\n**Coordonnées** : 49.505232, 0.117195\n[[https://www.google.com/maps?q=49.505232,0.117195|Google Maps 🌍]] · [[https://www.google.com/maps/@?api=1&map_action=pano&viewpoint=49.505232,0.117195|Street View]]\n**Déchèteries pro les plus proches** :\n[[https://www.google.com/maps?q=49.4125,0.262325|Déchèterie de Honfleur (Honfleur, 14.7 km)]]\n[[https://www.google.com/maps?q=49.3696,0.130053|Déchèterie la Croix Sonnet-touques (Touques, 15.1 km)]]\n[[https://www.google.com/maps?q=49.6321,0.259922|Déchèterie Criquetot l'Esneval (Criquetot-l'Esneval, 17.5 km)]] — 0235289868\n[[https://www.google.com/maps/search/d%C3%A9ch%C3%A8terie/@49.505232,0.117195,12z|Toutes les déchèteries autour du site 🗑️]]\n\n**Fiche d'accès**\nDigicode:\nBadge: BADGE ABSENT\nBoite à clés: Oui\nPortail / Portillon:\nDélais de prévenance: 2.0\n\nAccès équipement(s):\nBadge:\nClés: Clé électronique ILOQ\nCadenas:\n\nAccès aérien(s):\nDigicode:\nBadge:\nClés: Clé mécanique\nCadenas:\n\nCommentaire d'accès: 20/07/2026 M cockpit O+M :\n*Pour toute intervention, merci d'envoyer un mail à\nM.Letellier@alceane.fr\nC.Desaintnicolas@alceane.fr\nA.Maze@alceane.fr\nA.Joly@alceane.fr\n\n*Pour les petits travaux de maintenances:\n- 2 jours ouvrés à l'avance\n- Accès en autonomie\n\n*Pour les gros travaux avec des engins: 15 jours ouvrés à l'avance\n\n*Pour les commandes de badges (150€ HT) ou de clefs d’accès (50€ HT) en cas de pertes ou de détériorations des accès initialement remis par le bailleur: operateur.commandeacces@alceane.fr",
    "origine": "airtable",
    "campagne": "TOTEM 2026 passage 1",
    "towerco": "TOTEM",
    "ressources": "SEE ALL",
    "nom_site": "LE_HAVRE_PARC_OR",
    "adresse": "Immeuble ALCEANE - 14 Rue Charles Yvray",
    "departement": "76",
    "scope": "EVT - Environnement Technique + SH - Structure Haute",
    "etat_wo": "Travaux planifiés",
    "wo": "WO-205930",
    "acces_detail": "Digicode:\nBadge: BADGE ABSENT\nBoite à clés: Oui\nPortail / Portillon:\nDélais de prévenance: 2.0\n\nAccès équipement(s):\nBadge:\nClés: Clé électronique ILOQ\nCadenas:\n\nAccès aérien(s):\nDigicode:\nBadge:\nClés: Clé mécanique\nCadenas:\n\nCommentaire d'accès: 20/07/2026 M cockpit O+M :\n*Pour toute intervention, merci d'envoyer un mail à\nM.Letellier@alceane.fr\nC.Desaintnicolas@alceane.fr\nA.Maze@alceane.fr\nA.Joly@alceane.fr\n\n*Pour les petits travaux de maintenances:\n- 2 jours ouvrés à l'avance\n- Accès en autonomie\n\n*Pour les gros travaux avec des engins: 15 jours ouvrés à l'avance\n\n*Pour les commandes de badges (150€ HT) ou de clefs d’accès (50€ HT) en cas de pertes ou de détériorations des accès initialement remis par le bailleur: operateur.commandeacces@alceane.fr",
    "date_planification": "2026-08-31",
    "das_numero": "DAS-N0215588",
    "das_statut": "Acceptée",
    "das_debut": "2026-09-02",
    "das_fin": "2026-09-04",
    "das_provenance": "airtable",
    "das_prevenance": "2 jours",
    "calque": "mp-totem-2026-p1",
    "code_fra": "FRA07600262",
    "acces_autonome": "autonome",
    "acces_motif": "clé électronique ILOQ ou ABLOY",
    "_umap_options": {
     "color": "#F59E0B",
     "iconClass": "Drop"
    }
   }
  },
  {
   "type": "Feature",
   "geometry": {
    "type": "Point",
    "coordinates": [
     0.09221,
     49.5189937
    ]
   },
   "properties": {
    "name": "FRA07600263 — LE_HAVRE_BLEVILLE",
    "description": "**Numéro de Work Order** : WO-205931\n**État du WO** : Travaux planifiés\n**Scope de maintenance** : EVT - Environnement Technique + SH - Structure Haute\n**Date de planification** : 2026-08-31\n**Verdict d'autonomie** : autonome\n**Motif du verdict** : clé électronique ILOQ ou ABLOY\n**Numéro de DAS** : DAS-N0220117\n**Statut de la DAS** : Refusée\n**Début de validité** : 2026-08-31\n**Fin de validité** : 2026-09-04\n**Délai de prévenance** : 2 jours\n**Origine de la DAS** : airtable\n**Campagne d'appartenance** : TOTEM 2026 passage 1\n**Donneur d'ordre de la campagne** : TOTEM\n**Colonne Ressources du périmètre** : SEE ALL\n**Provenance du repère** : airtable\n**Adresse du site** : 12 Rue Bernard Esdras Gosse\n**Numéro de département** : 76\n**Nom du site** : LE_HAVRE_BLEVILLE\n**Coordonnées** : 49.518994, 0.092210\n[[https://www.google.com/maps?q=49.518994,0.092210|Google Maps 🌍]] · [[https://www.google.com/maps/@?api=1&map_action=pano&viewpoint=49.518994,0.092210|Street View]]\n**Déchèteries pro les plus proches** :\n[[https://www.google.com/maps?q=49.3696,0.130053|Déchèterie la Croix Sonnet-touques (Touques, 16.8 km)]]\n[[https://www.google.com/maps?q=49.4125,0.262325|Déchèterie de Honfleur (Honfleur, 17.1 km)]]\n[[https://www.google.com/maps?q=49.6321,0.259922|Déchèterie Criquetot l'Esneval (Criquetot-l'Esneval, 17.4 km)]] — 0235289868\n[[https://www.google.com/maps/search/d%C3%A9ch%C3%A8terie/@49.518994,0.092210,12z|Toutes les déchèteries autour du site 🗑️]]\n\n**Fiche d'accès**\nDigicode:\nBadge:\nBoite à clés: Oui\nPortail / Portillon:\nDélais de prévenance: 2.0\n\nAccès équipement(s):\nBadge:\nClés: Clé électronique ILOQ\nCadenas:\n\nAccès aérien(s):\nDigicode:\nBadge:\nClés: Clé mécanique\nCadenas:\n\nCommentaire d'accès: 26/05/26 D cockpit O+M:\n*Pour toute intervention, merci d'envoyer un mail à\nM.Letellier@alceane.fr\nC.Desaintnicolas@alceane.fr\nA.Maze@alceane.fr\nA.Joly@alceane.fr\n\n*Pour les petits travaux de maintenances:\n- 2 jours ouvrés à l'avance\n- Accès en autonomie, besoin de l'accord du bailleur\n\n*Pour les gros travaux avec des engins: 15 jours ouvrés à l'avance\n\n*Pour les commandes de badges (150€ HT) ou de clefs d’accès (50€ HT) en cas de pertes ou de détériorations des accès initialement remis par le bailleur: operateur.commandeacces@alceane.fr\n\nNB : En attendant le retour du bailleur, merci d’utiliser votre propre échelle à chaque intervention.",
    "origine": "airtable",
    "campagne": "TOTEM 2026 passage 1",
    "towerco": "TOTEM",
    "ressources": "SEE ALL",
    "nom_site": "LE_HAVRE_BLEVILLE",
    "adresse": "12 Rue Bernard Esdras Gosse",
    "departement": "76",
    "scope": "EVT - Environnement Technique + SH - Structure Haute",
    "etat_wo": "Travaux planifiés",
    "wo": "WO-205931",
    "acces_detail": "Digicode:\nBadge:\nBoite à clés: Oui\nPortail / Portillon:\nDélais de prévenance: 2.0\n\nAccès équipement(s):\nBadge:\nClés: Clé électronique ILOQ\nCadenas:\n\nAccès aérien(s):\nDigicode:\nBadge:\nClés: Clé mécanique\nCadenas:\n\nCommentaire d'accès: 26/05/26 D cockpit O+M:\n*Pour toute intervention, merci d'envoyer un mail à\nM.Letellier@alceane.fr\nC.Desaintnicolas@alceane.fr\nA.Maze@alceane.fr\nA.Joly@alceane.fr\n\n*Pour les petits travaux de maintenances:\n- 2 jours ouvrés à l'avance\n- Accès en autonomie, besoin de l'accord du bailleur\n\n*Pour les gros travaux avec des engins: 15 jours ouvrés à l'avance\n\n*Pour les commandes de badges (150€ HT) ou de clefs d’accès (50€ HT) en cas de pertes ou de détériorations des accès initialement remis par le bailleur: operateur.commandeacces@alceane.fr\n\nNB : En attendant le retour du bailleur, merci d’utiliser votre propre échelle à chaque intervention.",
    "date_planification": "2026-08-31",
    "das_numero": "DAS-N0220117",
    "das_statut": "Refusée",
    "das_debut": "2026-08-31",
    "das_fin": "2026-09-04",
    "das_provenance": "airtable",
    "das_prevenance": "2 jours",
    "calque": "mp-totem-2026-p1",
    "code_fra": "FRA07600263",
    "acces_autonome": "autonome",
    "acces_motif": "clé électronique ILOQ ou ABLOY",
    "_umap_options": {
     "color": "#F59E0B",
     "iconClass": "Drop"
    }
   }
  },
  {
   "type": "Feature",
   "geometry": {
    "type": "Point",
    "coordinates": [
     1.2980676,
     49.6311499
    ]
   },
   "properties": {
    "name": "FRA07600279 — SAINT_MARTIN_D_OSMONVILLE",
    "description": "**Numéro de Work Order** : WO-205618\n**État du WO** : Travaux planifiés\n**Scope de maintenance** : EVT - Environnement Technique + SH - Structure Haute\n**Date de planification** : 2026-11-30\n**État de consignation du site** : Consignation\n**Nécessité d'une nacelle** : oui\n**Verdict d'autonomie** : non_autonome\n**Motif du verdict** : moyens d'accès à récupérer sur place\n**Campagne d'appartenance** : TOTEM 2026 passage 1\n**Donneur d'ordre de la campagne** : TOTEM\n**Colonne Ressources du périmètre** : SEE ALL\n**Provenance du repère** : airtable\n**Adresse du site** : Château d'eau , CD 928\n**Numéro de département** : 76\n**Nom du site** : SAINT_MARTIN_D_OSMONVILLE\n**Coordonnées** : 49.631150, 1.298068\n[[https://www.google.com/maps?q=49.631150,1.298068|Google Maps 🌍]] · [[https://www.google.com/maps/@?api=1&map_action=pano&viewpoint=49.631150,1.298068|Street View]]\n**Déchèteries pro les plus proches** :\n[[https://www.google.com/maps?q=49.5912,1.34958|Déchèterie Buchy (Buchy*, 5.8 km)]] — 0235231883\n[[https://www.google.com/maps?q=49.6861,1.35221|Decheterie Maucomble (Maucomble, 7.2 km)]] — 0235934372\n[[https://www.google.com/maps?q=49.635,1.17411|Déchèterie Bosc le Hard (Bosc-le-Hard, 8.9 km)]] — 0235769343\n[[https://www.google.com/maps/search/d%C3%A9ch%C3%A8terie/@49.631150,1.298068,12z|Toutes les déchèteries autour du site 🗑️]]\n\n**Fiche d'accès**\nDigicode: Badge: Boite à clés: Non Portail / Portillon: - clé saur Délais de prévenance: 15.0 Accès équipement(s): Badge: Clés: Cadenas: Accès aérien(s): Digicode: Badge: Clés: Clé électronique ABLOY Cadenas: Commentaire d'accès: NA / 24/10/2025 FERMIERS : SAUR Contacts Fermier : DE SOUSA Mickael / HACHIMI Safa Tél : 07 64 01 03 41 ; 06 68 30 45 96 Mail : mickael.de-sousa@saur.com ; safa.hachimi@saur.com Bailleur : LE SIAEPA 3 SOURCES CVB Contacts Bailleur : Mr MOLMY Tél : 02 35 64 36 80 Mail : siaepa@3sourcescvb.fr Conditions d'accès : Demande d'accès par mail à safa.hachimi@saur.com et siaepa@3sourcescvb.fr . Récupérer les clés au bureau de SIAEPA.",
    "origine": "airtable",
    "campagne": "TOTEM 2026 passage 1",
    "towerco": "TOTEM",
    "ressources": "SEE ALL",
    "nom_site": "SAINT_MARTIN_D_OSMONVILLE",
    "adresse": "Château d'eau , CD 928",
    "departement": "76",
    "scope": "EVT - Environnement Technique + SH - Structure Haute",
    "etat_wo": "Travaux planifiés",
    "wo": "WO-205618",
    "consignation": "Consignation",
    "acces_detail": "Digicode: Badge: Boite à clés: Non Portail / Portillon: - clé saur Délais de prévenance: 15.0 Accès équipement(s): Badge: Clés: Cadenas: Accès aérien(s): Digicode: Badge: Clés: Clé électronique ABLOY Cadenas: Commentaire d'accès: NA / 24/10/2025 FERMIERS : SAUR Contacts Fermier : DE SOUSA Mickael / HACHIMI Safa Tél : 07 64 01 03 41 ; 06 68 30 45 96 Mail : mickael.de-sousa@saur.com ; safa.hachimi@saur.com Bailleur : LE SIAEPA 3 SOURCES CVB Contacts Bailleur : Mr MOLMY Tél : 02 35 64 36 80 Mail : siaepa@3sourcescvb.fr Conditions d'accès : Demande d'accès par mail à safa.hachimi@saur.com et siaepa@3sourcescvb.fr . Récupérer les clés au bureau de SIAEPA.",
    "date_planification": "2026-11-30",
    "nacelle": true,
    "calque": "mp-totem-2026-p1",
    "code_fra": "FRA07600279",
    "acces_autonome": "non_autonome",
    "acces_motif": "moyens d'accès à récupérer sur place",
    "_umap_options": {
     "color": "#F59E0B",
     "iconClass": "Drop"
    }
   }
  },
  {
   "type": "Feature",
   "geometry": {
    "type": "Point",
    "coordinates": [
     0.231944,
     49.483056
    ]
   },
   "properties": {
    "name": "FRA07600286 — LE_HAVRE_TANCARVILLE",
    "description": "**Numéro de Work Order** : WO-206009\n**État du WO** : Travaux planifiés\n**Scope de maintenance** : EVT - Environnement Technique + SH - Structure Haute\n**Date de planification** : 2026-10-30\n**État de consignation du site** : Consignation\n**Verdict d'autonomie** : autonome\n**Motif du verdict** : boîte à clés sur site\n**Campagne d'appartenance** : TOTEM 2026 passage 1\n**Donneur d'ordre de la campagne** : TOTEM\n**Colonne Ressources du périmètre** : SEE ALL\n**Provenance du repère** : airtable\n**Adresse du site** : Route des Étangs\n**Numéro de département** : 76\n**Nom du site** : LE_HAVRE_TANCARVILLE\n**Coordonnées** : 49.483056, 0.231944\n[[https://www.google.com/maps?q=49.483056,0.231944|Google Maps 🌍]] · [[https://www.google.com/maps/@?api=1&map_action=pano&viewpoint=49.483056,0.231944|Street View]]\n**Déchèteries pro les plus proches** :\n[[https://www.google.com/maps?q=49.4125,0.262325|Déchèterie de Honfleur (Honfleur, 8.1 km)]]\n[[https://www.google.com/maps?q=49.5335,0.36589|Déchèterie de Saint Romain de Colbosc (Saint-Romain-de-Colbosc, 11.2 km)]] — 0235309513\n[[https://www.google.com/maps?q=49.3696,0.130053|Déchèterie la Croix Sonnet-touques (Touques, 14.6 km)]]\n[[https://www.google.com/maps/search/d%C3%A9ch%C3%A8terie/@49.483056,0.231944,12z|Toutes les déchèteries autour du site 🗑️]]\n\n**Fiche d'accès**\nDigicode: Badge: Boite à clés: Non Portail / Portillon: Electronique - Délais de prévenance: Accès équipement(s): Badge: Clés: Clé mécanique Cadenas: Accès aérien(s): Digicode: Badge: Clés: Clé mécanique Cadenas: Commentaire d'accès:",
    "origine": "airtable",
    "campagne": "TOTEM 2026 passage 1",
    "towerco": "TOTEM",
    "ressources": "SEE ALL",
    "nom_site": "LE_HAVRE_TANCARVILLE",
    "adresse": "Route des Étangs",
    "departement": "76",
    "scope": "EVT - Environnement Technique + SH - Structure Haute",
    "etat_wo": "Travaux planifiés",
    "wo": "WO-206009",
    "consignation": "Consignation",
    "acces_detail": "Digicode: Badge: Boite à clés: Non Portail / Portillon: Electronique - Délais de prévenance: Accès équipement(s): Badge: Clés: Clé mécanique Cadenas: Accès aérien(s): Digicode: Badge: Clés: Clé mécanique Cadenas: Commentaire d'accès:",
    "date_planification": "2026-10-30",
    "calque": "mp-totem-2026-p1",
    "code_fra": "FRA07600286",
    "acces_autonome": "autonome",
    "acces_motif": "boîte à clés sur site",
    "_umap_options": {
     "color": "#F59E0B",
     "iconClass": "Drop"
    }
   }
  },
  {
   "type": "Feature",
   "geometry": {
    "type": "Point",
    "coordinates": [
     0.8410905,
     49.7999517
    ]
   },
   "properties": {
    "name": "FRA07600295 — FONTAINE_LE_DUN",
    "description": "**Numéro de Work Order** : WO-205701\n**État du WO** : Travaux planifiés\n**Scope de maintenance** : EVT - Environnement Technique + SH - Structure Haute\n**Date de planification** : 2026-11-30\n**État de consignation du site** : Consignation\n**Nécessité d'une nacelle** : oui\n**Verdict d'autonomie** : non_autonome\n**Motif du verdict** : la fiche déclare l'accès non autonome\n**Campagne d'appartenance** : TOTEM 2026 passage 1\n**Donneur d'ordre de la campagne** : TOTEM\n**Colonne Ressources du périmètre** : SEE ALL\n**Provenance du repère** : airtable\n**Adresse du site** : D237\n**Numéro de département** : 76\n**Nom du site** : FONTAINE_LE_DUN\n**Coordonnées** : 49.799952, 0.841090\n[[https://www.google.com/maps?q=49.799952,0.841090|Google Maps 🌍]] · [[https://www.google.com/maps/@?api=1&map_action=pano&viewpoint=49.799952,0.841090|Street View]]\n**Déchèteries pro les plus proches** :\n[[https://www.google.com/maps?q=49.7876,0.876355|Déchèterie Brametot (Brametot, 2.9 km)]] — 0235572525\n[[https://www.google.com/maps?q=49.7238,0.774407|Déchèterie de Doudeville (Doudeville, 9.7 km)]] — 0235959342\n[[https://www.google.com/maps?q=49.8426,0.971277|Déchèterie Gueures (Gueures, 10.5 km)]]\n[[https://www.google.com/maps/search/d%C3%A9ch%C3%A8terie/@49.799952,0.841090,12z|Toutes les déchèteries autour du site 🗑️]]\n\n**Fiche d'accès**\nDigicode: Badge: Boite à clés: Oui Portail / Portillon: Mécanique Délais de prévenance: 3.0 Accès équipement(s): Badge: Clés: Clé mécanique Cadenas: Accès aérien(s): Digicode: Badge: Clés: Clé bailleur Cadenas: Commentaire d'accès: COCKPIT O+M Ta : 27/08/26 Contact : Alexandre PHILIPPE – 06 89 53 70 92 Prévenance : par mail à alexandre.philippe@eaux-de-normandie.fr avec en copie laura.huchet@cote-albatre.com et stephane.caron@cote-albatre.com Délai de prevenance : 72 h Accès : non autonome, technicien accompagné. Gardiennage : obligatoire pendant toute l’intervention, à la charge de l’intervenant. A2P Sécurité habilité. Plan de prévention : obligatoire avant chaque intervention, avec retour signé. Interventions : uniquement les jours ouvrés pour installation, maintenance et entretien.",
    "origine": "airtable",
    "campagne": "TOTEM 2026 passage 1",
    "towerco": "TOTEM",
    "ressources": "SEE ALL",
    "nom_site": "FONTAINE_LE_DUN",
    "adresse": "D237",
    "departement": "76",
    "scope": "EVT - Environnement Technique + SH - Structure Haute",
    "etat_wo": "Travaux planifiés",
    "wo": "WO-205701",
    "consignation": "Consignation",
    "acces_detail": "Digicode: Badge: Boite à clés: Oui Portail / Portillon: Mécanique Délais de prévenance: 3.0 Accès équipement(s): Badge: Clés: Clé mécanique Cadenas: Accès aérien(s): Digicode: Badge: Clés: Clé bailleur Cadenas: Commentaire d'accès: COCKPIT O+M Ta : 27/08/26 Contact : Alexandre PHILIPPE – 06 89 53 70 92 Prévenance : par mail à alexandre.philippe@eaux-de-normandie.fr avec en copie laura.huchet@cote-albatre.com et stephane.caron@cote-albatre.com Délai de prevenance : 72 h Accès : non autonome, technicien accompagné. Gardiennage : obligatoire pendant toute l’intervention, à la charge de l’intervenant. A2P Sécurité habilité. Plan de prévention : obligatoire avant chaque intervention, avec retour signé. Interventions : uniquement les jours ouvrés pour installation, maintenance et entretien.",
    "date_planification": "2026-11-30",
    "nacelle": true,
    "calque": "mp-totem-2026-p1",
    "code_fra": "FRA07600295",
    "acces_autonome": "non_autonome",
    "acces_motif": "la fiche déclare l'accès non autonome",
    "_umap_options": {
     "color": "#F59E0B",
     "iconClass": "Drop"
    }
   }
  },
  {
   "type": "Feature",
   "geometry": {
    "type": "Point",
    "coordinates": [
     1.3638693,
     49.5900842
    ]
   },
   "properties": {
    "name": "FRA07600296 — BUCHY",
    "description": "**Numéro de Work Order** : WO-205300 + WO-228431 + WO-243293\n**État du WO** : Travaux planifiés\n**Scope de maintenance** : EVT - Environnement Technique + EV - Espaces Verts + SH - Structure Haute + EV - Espaces Verts\n**Date de planification** : 2026-09-30\n**Nécessité d'une nacelle** : oui\n**Verdict d'autonomie** : autonome\n**Motif du verdict** : clé électronique ILOQ ou ABLOY\n**Numéro de DAS** : DAS-N0215739\n**Statut de la DAS** : Acceptée\n**Début de validité** : 2026-09-03\n**Fin de validité** : 2026-09-04\n**Délai de prévenance** : 15 jours\n**Origine de la DAS** : airtable\n**Campagne d'appartenance** : TOTEM 2026 passage 1\n**Donneur d'ordre de la campagne** : TOTEM\n**Colonne Ressources du périmètre** : SEE ALL - A prioriser\n**Provenance du repère** : airtable\n**Adresse du site** : Château d'eau. Chemin communal de BLAINVILLE\n**Numéro de département** : 76\n**Nom du site** : BUCHY\n**Coordonnées** : 49.590084, 1.363869\n[[https://www.google.com/maps?q=49.590084,1.363869|Google Maps 🌍]] · [[https://www.google.com/maps/@?api=1&map_action=pano&viewpoint=49.590084,1.363869|Street View]]\n**Déchèteries pro les plus proches** :\n[[https://www.google.com/maps?q=49.5912,1.34958|Déchèterie Buchy (Buchy*, 1.0 km)]] — 0235231883\n[[https://www.google.com/maps?q=49.6861,1.35221|Decheterie Maucomble (Maucomble, 10.7 km)]] — 0235934372\n[[https://www.google.com/maps?q=49.635,1.54528|Déchèterie de Serqueux (Serqueux, 14.0 km)]] — 0235909264\n[[https://www.google.com/maps/search/d%C3%A9ch%C3%A8terie/@49.590084,1.363869,12z|Toutes les déchèteries autour du site 🗑️]]\n\n**Fiche d'accès**\nDigicode:\nBadge:\nBoite à clés:\nPortail / Portillon: - Bailleur dans boite à clé\nDélais de prévenance: 15.0\n\nAccès équipement(s):\nBadge:\nClés: Clé électronique ILOQ\nCadenas:\n\nAccès aérien(s):\nDigicode:\nBadge:\nClés: Clé mécanique\nCadenas:\n\nCommentaire d'accès: ADM: 07/05/25 Demande d'accès par mail à\nsiaepa.sigyenbray@wanadoo.fr et mettre en copie thomas.dejardin@veolia.com",
    "origine": "airtable",
    "campagne": "TOTEM 2026 passage 1",
    "towerco": "TOTEM",
    "ressources": "SEE ALL - A prioriser",
    "nom_site": "BUCHY",
    "adresse": "Château d'eau. Chemin communal de BLAINVILLE",
    "departement": "76",
    "scope": "EVT - Environnement Technique + EV - Espaces Verts + SH - Structure Haute + EV - Espaces Verts",
    "etat_wo": "Travaux planifiés",
    "wo": "WO-205300 + WO-228431 + WO-243293",
    "acces_detail": "Digicode:\nBadge:\nBoite à clés:\nPortail / Portillon: - Bailleur dans boite à clé\nDélais de prévenance: 15.0\n\nAccès équipement(s):\nBadge:\nClés: Clé électronique ILOQ\nCadenas:\n\nAccès aérien(s):\nDigicode:\nBadge:\nClés: Clé mécanique\nCadenas:\n\nCommentaire d'accès: ADM: 07/05/25 Demande d'accès par mail à\nsiaepa.sigyenbray@wanadoo.fr et mettre en copie thomas.dejardin@veolia.com",
    "date_planification": "2026-09-30",
    "nacelle": true,
    "das_numero": "DAS-N0215739",
    "das_statut": "Acceptée",
    "das_debut": "2026-09-03",
    "das_fin": "2026-09-04",
    "das_provenance": "airtable",
    "das_prevenance": "15 jours",
    "calque": "mp-totem-2026-p1",
    "code_fra": "FRA07600296",
    "acces_autonome": "autonome",
    "acces_motif": "clé électronique ILOQ ou ABLOY",
    "_umap_options": {
     "color": "#F59E0B",
     "iconClass": "Drop"
    }
   }
  },
  {
   "type": "Feature",
   "geometry": {
    "type": "Point",
    "coordinates": [
     0.9175921,
     49.6688878
    ]
   },
   "properties": {
    "name": "FRA07600299 — YERVILLE",
    "description": "**Numéro de Work Order** : WO-205620\n**État du WO** : Travaux planifiés\n**Scope de maintenance** : EVT - Environnement Technique + SH - Structure Haute\n**Date de planification** : 2026-11-30\n**Nécessité d'une nacelle** : oui\n**Verdict d'autonomie** : autonome\n**Motif du verdict** : boîte à clés sur site\n**Campagne d'appartenance** : TOTEM 2026 passage 1\n**Donneur d'ordre de la campagne** : TOTEM\n**Colonne Ressources du périmètre** : SEE ALL\n**Provenance du repère** : airtable\n**Adresse du site** : Château d'eau\n**Numéro de département** : 76\n**Nom du site** : YERVILLE\n**Coordonnées** : 49.668888, 0.917592\n[[https://www.google.com/maps?q=49.668888,0.917592|Google Maps 🌍]] · [[https://www.google.com/maps/@?api=1&map_action=pano&viewpoint=49.668888,0.917592|Street View]]\n**Déchèteries pro les plus proches** :\n[[https://www.google.com/maps?q=49.6659,0.879327|Déchèterie Yerville (Yerville, 2.8 km)]] — 0235962263\n[[https://www.google.com/maps?q=49.6032,0.843458|Déchèterie de Croix-mare (Croix-Mare, 9.0 km)]] — 0607907785\n[[https://www.google.com/maps?q=49.6999,1.07605|Déchèterie Vassonville (Vassonville, 11.9 km)]] — 0235793070\n[[https://www.google.com/maps/search/d%C3%A9ch%C3%A8terie/@49.668888,0.917592,12z|Toutes les déchèteries autour du site 🗑️]]\n\n**Fiche d'accès**\nDigicode: NON Badge: NON Boite à clés: Portail / Portillon: Délais de prévenance: 15.0 Accès équipement(s): Badge: Clés: Cadenas: Accès aérien(s): Digicode: Badge: Clés: Clé bailleur Cadenas: Commentaire d'accès: RA 3/6/25 Conditions d'accès : - Pour toute intervention, remplir le formulaire et l’envoyer au fermier. Contact bailleur : - Nom : M. GENDRIN - Téléphone : 02 32 70 14 46 - Email : samuel.gendrin@siaepa-yerville.fr Boite Cle :La boite à clé se situe dans un plot béton sur la gauche du portail d’entrée /Vide / Attention, le site longe la N29 où circulent beaucoup de véhicules. Se garer sur la place de parking devant le château d’eau, ou à l’intérieur de la parcelle. Pour accéder au site, prévenir kevin.parent@veolia.com / antenniste76.eau-no@veolia.com Attention, le site longe la N29 où circulent beaucoup de véhicules. Se garer sur la place de parking devant le château d’eau, ou à l’intérieur de la parcelle. Pour accéder au site, prévenir Monsieur Nicolas LERIBLE (06 20 82 50 84) et demander les clefs à Monsieur Christophe SENECAL (06 20 30 68 85) - Effectuer la demande auprès de Samuel.Gendrin@siaepa-yerville.fr en priorité 1 semaine avant l’intervention",
    "origine": "airtable",
    "campagne": "TOTEM 2026 passage 1",
    "towerco": "TOTEM",
    "ressources": "SEE ALL",
    "nom_site": "YERVILLE",
    "adresse": "Château d'eau",
    "departement": "76",
    "scope": "EVT - Environnement Technique + SH - Structure Haute",
    "etat_wo": "Travaux planifiés",
    "wo": "WO-205620",
    "acces_detail": "Digicode: NON Badge: NON Boite à clés: Portail / Portillon: Délais de prévenance: 15.0 Accès équipement(s): Badge: Clés: Cadenas: Accès aérien(s): Digicode: Badge: Clés: Clé bailleur Cadenas: Commentaire d'accès: RA 3/6/25 Conditions d'accès : - Pour toute intervention, remplir le formulaire et l’envoyer au fermier. Contact bailleur : - Nom : M. GENDRIN - Téléphone : 02 32 70 14 46 - Email : samuel.gendrin@siaepa-yerville.fr Boite Cle :La boite à clé se situe dans un plot béton sur la gauche du portail d’entrée /Vide / Attention, le site longe la N29 où circulent beaucoup de véhicules. Se garer sur la place de parking devant le château d’eau, ou à l’intérieur de la parcelle. Pour accéder au site, prévenir kevin.parent@veolia.com / antenniste76.eau-no@veolia.com Attention, le site longe la N29 où circulent beaucoup de véhicules. Se garer sur la place de parking devant le château d’eau, ou à l’intérieur de la parcelle. Pour accéder au site, prévenir Monsieur Nicolas LERIBLE (06 20 82 50 84) et demander les clefs à Monsieur Christophe SENECAL (06 20 30 68 85) - Effectuer la demande auprès de Samuel.Gendrin@siaepa-yerville.fr en priorité 1 semaine avant l’intervention",
    "date_planification": "2026-11-30",
    "nacelle": true,
    "calque": "mp-totem-2026-p1",
    "code_fra": "FRA07600299",
    "acces_autonome": "autonome",
    "acces_motif": "boîte à clés sur site",
    "_umap_options": {
     "color": "#F59E0B",
     "iconClass": "Drop"
    }
   }
  },
  {
   "type": "Feature",
   "geometry": {
    "type": "Point",
    "coordinates": [
     1.1096299,
     49.3718055
    ]
   },
   "properties": {
    "name": "FRA07600310 — LA_MALADRERIE",
    "description": "**Numéro de Work Order** : WO-205986\n**État du WO** : Travaux planifiés\n**Scope de maintenance** : EVT - Environnement Technique + SH - Structure Haute\n**Date de planification** : 2026-09-30\n**Verdict d'autonomie** : autonome\n**Motif du verdict** : clé électronique ILOQ ou ABLOY\n**Numéro de DAS** : DAS-N0216936\n**Statut de la DAS** : Acceptée\n**Début de validité** : 2026-08-31\n**Fin de validité** : 2026-09-02\n**Délai de prévenance** : 5 jours\n**Origine de la DAS** : airtable\n**Campagne d'appartenance** : TOTEM 2026 passage 1\n**Donneur d'ordre de la campagne** : TOTEM\n**Colonne Ressources du périmètre** : SEE ALL\n**Provenance du repère** : airtable\n**Adresse du site** : Bvd Lenine\n**Numéro de département** : 76\n**Nom du site** : LA_MALADRERIE\n**Coordonnées** : 49.371806, 1.109630\n[[https://www.google.com/maps?q=49.371806,1.109630|Google Maps 🌍]] · [[https://www.google.com/maps/@?api=1&map_action=pano&viewpoint=49.371806,1.109630|Street View]]\n**Déchèteries pro les plus proches** :\n[[https://www.google.com/maps?q=49.4348,1.10409|Déchèterie Rouen (Rouen, 7.0 km)]] — 0235889258\n[[https://www.google.com/maps?q=49.3182,1.19194|Déchèterie d'Alizay (Alizay, 8.4 km)]] — 0235231926\n[[https://www.google.com/maps?q=49.296,1.1539|Déchèterie Pont de l'Arche (Pont-de-l'Arche, 9.0 km)]]\n[[https://www.google.com/maps/search/d%C3%A9ch%C3%A8terie/@49.371806,1.109630,12z|Toutes les déchèteries autour du site 🗑️]]\n\n**Fiche d'accès**\nDigicode:\nBadge:\nBoite à clés: Oui\nPortail / Portillon: Electronique\nDélais de prévenance: 5.0\n\nAccès équipement(s):\nBadge:\nClés: Clé électronique ABLOY\nCadenas:\n\nAccès aérien(s):\nDigicode:\nBadge:\nClés: Clé électronique ABLOY\nCadenas:\n\nCommentaire d'accès: 22/07/25 P cockpit O+M\nPrévenance à faire par mail à Mme Muriel Bouchez (muriel.bouchez@foncia.com), au minimum 5 jours avant l’intervention. Les cartes d’identité des intervenants, avec les dates exactes, doivent être envoyées par mail. Mme Bouchez validera et informera le poste de garde.\nCette procédure s’applique à tous les intervenants et prestataires extérieurs, qui doivent impérativement se présenter au poste de garde avant toute entrée sur le site.\nappeler Mme BOUCHEZ au 02 35 07 85 50 en cas de soucis\n*Site en full iloq mais une prévenance est obligatoire.",
    "origine": "airtable",
    "campagne": "TOTEM 2026 passage 1",
    "towerco": "TOTEM",
    "ressources": "SEE ALL",
    "nom_site": "LA_MALADRERIE",
    "adresse": "Bvd Lenine",
    "departement": "76",
    "scope": "EVT - Environnement Technique + SH - Structure Haute",
    "etat_wo": "Travaux planifiés",
    "wo": "WO-205986",
    "acces_detail": "Digicode:\nBadge:\nBoite à clés: Oui\nPortail / Portillon: Electronique\nDélais de prévenance: 5.0\n\nAccès équipement(s):\nBadge:\nClés: Clé électronique ABLOY\nCadenas:\n\nAccès aérien(s):\nDigicode:\nBadge:\nClés: Clé électronique ABLOY\nCadenas:\n\nCommentaire d'accès: 22/07/25 P cockpit O+M\nPrévenance à faire par mail à Mme Muriel Bouchez (muriel.bouchez@foncia.com), au minimum 5 jours avant l’intervention. Les cartes d’identité des intervenants, avec les dates exactes, doivent être envoyées par mail. Mme Bouchez validera et informera le poste de garde.\nCette procédure s’applique à tous les intervenants et prestataires extérieurs, qui doivent impérativement se présenter au poste de garde avant toute entrée sur le site.\nappeler Mme BOUCHEZ au 02 35 07 85 50 en cas de soucis\n*Site en full iloq mais une prévenance est obligatoire.",
    "date_planification": "2026-09-30",
    "das_numero": "DAS-N0216936",
    "das_statut": "Acceptée",
    "das_debut": "2026-08-31",
    "das_fin": "2026-09-02",
    "das_provenance": "airtable",
    "das_prevenance": "5 jours",
    "calque": "mp-totem-2026-p1",
    "code_fra": "FRA07600310",
    "acces_autonome": "autonome",
    "acces_motif": "clé électronique ILOQ ou ABLOY",
    "_umap_options": {
     "color": "#F59E0B",
     "iconClass": "Drop"
    }
   }
  },
  {
   "type": "Feature",
   "geometry": {
    "type": "Point",
    "coordinates": [
     1.0892106,
     49.3871384
    ]
   },
   "properties": {
    "name": "FRA07600316 — ST_ETIENNE_DU_ROUVRAY_OUEST",
    "description": "**Numéro de Work Order** : WO-205934\n**État du WO** : Travaux planifiés\n**Scope de maintenance** : EVT - Environnement Technique + SH - Structure Haute\n**Date de planification** : 2026-08-31\n**État de consignation du site** : Consigne Particulière\n**Verdict d'autonomie** : non_autonome\n**Motif du verdict** : boîte à clés hors service\n**Numéro de DAS** : DAS-N0216937\n**Statut de la DAS** : Refusée\n**Début de validité** : 2026-08-31\n**Fin de validité** : 2026-09-02\n**Délai de prévenance** : 7 jours\n**Origine de la DAS** : airtable\n**Campagne d'appartenance** : TOTEM 2026 passage 1\n**Donneur d'ordre de la campagne** : TOTEM\n**Colonne Ressources du périmètre** : SEE ALL\n**Provenance du repère** : airtable\n**Adresse du site** : Résidence\n**Numéro de département** : 76\n**Nom du site** : ST_ETIENNE_DU_ROUVRAY_OUEST\n**Coordonnées** : 49.387138, 1.089211\n[[https://www.google.com/maps?q=49.387138,1.089211|Google Maps 🌍]] · [[https://www.google.com/maps/@?api=1&map_action=pano&viewpoint=49.387138,1.089211|Street View]]\n**Déchèteries pro les plus proches** :\n[[https://www.google.com/maps?q=49.4348,1.10409|Déchèterie Rouen (Rouen, 5.4 km)]] — 0235889258\n[[https://www.google.com/maps?q=49.3182,1.19194|Déchèterie d'Alizay (Alizay, 10.7 km)]] — 0235231926\n[[https://www.google.com/maps?q=49.296,1.1539|Déchèterie Pont de l'Arche (Pont-de-l'Arche, 11.2 km)]]\n[[https://www.google.com/maps/search/d%C3%A9ch%C3%A8terie/@49.387138,1.089211,12z|Toutes les déchèteries autour du site 🗑️]]\n\n**Fiche d'accès**\nDigicode:\nBadge:\nBoite à clés:\nPortail / Portillon:\nDélais de prévenance: 7.0\n\nAccès équipement(s):\nBadge: Badge\nClés:\nCadenas:\n\nAccès aérien(s):\nDigicode:\nBadge:\nClés: Clé bailleur - Clé mécanique\nCadenas:\n\nCommentaire d'accès: 31/10/25 P cockpit O+M\n\nLa prévention doit être effectuée sept jours avant l’intervention auprès de M. Gaylord au 06 08 74 93 55.\nVeuillez préciser l’heure exacte afin de permettre l’ouverture de l’accès au site.\nBac inutilisable.\nPerte récurrente d'échelle\nA chaque intervention, il faut ramener sa propre échelle",
    "origine": "airtable",
    "campagne": "TOTEM 2026 passage 1",
    "towerco": "TOTEM",
    "ressources": "SEE ALL",
    "nom_site": "ST_ETIENNE_DU_ROUVRAY_OUEST",
    "adresse": "Résidence",
    "departement": "76",
    "scope": "EVT - Environnement Technique + SH - Structure Haute",
    "etat_wo": "Travaux planifiés",
    "wo": "WO-205934",
    "consignation": "Consigne Particulière",
    "acces_detail": "Digicode:\nBadge:\nBoite à clés:\nPortail / Portillon:\nDélais de prévenance: 7.0\n\nAccès équipement(s):\nBadge: Badge\nClés:\nCadenas:\n\nAccès aérien(s):\nDigicode:\nBadge:\nClés: Clé bailleur - Clé mécanique\nCadenas:\n\nCommentaire d'accès: 31/10/25 P cockpit O+M\n\nLa prévention doit être effectuée sept jours avant l’intervention auprès de M. Gaylord au 06 08 74 93 55.\nVeuillez préciser l’heure exacte afin de permettre l’ouverture de l’accès au site.\nBac inutilisable.\nPerte récurrente d'échelle\nA chaque intervention, il faut ramener sa propre échelle",
    "date_planification": "2026-08-31",
    "das_numero": "DAS-N0216937",
    "das_statut": "Refusée",
    "das_debut": "2026-08-31",
    "das_fin": "2026-09-02",
    "das_provenance": "airtable",
    "das_prevenance": "7 jours",
    "calque": "mp-totem-2026-p1",
    "code_fra": "FRA07600316",
    "acces_autonome": "non_autonome",
    "acces_motif": "boîte à clés hors service",
    "_umap_options": {
     "color": "#F59E0B",
     "iconClass": "Drop"
    }
   }
  },
  {
   "type": "Feature",
   "geometry": {
    "type": "Point",
    "coordinates": [
     1.3260042,
     50.0370978
    ]
   },
   "properties": {
    "name": "FRA07600328 — YAUVILLE",
    "description": "**Numéro de Work Order** : WO-205624 + WO-228573 + WO-243306\n**État du WO** : Travaux planifiés\n**Scope de maintenance** : EVT - Environnement Technique + EV - Espaces Verts + SH - Structure Haute + EV - Espaces Verts\n**Date de planification** : 2026-10-15\n**État de consignation du site** : Consigne Particulière\n**Verdict d'autonomie** : non_autonome\n**Motif du verdict** : présence d'un tiers obligatoire\n**Numéro de DAS** : DAS-N0211361\n**Statut de la DAS** : Refusée\n**Début de validité** : 2026-08-17\n**Fin de validité** : 2026-08-18\n**Délai de prévenance** : 3 jours\n**Origine de la DAS** : airtable\n**Campagne d'appartenance** : TOTEM 2026 passage 1\n**Donneur d'ordre de la campagne** : TOTEM\n**Colonne Ressources du périmètre** : SEE ALL\n**Provenance du repère** : airtable\n**Adresse du site** : Château d'eau\n**Numéro de département** : 76\n**Nom du site** : YAUVILLE\n**Coordonnées** : 50.037098, 1.326004\n[[https://www.google.com/maps?q=50.037098,1.326004|Google Maps 🌍]] · [[https://www.google.com/maps/@?api=1&map_action=pano&viewpoint=50.037098,1.326004|Street View]]\n**Déchèteries pro les plus proches** :\n[[https://www.google.com/maps?q=50.0069,1.32567|Point Av Saint-pierre-en-val et Criel sur Mer (Saint-Pierre-en-Val, 3.4 km)]]\n[[https://www.google.com/maps?q=50.0605,1.39187|Déchèterie du Tréport (Le Tréport, 5.4 km)]] — 0227282087\n[[https://www.google.com/maps?q=50.0886,1.4504|Déchèterie de Ault (Ault, 10.6 km)]] — 0227282087\n[[https://www.google.com/maps/search/d%C3%A9ch%C3%A8terie/@50.037098,1.326004,12z|Toutes les déchèteries autour du site 🗑️]]\n\n**Fiche d'accès**\nDigicode:\nBadge:\nBoite à clés: Oui\nPortail / Portillon: Mécanique - Cadenas bailleur clé dans la BAC\nDélais de prévenance: 3.0\n\nAccès équipement(s):\nBadge:\nClés: Clé mécanique\nCadenas:\n\nAccès aérien(s):\nDigicode:\nBadge:\nClés: Clé bailleur\nCadenas:\n\nCommentaire d'accès: 04/11/25 P cockpit O+M\n\nPrévenance à effectuer 3 jours avant l’intervention par mail à :\nantenniste76.eau-no@veolia.com\nEn copie : willy.bretagne@veolia.com, secretaria@seacne.fr\nOuverture du site : uniquement en présence d’un agent.\nDocuments à fournir :\nPièce d’identité des intervenants\nFiche opérateur antenniste à compléter\nContact en cas de soucis :\nM. Willy BRETAGNE\nTel : 0628511976",
    "origine": "airtable",
    "campagne": "TOTEM 2026 passage 1",
    "towerco": "TOTEM",
    "ressources": "SEE ALL",
    "nom_site": "YAUVILLE",
    "adresse": "Château d'eau",
    "departement": "76",
    "scope": "EVT - Environnement Technique + EV - Espaces Verts + SH - Structure Haute + EV - Espaces Verts",
    "etat_wo": "Travaux planifiés",
    "wo": "WO-205624 + WO-228573 + WO-243306",
    "consignation": "Consigne Particulière",
    "acces_detail": "Digicode:\nBadge:\nBoite à clés: Oui\nPortail / Portillon: Mécanique - Cadenas bailleur clé dans la BAC\nDélais de prévenance: 3.0\n\nAccès équipement(s):\nBadge:\nClés: Clé mécanique\nCadenas:\n\nAccès aérien(s):\nDigicode:\nBadge:\nClés: Clé bailleur\nCadenas:\n\nCommentaire d'accès: 04/11/25 P cockpit O+M\n\nPrévenance à effectuer 3 jours avant l’intervention par mail à :\nantenniste76.eau-no@veolia.com\nEn copie : willy.bretagne@veolia.com, secretaria@seacne.fr\nOuverture du site : uniquement en présence d’un agent.\nDocuments à fournir :\nPièce d’identité des intervenants\nFiche opérateur antenniste à compléter\nContact en cas de soucis :\nM. Willy BRETAGNE\nTel : 0628511976",
    "date_planification": "2026-10-15",
    "das_numero": "DAS-N0211361",
    "das_statut": "Refusée",
    "das_debut": "2026-08-17",
    "das_fin": "2026-08-18",
    "das_provenance": "airtable",
    "das_prevenance": "3 jours",
    "calque": "mp-totem-2026-p1",
    "code_fra": "FRA07600328",
    "acces_autonome": "non_autonome",
    "acces_motif": "présence d'un tiers obligatoire",
    "_umap_options": {
     "color": "#F59E0B",
     "iconClass": "Drop"
    }
   }
  },
  {
   "type": "Feature",
   "geometry": {
    "type": "Point",
    "coordinates": [
     0.7233089,
     49.4976112
    ]
   },
   "properties": {
    "name": "FRA07600331 — PORT_CAUDEBEC",
    "description": "**Numéro de Work Order** : WO-205985\n**État du WO** : Travaux planifiés\n**Scope de maintenance** : EVT - Environnement Technique + SH - Structure Haute\n**Date de planification** : 2026-09-30\n**État de consignation du site** : Consigne Particulière\n**Verdict d'autonomie** : a_confirmer\n**Motif du verdict** : la fiche ne tranche pas\n**Numéro de DAS** : DAS-N0216938\n**Statut de la DAS** : Acceptée\n**Début de validité** : 2026-08-31\n**Fin de validité** : 2026-09-02\n**Délai de prévenance** : 1 jour\n**Origine de la DAS** : airtable\n**Campagne d'appartenance** : TOTEM 2026 passage 1\n**Donneur d'ordre de la campagne** : TOTEM\n**Colonne Ressources du périmètre** : SEE ALL\n**Provenance du repère** : airtable\n**Adresse du site** : Château d'eau, Rue du Château d'eau\n**Numéro de département** : 76\n**Nom du site** : PORT_CAUDEBEC\n**Coordonnées** : 49.497611, 0.723309\n[[https://www.google.com/maps?q=49.497611,0.723309|Google Maps 🌍]] · [[https://www.google.com/maps/@?api=1&map_action=pano&viewpoint=49.497611,0.723309|Street View]]\n**Déchèteries pro les plus proches** :\n[[https://www.google.com/maps?q=49.4705,0.74472|Déchèterie la Mailleraye sur Seine (La Mailleraye-sur-Seine*, 3.4 km)]] — 0235781446\n[[https://www.google.com/maps?q=49.5579,0.725508|Déchèterie Maulevrier Ste Gertrude (Maulévrier-Sainte-Gertrude, 6.7 km)]] — 0232703547\n[[https://www.google.com/maps?q=49.4835,0.584807|Déchèterie de Notre-dame-de-gravenchon (Notre-Dame-de-Gravenchon*, 10.1 km)]] — 0235388932\n[[https://www.google.com/maps/search/d%C3%A9ch%C3%A8terie/@49.497611,0.723309,12z|Toutes les déchèteries autour du site 🗑️]]\n\n**Fiche d'accès**\nDigicode: Mise à jour CD (23/02/2024) Mr TOUTAIN Matthieu : matthieu.toutain@stgs.fr 06.37.16.47.62 Mr MAUGER Thomas : thomas.mauger@stgs.fr 06.78.31.95.74\nBadge:\nBoite à clés: Non\nPortail / Portillon: Non - VEOLIA\nDélais de prévenance: 1.0\n\nAccès équipement(s):\nBadge:\nClés:\nCadenas:\n\nAccès aérien(s):\nDigicode:\nBadge:\nClés: Clé bailleur\nCadenas:\n\nCommentaire d'accès: NA / 27/10/2025\n\nConditions d’accès :\nEnvoyer un mail à STGS aux adresses suivantes :\n\neau@stgs.fr\n\nMatthieu.TOUTAIN@stgs.fr\n\nYohann.LEMOINE@stgs.fr\n\nContact bailleur :\nCOMMUNAUTE DE COMMUNE CAUX VALLE DE SEINE\nMr PREVEL\nTel : 02 32 84 66 25 / 02 32 84 40 40\nMail : non mentionné\n\nContact fermier :\nSTGS\nMatthieu TOUTAIN / Yohann LEMOINE\nTel : 02 35 95 79 76 / 06 31 02 58 08\nMail : eau@stgs.fr\n/ Matthieu.TOUTAIN@stgs.fr\n/ Yohann.LEMOINE@stgs.fr",
    "origine": "airtable",
    "campagne": "TOTEM 2026 passage 1",
    "towerco": "TOTEM",
    "ressources": "SEE ALL",
    "nom_site": "PORT_CAUDEBEC",
    "adresse": "Château d'eau, Rue du Château d'eau",
    "departement": "76",
    "scope": "EVT - Environnement Technique + SH - Structure Haute",
    "etat_wo": "Travaux planifiés",
    "wo": "WO-205985",
    "consignation": "Consigne Particulière",
    "acces_detail": "Digicode: Mise à jour CD (23/02/2024) Mr TOUTAIN Matthieu : matthieu.toutain@stgs.fr 06.37.16.47.62 Mr MAUGER Thomas : thomas.mauger@stgs.fr 06.78.31.95.74\nBadge:\nBoite à clés: Non\nPortail / Portillon: Non - VEOLIA\nDélais de prévenance: 1.0\n\nAccès équipement(s):\nBadge:\nClés:\nCadenas:\n\nAccès aérien(s):\nDigicode:\nBadge:\nClés: Clé bailleur\nCadenas:\n\nCommentaire d'accès: NA / 27/10/2025\n\nConditions d’accès :\nEnvoyer un mail à STGS aux adresses suivantes :\n\neau@stgs.fr\n\nMatthieu.TOUTAIN@stgs.fr\n\nYohann.LEMOINE@stgs.fr\n\nContact bailleur :\nCOMMUNAUTE DE COMMUNE CAUX VALLE DE SEINE\nMr PREVEL\nTel : 02 32 84 66 25 / 02 32 84 40 40\nMail : non mentionné\n\nContact fermier :\nSTGS\nMatthieu TOUTAIN / Yohann LEMOINE\nTel : 02 35 95 79 76 / 06 31 02 58 08\nMail : eau@stgs.fr\n/ Matthieu.TOUTAIN@stgs.fr\n/ Yohann.LEMOINE@stgs.fr",
    "date_planification": "2026-09-30",
    "das_numero": "DAS-N0216938",
    "das_statut": "Acceptée",
    "das_debut": "2026-08-31",
    "das_fin": "2026-09-02",
    "das_provenance": "airtable",
    "das_prevenance": "1 jour",
    "calque": "mp-totem-2026-p1",
    "code_fra": "FRA07600331",
    "acces_autonome": "a_confirmer",
    "acces_motif": "la fiche ne tranche pas",
    "_umap_options": {
     "color": "#F59E0B",
     "iconClass": "Drop"
    }
   }
  },
  {
   "type": "Feature",
   "geometry": {
    "type": "Point",
    "coordinates": [
     1.2252836,
     49.7901143
    ]
   },
   "properties": {
    "name": "FRA07600332 — LES_GRANDES_VENTES",
    "description": "**Numéro de Work Order** : WO-205659 + WO-228585 + WO-243307\n**État du WO** : Travaux planifiés\n**Scope de maintenance** : EVT - Environnement Technique + EV - Espaces Verts + SH - Structure Haute + EV - Espaces Verts\n**Date de planification** : 2026-08-31\n**Verdict d'autonomie** : non_autonome\n**Motif du verdict** : site DIG Orange, non autonome par prudence\n**Numéro de DAS** : DAS-N0215627\n**Statut de la DAS** : Acceptée\n**Début de validité** : 2026-08-31\n**Fin de validité** : 2026-09-02\n**Délai de prévenance** : aucune\n**Origine de la DAS** : airtable\n**Campagne d'appartenance** : TOTEM 2026 passage 1\n**Donneur d'ordre de la campagne** : TOTEM\n**Colonne Ressources du périmètre** : SEE ALL\n**Provenance du repère** : airtable\n**Adresse du site** : SH Lieu-dit Le Bourg\n**Numéro de département** : 76\n**Nom du site** : LES_GRANDES_VENTES\n**Coordonnées** : 49.790114, 1.225284\n[[https://www.google.com/maps?q=49.790114,1.225284|Google Maps 🌍]] · [[https://www.google.com/maps/@?api=1&map_action=pano&viewpoint=49.790114,1.225284|Street View]]\n**Déchèteries pro les plus proches** :\n[[https://www.google.com/maps?q=49.79,1.22431|Déchèterie les Grandes Ventes (Les Grandes-Ventes, 0.1 km)]] — 0235859827\n[[https://www.google.com/maps?q=49.8285,1.1299|Déchèterie la Chapelle du Bourgay (La Chapelle-du-Bourgay, 8.1 km)]] — 0235850007\n[[https://www.google.com/maps?q=49.8988,1.25214|Déchèterie Envermeu (Envermeu, 12.2 km)]] — 0235832920\n[[https://www.google.com/maps/search/d%C3%A9ch%C3%A8terie/@49.790114,1.225284,12z|Toutes les déchèteries autour du site 🗑️]]\n\n**Fiche d'accès**\nDigicode:\nBadge:\nBoite à clés: Non\nPortail / Portillon: Electronique - ENTREE PAR LE STADES OK LE 27/07/2021\nDélais de prévenance: 0.0\n\nAccès équipement(s):\nBadge:\nClés: Clé mécanique\nCadenas:\n\nAccès aérien(s):\nDigicode:\nBadge:\nClés: Clé électronique ABLOY\nCadenas:\n\nCommentaire d'accès: 13/04/2026 Na cockpit O+M :\nSite DIG 6, responsable à contacter en cas de soucis d'accès: henrik.hiblot@orange.com",
    "origine": "airtable",
    "campagne": "TOTEM 2026 passage 1",
    "towerco": "TOTEM",
    "ressources": "SEE ALL",
    "nom_site": "LES_GRANDES_VENTES",
    "adresse": "SH Lieu-dit Le Bourg",
    "departement": "76",
    "scope": "EVT - Environnement Technique + EV - Espaces Verts + SH - Structure Haute + EV - Espaces Verts",
    "etat_wo": "Travaux planifiés",
    "wo": "WO-205659 + WO-228585 + WO-243307",
    "acces_detail": "Digicode:\nBadge:\nBoite à clés: Non\nPortail / Portillon: Electronique - ENTREE PAR LE STADES OK LE 27/07/2021\nDélais de prévenance: 0.0\n\nAccès équipement(s):\nBadge:\nClés: Clé mécanique\nCadenas:\n\nAccès aérien(s):\nDigicode:\nBadge:\nClés: Clé électronique ABLOY\nCadenas:\n\nCommentaire d'accès: 13/04/2026 Na cockpit O+M :\nSite DIG 6, responsable à contacter en cas de soucis d'accès: henrik.hiblot@orange.com",
    "date_planification": "2026-08-31",
    "das_numero": "DAS-N0215627",
    "das_statut": "Acceptée",
    "das_debut": "2026-08-31",
    "das_fin": "2026-09-02",
    "das_provenance": "airtable",
    "das_prevenance": "aucune",
    "calque": "mp-totem-2026-p1",
    "code_fra": "FRA07600332",
    "acces_autonome": "non_autonome",
    "acces_motif": "site DIG Orange, non autonome par prudence",
    "_umap_options": {
     "color": "#F59E0B",
     "iconClass": "Drop"
    }
   }
  },
  {
   "type": "Feature",
   "geometry": {
    "type": "Point",
    "coordinates": [
     1.066453,
     49.445225
    ]
   },
   "properties": {
    "name": "FRA07600375 — ROUEN_GARE_NEW",
    "description": "**Numéro de Work Order** : WO-205938\n**État du WO** : Travaux planifiés\n**Scope de maintenance** : EVT - Environnement Technique + SH - Structure Haute\n**Date de planification** : 2026-09-01\n**Verdict d'autonomie** : non_autonome\n**Motif du verdict** : moyens d'accès à récupérer sur place\n**Numéro de DAS** : DAS-N0215634\n**Statut de la DAS** : Acceptée\n**Début de validité** : 2026-08-31\n**Fin de validité** : 2026-09-02\n**Délai de prévenance** : 2 jours\n**Origine de la DAS** : airtable\n**Déclaration du terrain** : fait\n**Auteur de la déclaration** : Manu\n**Date de la déclaration** : 2026-09-05\n**Campagne d'appartenance** : TOTEM 2026 passage 1\n**Donneur d'ordre de la campagne** : TOTEM\n**Colonne Ressources du périmètre** : SEE ALL\n**Provenance du repère** : airtable\n**Adresse du site** : 38, boulevard Ferdinand de Lesseps\n**Numéro de département** : 76\n**Nom du site** : ROUEN_GARE_NEW\n**Coordonnées** : 49.445225, 1.066453\n[[https://www.google.com/maps?q=49.445225,1.066453|Google Maps 🌍]] · [[https://www.google.com/maps/@?api=1&map_action=pano&viewpoint=49.445225,1.066453|Street View]]\n**Déchèteries pro les plus proches** :\n[[https://www.google.com/maps?q=49.4348,1.10409|Déchèterie Rouen (Rouen, 3.0 km)]] — 0235889258\n[[https://www.google.com/maps?q=49.5236,0.925179|Déchèterie Villers Ecalles (Villers-Écalles, 13.4 km)]] — 0235619139\n[[https://www.google.com/maps?q=49.3182,1.19194|Déchèterie d'Alizay (Alizay, 16.8 km)]] — 0235231926\n[[https://www.google.com/maps/search/d%C3%A9ch%C3%A8terie/@49.445225,1.066453,12z|Toutes les déchèteries autour du site 🗑️]]\n\n**Fiche d'accès**\nDigicode:\nBadge:\nBoite à clés:\nPortail / Portillon:\nDélais de prévenance: 2.0\n\nAccès équipement(s):\n\nAccès aérien(s):\n\nCommentaire d'accès: 25/08/2025 M cockpit O+M:\nPrévenir la responsable des accès FONCIA Mme Muriel BOUCHEZ 2 jours à l'avance à muriel.bouchez@foncia.com\nLes clés sont à récupérer à l'agence.\nContacte Foncia Normandie: 0235078559",
    "origine": "airtable",
    "campagne": "TOTEM 2026 passage 1",
    "towerco": "TOTEM",
    "ressources": "SEE ALL",
    "nom_site": "ROUEN_GARE_NEW",
    "adresse": "38, boulevard Ferdinand de Lesseps",
    "departement": "76",
    "scope": "EVT - Environnement Technique + SH - Structure Haute",
    "etat_wo": "Travaux planifiés",
    "wo": "WO-205938",
    "acces_detail": "Digicode:\nBadge:\nBoite à clés:\nPortail / Portillon:\nDélais de prévenance: 2.0\n\nAccès équipement(s):\n\nAccès aérien(s):\n\nCommentaire d'accès: 25/08/2025 M cockpit O+M:\nPrévenir la responsable des accès FONCIA Mme Muriel BOUCHEZ 2 jours à l'avance à muriel.bouchez@foncia.com\nLes clés sont à récupérer à l'agence.\nContacte Foncia Normandie: 0235078559",
    "date_planification": "2026-09-01",
    "das_numero": "DAS-N0215634",
    "das_statut": "Acceptée",
    "das_debut": "2026-08-31",
    "das_fin": "2026-09-02",
    "das_provenance": "airtable",
    "das_prevenance": "2 jours",
    "etat_terrain": "fait",
    "declare_par": "Manu",
    "declare_le": "2026-09-05",
    "calque": "mp-totem-2026-p1",
    "code_fra": "FRA07600375",
    "acces_autonome": "non_autonome",
    "acces_motif": "moyens d'accès à récupérer sur place",
    "_umap_options": {
     "color": "#15803D",
     "iconClass": "Drop"
    }
   }
  },
  {
   "type": "Feature",
   "geometry": {
    "type": "Point",
    "coordinates": [
     0.2551166,
     49.6588377
    ]
   },
   "properties": {
    "name": "FRA07600376 — CRIQUETOT_L_ESNEVAL_NEW",
    "description": "**Numéro de Work Order** : WO-206012\n**État du WO** : Travaux planifiés\n**Scope de maintenance** : EVT - Environnement Technique + SH - Structure Haute\n**Date de planification** : 2026-10-30\n**Verdict d'autonomie** : autonome\n**Motif du verdict** : la fiche déclare l'accès autonome\n**Numéro de DAS** : DAS-N0211758\n**Statut de la DAS** : Acceptée\n**Début de validité** : 2026-08-25\n**Fin de validité** : 2026-08-26\n**Origine de la DAS** : airtable\n**Campagne d'appartenance** : TOTEM 2026 passage 1\n**Donneur d'ordre de la campagne** : TOTEM\n**Colonne Ressources du périmètre** : SEE ALL\n**Provenance du repère** : airtable\n**Adresse du site** : 330 Route des Catelets\n**Numéro de département** : 76\n**Nom du site** : CRIQUETOT_L_ESNEVAL_NEW\n**Coordonnées** : 49.658838, 0.255117\n[[https://www.google.com/maps?q=49.658838,0.255117|Google Maps 🌍]] · [[https://www.google.com/maps/@?api=1&map_action=pano&viewpoint=49.658838,0.255117|Street View]]\n**Déchèteries pro les plus proches** :\n[[https://www.google.com/maps?q=49.6321,0.259922|Déchèterie Criquetot l'Esneval (Criquetot-l'Esneval, 3.0 km)]] — 0235289868\n[[https://www.google.com/maps?q=49.6413,0.372365|Déchèterie Goderville (Goderville, 8.7 km)]] — 0235103259\n[[https://www.google.com/maps?q=49.7175,0.360011|Déchèterie de Fécamp (Épreville, 10.0 km)]] — 0235292898\n[[https://www.google.com/maps/search/d%C3%A9ch%C3%A8terie/@49.658838,0.255117,12z|Toutes les déchèteries autour du site 🗑️]]\n\n**Fiche d'accès**\nDigicode:\nBadge:\nBoite à clés:\nPortail / Portillon:\nDélais de prévenance:\n\nAccès équipement(s):\n\nAccès aérien(s):\n\nCommentaire d'accès: 10/02/26 D cockpit O+M:\nHAUTOT Nicole: 02 35 27 27 66\nIl est pas nécessaire de prévenir\nAutonome",
    "origine": "airtable",
    "campagne": "TOTEM 2026 passage 1",
    "towerco": "TOTEM",
    "ressources": "SEE ALL",
    "nom_site": "CRIQUETOT_L_ESNEVAL_NEW",
    "adresse": "330 Route des Catelets",
    "departement": "76",
    "scope": "EVT - Environnement Technique + SH - Structure Haute",
    "etat_wo": "Travaux planifiés",
    "wo": "WO-206012",
    "acces_detail": "Digicode:\nBadge:\nBoite à clés:\nPortail / Portillon:\nDélais de prévenance:\n\nAccès équipement(s):\n\nAccès aérien(s):\n\nCommentaire d'accès: 10/02/26 D cockpit O+M:\nHAUTOT Nicole: 02 35 27 27 66\nIl est pas nécessaire de prévenir\nAutonome",
    "date_planification": "2026-10-30",
    "das_numero": "DAS-N0211758",
    "das_statut": "Acceptée",
    "das_debut": "2026-08-25",
    "das_fin": "2026-08-26",
    "das_provenance": "airtable",
    "calque": "mp-totem-2026-p1",
    "code_fra": "FRA07600376",
    "acces_autonome": "autonome",
    "acces_motif": "la fiche déclare l'accès autonome",
    "_umap_options": {
     "color": "#F59E0B",
     "iconClass": "Drop"
    }
   }
  },
  {
   "type": "Feature",
   "geometry": {
    "type": "Point",
    "coordinates": [
     1.384634,
     49.920612
    ]
   },
   "properties": {
    "name": "FRA07600426 — ND_RS_AVESNES_EN_VAL_ORF",
    "description": "**Numéro de Work Order** : WO-206017\n**État du WO** : Travaux planifiés\n**Scope de maintenance** : EVT - Environnement Technique + SH - Structure Haute\n**Date de planification** : 2026-10-30\n**Verdict d'autonomie** : autonome\n**Motif du verdict** : clé électronique ILOQ ou ABLOY\n**Numéro de DAS** : DAS-N0211379\n**Statut de la DAS** : Refusée\n**Début de validité** : 2026-08-17\n**Fin de validité** : 2026-08-17\n**Délai de prévenance** : 7 jours\n**Origine de la DAS** : airtable\n**Déclaration du terrain** : fait\n**Auteur de la déclaration** : Michael\n**Date de la déclaration** : 2026-08-31\n**Campagne d'appartenance** : TOTEM 2026 passage 1\n**Donneur d'ordre de la campagne** : TOTEM\n**Colonne Ressources du périmètre** : SEE ALL\n**Provenance du repère** : airtable\n**Adresse du site** : Hameau Regnetuit\n**Numéro de département** : 76\n**Nom du site** : ND_RS_AVESNES_EN_VAL_ORF\n**Coordonnées** : 49.920612, 1.384634\n[[https://www.google.com/maps?q=49.920612,1.384634|Google Maps 🌍]] · [[https://www.google.com/maps/@?api=1&map_action=pano&viewpoint=49.920612,1.384634|Street View]]\n**Déchèteries pro les plus proches** :\n[[https://www.google.com/maps?q=49.8988,1.25214|Déchèterie Envermeu (Envermeu, 9.8 km)]] — 0235832920\n[[https://www.google.com/maps?q=50.0069,1.32567|Point Av Saint-pierre-en-val et Criel sur Mer (Saint-Pierre-en-Val, 10.5 km)]]\n[[https://www.google.com/maps?q=49.9656,1.22679|Déchèterie Saint Martin en Campagne (Saint-Martin-en-Campagne*, 12.4 km)]] — 0235831757\n[[https://www.google.com/maps/search/d%C3%A9ch%C3%A8terie/@49.920612,1.384634,12z|Toutes les déchèteries autour du site 🗑️]]\n\n**Fiche d'accès**\nDigicode:\nBadge:\nBoite à clés:\nPortail / Portillon:\nDélais de prévenance: 7.0\n\nAccès équipement(s):\n\nAccès aérien(s):\n\nCommentaire d'accès: COCKPIT O+M 12/02/2026 : Jo\nPrévenance obligatoire à faire :\n- M. et Mme THERON\n- Téléphone : 06 72 50 22 00\n- Adresse mail : theronfrancis@neuf.fr\n- Il est obligatoire de prévenir une semaine à l’avance par mail et appel téléphonique simultanément.\n- Les techniciens sont autonomes sur site.\n- Accès Portillon ZT : cadenas iloQ S/N 19182617",
    "origine": "airtable",
    "campagne": "TOTEM 2026 passage 1",
    "towerco": "TOTEM",
    "ressources": "SEE ALL",
    "nom_site": "ND_RS_AVESNES_EN_VAL_ORF",
    "adresse": "Hameau Regnetuit",
    "departement": "76",
    "scope": "EVT - Environnement Technique + SH - Structure Haute",
    "etat_wo": "Travaux planifiés",
    "wo": "WO-206017",
    "acces_detail": "Digicode:\nBadge:\nBoite à clés:\nPortail / Portillon:\nDélais de prévenance: 7.0\n\nAccès équipement(s):\n\nAccès aérien(s):\n\nCommentaire d'accès: COCKPIT O+M 12/02/2026 : Jo\nPrévenance obligatoire à faire :\n- M. et Mme THERON\n- Téléphone : 06 72 50 22 00\n- Adresse mail : theronfrancis@neuf.fr\n- Il est obligatoire de prévenir une semaine à l’avance par mail et appel téléphonique simultanément.\n- Les techniciens sont autonomes sur site.\n- Accès Portillon ZT : cadenas iloQ S/N 19182617",
    "date_planification": "2026-10-30",
    "das_numero": "DAS-N0211379",
    "das_statut": "Refusée",
    "das_debut": "2026-08-17",
    "das_fin": "2026-08-17",
    "das_provenance": "airtable",
    "das_prevenance": "7 jours",
    "etat_terrain": "fait",
    "declare_par": "Michael",
    "declare_le": "2026-08-31",
    "calque": "mp-totem-2026-p1",
    "code_fra": "FRA07600426",
    "acces_autonome": "autonome",
    "acces_motif": "clé électronique ILOQ ou ABLOY",
    "_umap_options": {
     "color": "#15803D",
     "iconClass": "Drop"
    }
   }
  },
  {
   "type": "Feature",
   "geometry": {
    "type": "Point",
    "coordinates": [
     0.486049,
     49.579407
    ]
   },
   "properties": {
    "name": "FRA07600430 — BOLBEC_LE_MONT_NEW",
    "description": "**Numéro de Work Order** : WO-206018\n**État du WO** : Travaux planifiés\n**Scope de maintenance** : EVT - Environnement Technique + SH - Structure Haute\n**Date de planification** : 2026-10-30\n**Verdict d'autonomie** : a_confirmer\n**Motif du verdict** : le bailleur n'a pas encore donné les modalités\n**Numéro de DAS** : DAS-N0215645\n**Statut de la DAS** : Acceptée\n**Début de validité** : 2026-09-01\n**Fin de validité** : 2026-09-03\n**Délai de prévenance** : 5 jours\n**Origine de la DAS** : airtable\n**Campagne d'appartenance** : TOTEM 2026 passage 1\n**Donneur d'ordre de la campagne** : TOTEM\n**Colonne Ressources du périmètre** : SEE ALL\n**Provenance du repère** : airtable\n**Adresse du site** : 38 A Rue du Réservoir\n**Numéro de département** : 76\n**Nom du site** : BOLBEC_LE_MONT_NEW\n**Coordonnées** : 49.579407, 0.486049\n[[https://www.google.com/maps?q=49.579407,0.486049|Google Maps 🌍]] · [[https://www.google.com/maps/@?api=1&map_action=pano&viewpoint=49.579407,0.486049|Street View]]\n**Déchèteries pro les plus proches** :\n[[https://www.google.com/maps?q=49.5879,0.484063|Decheterie Bolbec (BOLBEC, 1.0 km)]] — 0232840497\n[[https://www.google.com/maps?q=49.5102,0.535645|Déchèterie de Lillebonne (Lillebonne, 8.5 km)]] — 0235310794\n[[https://www.google.com/maps?q=49.5335,0.36589|Déchèterie de Saint Romain de Colbosc (Saint-Romain-de-Colbosc, 10.1 km)]] — 0235309513\n[[https://www.google.com/maps/search/d%C3%A9ch%C3%A8terie/@49.579407,0.486049,12z|Toutes les déchèteries autour du site 🗑️]]\n\n**Fiche d'accès**\nDigicode:\nBadge:\nBoite à clés:\nPortail / Portillon:\nDélais de prévenance: 5.0\n\nAccès équipement(s):\n\nAccès aérien(s):\n\nCommentaire d'accès: 25/02/2026 Na cockpit O+M :\nService technique: 0232845151\n\nPour toute intervention, merci d'envoyer un mail à services.techniques@bolbec.fr\n\nDélai de prévenance: 5 jours ouvrés à l'avance\n\nAccès : toutes les informations relatives à l’accès seront indiquées dans leur message. Veillez à les demander dans le courriel de prévenance.",
    "origine": "airtable",
    "campagne": "TOTEM 2026 passage 1",
    "towerco": "TOTEM",
    "ressources": "SEE ALL",
    "nom_site": "BOLBEC_LE_MONT_NEW",
    "adresse": "38 A Rue du Réservoir",
    "departement": "76",
    "scope": "EVT - Environnement Technique + SH - Structure Haute",
    "etat_wo": "Travaux planifiés",
    "wo": "WO-206018",
    "acces_detail": "Digicode:\nBadge:\nBoite à clés:\nPortail / Portillon:\nDélais de prévenance: 5.0\n\nAccès équipement(s):\n\nAccès aérien(s):\n\nCommentaire d'accès: 25/02/2026 Na cockpit O+M :\nService technique: 0232845151\n\nPour toute intervention, merci d'envoyer un mail à services.techniques@bolbec.fr\n\nDélai de prévenance: 5 jours ouvrés à l'avance\n\nAccès : toutes les informations relatives à l’accès seront indiquées dans leur message. Veillez à les demander dans le courriel de prévenance.",
    "date_planification": "2026-10-30",
    "das_numero": "DAS-N0215645",
    "das_statut": "Acceptée",
    "das_debut": "2026-09-01",
    "das_fin": "2026-09-03",
    "das_provenance": "airtable",
    "das_prevenance": "5 jours",
    "calque": "mp-totem-2026-p1",
    "code_fra": "FRA07600430",
    "acces_autonome": "a_confirmer",
    "acces_motif": "le bailleur n'a pas encore donné les modalités",
    "_umap_options": {
     "color": "#F59E0B",
     "iconClass": "Drop"
    }
   }
  }
 ],
 "_umap_options": {
  "name": "TOTEM 2026 passage 1",
  "displayOnLoad": true,
  "browsable": true,
  "popupTemplate": "Default"
 }
}
